tide_level_m,rainfall_rate_mm_h,rainfall_accum_6h_mm,elevation_m,dist_to_coast_km,dist_to_river_km,drainage_capacity_pct,soil_saturation_idx,cyclone_wind_kmh,is_flooded,flood_depth_m,onset_time_min,peak_time_min
1.87,36.6,142.2,2.85,6.4,4.58,86.0,0.75,11.1,0,0.0,358,720
4.29,6.6,31.3,1.69,4.62,4.75,82.2,0.53,102.9,0,0.0,360,720
3.37,72.1,171.8,0.43,9.65,0.04,32.7,0.42,137.9,1,0.22,101,262
2.81,33.2,144.8,5.82,2.23,1.6,34.7,0.69,59.7,0,0.0,360,720
0.96,6.0,60.1,8.94,5.9,4.19,88.6,0.79,54.0,0,0.0,360,720
0.96,114.8,400.0,1.54,7.02,2.69,32.7,0.4,97.6,0,0.0,360,720
0.54,25.6,80.7,2.39,8.26,4.04,86.5,0.44,56.0,0,0.0,358,720
3.94,2.6,55.8,1.62,4.1,4.27,63.7,0.71,66.3,0,0.0,360,720
2.82,34.5,116.3,1.15,6.88,2.22,18.8,0.97,48.2,0,0.0,360,720
3.27,10.2,47.3,0.48,3.07,1.81,40.2,0.37,58.3,1,0.21,46,152
0.39,57.0,244.5,1.64,4.38,2.29,50.7,0.72,105.1,0,0.0,354,720
4.37,59.6,184.0,4.05,8.96,3.27,77.5,0.93,139.1,0,0.0,360,720
3.8,135.1,400.0,0.34,9.5,1.85,39.6,0.57,91.6,1,0.37,93,407
1.19,24.4,121.4,2.22,7.2,3.88,38.3,0.45,11.4,0,0.0,356,720
1.06,21.2,52.6,4.98,3.77,4.52,84.0,0.73,46.9,0,0.0,352,720
1.07,49.0,187.7,0.84,8.21,1.43,20.9,0.23,143.3,0,0.0,360,720
1.58,5.0,34.6,0.75,0.31,4.83,56.4,0.49,137.4,1,0.55,90,157
2.5,27.7,139.4,3.56,1.07,3.12,52.8,0.41,26.2,0,0.0,358,720
2.11,27.7,69.1,0.95,6.63,4.39,19.3,0.38,137.2,0,0.0,360,720
1.52,3.3,8.6,0.77,2.95,0.54,21.6,0.34,145.0,0,0.0,360,720
2.87,18.9,69.7,1.34,9.52,1.27,43.6,0.79,55.4,0,0.0,360,720
0.89,67.2,203.4,1.4,4.39,1.62,25.1,0.96,108.1,0,0.0,357,720
1.53,67.9,271.0,4.86,4.32,1.53,50.9,0.51,88.4,0,0.0,358,720
1.84,3.7,61.5,2.42,6.8,0.88,60.7,0.24,57.2,0,0.0,355,720
2.22,3.3,42.9,1.45,7.69,4.34,66.9,0.78,31.5,0,0.0,359,720
3.6,10.7,61.8,1.98,4.78,2.1,56.0,0.63,61.4,0,0.0,356,720
1.14,72.7,257.0,7.07,2.18,4.82,43.5,0.78,139.9,0,0.0,355,720
2.46,4.8,52.1,0.56,7.74,2.93,24.7,0.72,123.6,0,0.0,360,720
2.79,44.6,154.9,0.81,3.24,0.71,33.6,0.92,56.3,0,0.03,360,720
0.5,3.7,43.8,7.53,1.79,2.74,46.5,0.31,86.7,0,0.0,356,720
2.85,34.2,116.1,7.24,6.33,4.97,84.3,0.34,66.8,0,0.0,360,720
1.02,15.4,66.4,0.73,0.95,2.83,30.2,0.47,75.3,0,0.0,360,720
0.57,54.4,211.5,0.64,9.71,0.03,46.0,0.59,116.6,0,0.0,358,720
4.29,9.3,38.3,1.5,6.34,4.67,69.9,0.94,86.0,0,0.0,360,720
4.36,35.7,166.0,0.41,9.86,1.19,67.9,0.93,35.3,0,0.0,360,720
3.7,9.4,73.4,2.64,3.42,3.45,87.4,0.9,47.7,0,0.0,360,720
1.58,43.8,112.9,0.48,9.71,2.59,29.3,0.38,89.5,0,0.0,360,720
0.71,72.4,285.4,0.43,1.5,1.64,16.2,0.78,107.0,1,0.46,38,203
3.17,4.7,50.1,1.76,0.45,1.43,39.2,0.51,81.1,0,0.06,355,720
2.15,70.5,172.4,7.26,0.38,4.65,26.2,0.94,96.8,0,0.0,357,720
0.81,31.5,119.8,1.52,4.68,4.56,56.1,0.37,120.5,0,0.0,360,720
2.38,4.8,55.1,1.27,0.88,2.58,82.4,0.31,86.4,0,0.0,360,720
0.44,19.5,89.6,13.93,5.15,1.31,66.6,0.87,146.8,0,0.0,358,720
4.12,6.1,18.7,1.97,3.31,0.53,25.2,0.77,43.0,0,0.0,353,720
1.39,42.2,176.0,1.33,3.39,0.8,23.7,0.86,138.8,0,0.0,360,720
3.08,49.8,119.3,1.37,6.37,2.62,83.4,0.33,44.7,0,0.0,360,720
1.61,3.9,51.9,0.78,1.67,1.55,51.6,0.91,84.4,0,0.0,354,720
2.48,24.7,99.8,1.88,7.68,0.23,84.3,0.74,73.8,0,0.0,354,720
2.6,59.0,199.7,1.57,5.84,2.29,70.2,0.72,62.2,0,0.0,360,720
1.08,96.3,226.6,0.99,9.15,3.74,89.5,0.67,144.8,0,0.0,357,720
4.37,25.2,61.3,0.68,3.68,4.46,80.3,0.81,48.1,0,0.09,358,720
3.56,105.0,277.7,1.12,9.83,2.93,46.1,0.53,104.5,0,0.0,357,720
4.25,26.9,121.6,1.86,5.78,3.62,71.9,0.31,122.6,0,0.0,360,720
4.06,17.5,92.3,0.43,9.74,1.83,50.3,0.63,37.6,0,0.0,353,720
2.81,66.0,219.3,0.67,0.32,2.49,32.5,0.8,146.2,1,1.66,26,206
4.17,23.8,96.9,6.79,7.29,3.65,33.1,0.32,86.5,0,0.0,353,720
0.67,22.3,119.6,2.02,8.18,3.64,44.8,0.38,138.0,0,0.0,353,720
1.12,23.6,80.4,0.44,0.58,2.13,23.4,0.76,102.9,1,0.5,38,119
0.49,65.7,137.9,2.9,5.81,2.73,28.3,0.42,100.9,0,0.0,353,720
1.67,62.4,196.8,0.44,8.03,4.62,52.5,0.34,58.4,0,0.0,360,720
1.93,18.1,70.9,3.25,5.63,3.17,86.5,0.91,117.9,0,0.0,360,720
1.44,14.2,91.8,3.35,0.68,3.22,58.3,0.33,14.2,0,0.0,359,720
3.78,23.7,110.6,2.62,6.95,3.93,45.6,0.48,87.8,0,0.0,357,720
1.8,29.8,138.8,3.2,0.65,0.59,33.2,0.54,14.5,0,0.0,360,720
1.48,9.5,63.9,0.5,8.18,2.62,29.7,0.58,53.0,0,0.0,360,720
2.58,55.3,175.0,3.15,0.48,4.8,64.4,0.49,23.5,0,0.0,354,720
0.89,23.3,62.9,0.62,1.42,1.82,78.6,0.93,137.6,0,0.05,360,720
3.67,14.2,86.7,1.21,2.79,1.49,44.9,0.73,98.0,0,0.0,360,720
0.61,4.0,46.3,6.59,6.35,3.01,56.3,0.49,103.6,0,0.0,360,720
4.44,9.6,66.5,1.84,9.76,1.12,68.0,0.49,129.2,0,0.0,360,720
3.54,104.4,309.4,7.83,1.22,2.79,19.4,0.6,112.6,0,0.0,356,720
1.13,12.7,78.2,0.5,1.47,0.8,41.3,0.23,27.4,0,0.0,360,720
0.32,6.5,55.4,1.73,3.72,2.91,69.7,0.94,96.5,0,0.0,360,720
3.72,21.6,123.5,0.44,8.37,3.02,66.3,0.38,146.9,0,0.0,360,720
3.27,12.8,34.4,2.49,4.7,2.1,19.0,0.76,40.0,0,0.0,360,720
3.36,1.3,46.7,0.48,3.25,1.93,32.8,0.82,96.8,1,0.25,54,146
3.54,13.7,56.8,0.72,5.63,1.24,66.0,0.86,88.9,0,0.0,351,720
0.61,27.5,94.9,0.96,2.64,1.67,35.4,0.33,64.8,0,0.0,360,720
1.81,28.1,46.5,3.34,4.04,2.5,76.1,0.63,143.6,0,0.0,360,720
0.79,15.4,84.2,0.69,3.36,1.25,17.2,0.27,59.9,0,0.0,360,720
3.93,20.8,75.3,4.42,8.05,3.92,29.3,0.84,23.1,0,0.0,360,720
2.92,117.9,369.8,0.61,9.25,3.55,36.1,0.59,144.8,0,0.03,360,720
1.69,16.6,60.9,0.38,7.61,1.36,84.4,0.33,112.1,0,0.0,360,720
0.57,10.5,66.3,1.41,4.42,0.51,74.7,0.77,57.9,0,0.0,360,720
1.61,9.8,57.6,8.85,5.07,0.02,81.3,0.46,49.3,0,0.0,357,720
1.67,21.4,68.9,0.56,1.29,2.99,48.0,0.29,139.9,1,0.4,59,142
3.36,49.9,166.2,0.54,7.48,1.07,76.7,0.57,48.3,0,0.0,357,720
2.98,8.1,34.6,3.36,5.98,0.08,79.0,0.39,85.2,0,0.0,360,720
4.03,43.2,144.4,1.12,9.03,1.81,45.0,0.96,40.1,0,0.0,358,720
2.28,0.7,7.6,3.08,2.05,4.81,89.6,0.49,149.3,0,0.0,360,720
0.8,19.0,89.0,0.79,7.61,3.46,78.8,0.66,117.7,0,0.0,360,720
3.3,52.3,136.6,1.66,6.86,4.29,88.1,0.96,89.5,0,0.0,360,720
3.5,14.5,32.7,0.98,2.7,0.74,80.0,0.51,114.4,1,0.21,80,174
2.66,29.0,117.9,1.62,6.69,0.38,73.2,0.49,138.3,0,0.0,358,720
3.54,8.0,50.8,3.52,9.25,0.08,85.8,0.33,144.8,0,0.0,360,720
2.37,47.4,118.1,3.46,9.19,4.78,46.5,0.95,120.0,0,0.0,358,720
2.5,1.9,5.4,1.9,7.21,1.52,73.8,0.84,128.9,0,0.0,352,720
2.1,67.0,282.6,6.1,0.53,2.31,31.0,0.38,65.7,0,0.0,360,720
0.41,7.7,38.6,0.97,8.73,1.98,70.0,0.47,64.9,0,0.0,360,720
0.75,72.6,219.9,0.9,6.59,3.66,73.9,0.93,123.2,0,0.0,360,720
0.43,15.2,40.9,2.39,3.14,1.56,68.7,0.63,116.3,0,0.0,360,720
2.97,44.9,123.4,2.44,1.91,2.69,78.7,0.65,136.1,0,0.0,354,720
1.62,13.5,57.4,0.4,1.21,4.98,46.0,0.72,28.6,1,0.29,40,105
2.44,82.7,277.9,2.36,0.55,2.23,55.9,0.81,106.7,0,0.0,360,720
4.11,4.7,29.4,1.33,7.55,2.77,15.8,0.95,100.7,0,0.0,360,720
1.35,6.9,54.9,3.33,2.4,2.52,26.0,0.84,121.8,0,0.0,360,720
2.02,23.8,82.8,3.93,0.29,4.02,63.3,0.95,13.4,0,0.0,353,720
3.47,3.0,22.2,2.07,4.0,1.35,57.2,0.86,125.7,0,0.0,360,720
1.26,7.6,39.8,0.3,4.85,0.87,29.8,0.24,55.7,0,0.0,360,720
0.62,100.7,202.2,2.53,1.73,3.78,33.3,0.29,106.2,0,0.0,357,720
1.52,131.3,255.7,3.34,0.49,2.09,40.8,0.91,96.3,0,0.0,360,720
0.98,16.5,56.5,0.93,1.93,4.57,68.7,0.22,71.6,0,0.0,353,720
4.2,89.9,192.4,1.67,6.81,3.23,60.7,0.84,114.4,0,0.0,358,720
3.69,27.5,119.3,7.72,0.87,2.83,20.2,0.88,144.6,0,0.0,360,720
2.96,11.0,54.1,1.08,5.57,0.37,72.0,0.53,55.3,0,0.0,360,720
3.96,42.4,75.9,0.86,1.51,3.66,34.7,0.48,114.8,1,0.77,36,170
3.68,37.6,118.6,0.82,2.0,3.44,65.4,0.36,54.0,1,0.33,48,189
1.08,158.2,400.0,2.1,3.96,3.21,24.3,0.24,128.4,0,0.0,360,720
4.05,10.8,71.9,6.88,1.05,1.35,89.8,0.8,71.2,0,0.0,360,720
2.57,39.0,167.5,2.36,1.77,4.73,21.0,0.26,72.9,0,0.0,360,720
3.69,1.9,47.9,1.1,3.52,1.62,70.6,0.96,118.1,0,0.0,360,720
4.06,4.2,59.4,2.54,3.33,0.78,55.6,0.44,79.5,0,0.0,360,720
1.64,0.1,38.6,2.46,7.51,4.94,21.4,0.84,47.3,0,0.0,359,720
0.76,180.0,400.0,2.3,0.79,3.74,17.0,0.25,149.4,0,0.0,360,720
1.26,56.7,146.1,0.68,8.61,2.09,42.2,0.63,96.8,0,0.0,360,720
2.09,54.1,205.0,2.51,8.17,4.68,75.2,0.48,100.3,0,0.0,359,720
3.74,24.9,87.2,1.54,7.67,0.47,18.1,0.22,100.5,0,0.0,359,720
3.92,12.5,96.9,0.34,3.13,0.46,67.8,0.72,133.7,1,0.99,52,187
0.33,5.7,40.8,2.01,8.24,3.42,64.2,0.95,35.7,0,0.0,360,720
2.45,11.7,66.3,10.28,1.87,0.91,34.9,0.21,18.3,0,0.0,358,720
2.05,16.5,72.8,1.25,1.29,4.59,20.8,0.42,64.1,0,0.0,353,720
1.23,49.4,126.7,7.71,0.5,4.2,83.6,0.76,89.1,0,0.0,351,720
0.8,27.2,78.4,0.52,9.4,1.55,37.5,0.9,50.0,0,0.0,360,720
1.72,2.8,30.2,3.2,3.11,4.45,23.4,0.35,106.5,0,0.0,354,720
4.26,0.6,19.5,0.57,9.18,0.23,66.1,0.26,20.3,1,0.2,123,244
1.66,3.8,46.1,1.0,2.76,2.75,31.3,0.21,120.7,0,0.0,351,720
2.48,18.5,103.9,2.16,9.08,4.68,50.7,0.37,110.5,0,0.0,360,720
3.25,94.7,318.6,2.28,9.04,4.28,18.8,0.26,40.0,0,0.0,358,720
1.83,35.5,73.0,3.58,9.24,1.79,89.5,0.49,51.8,0,0.0,356,720
4.38,56.7,240.8,2.4,4.99,0.93,48.6,0.55,123.0,0,0.0,357,720
4.34,22.0,80.5,2.28,8.67,1.07,89.9,0.58,118.3,0,0.0,356,720
1.36,15.7,73.8,5.66,9.51,2.58,43.9,0.31,123.9,0,0.0,360,720
2.39,4.0,48.6,1.62,3.28,2.99,41.1,0.57,55.1,0,0.0,360,720
1.56,73.0,154.2,0.86,4.22,0.18,83.6,0.21,145.7,0,0.0,360,720
1.5,53.5,141.2,0.69,7.21,2.08,39.7,0.39,110.1,0,0.0,354,720
0.45,6.4,38.0,1.42,3.04,4.16,47.4,0.5,19.1,0,0.0,360,720
2.86,25.1,75.4,3.04,7.55,2.23,20.9,0.29,76.9,0,0.0,356,720
2.41,23.4,52.2,0.4,0.79,0.86,86.7,0.85,103.0,1,1.04,17,97
0.52,34.3,93.2,0.6,5.26,4.78,21.4,0.36,33.6,0,0.0,357,720
1.47,102.3,245.6,0.55,1.27,1.35,72.8,0.8,136.2,1,0.74,32,183
4.11,30.3,112.2,2.24,2.97,4.0,55.4,0.58,115.6,0,0.0,358,720
1.31,27.2,116.1,0.91,2.62,0.99,19.6,0.58,21.4,0,0.0,359,720
0.91,1.8,24.9,0.7,8.4,2.13,15.1,0.72,137.8,0,0.0,360,720
2.36,2.3,15.3,2.28,1.98,2.46,85.2,0.24,66.6,0,0.0,360,720
4.44,7.3,36.8,3.45,8.09,2.51,70.7,0.26,73.3,0,0.0,360,720
1.32,1.2,24.1,1.19,7.95,2.59,66.5,0.46,119.6,0,0.0,349,720
3.12,47.6,108.6,2.2,5.01,1.14,47.9,0.53,100.2,0,0.0,356,720
3.5,45.0,76.1,0.53,2.38,2.59,32.9,0.54,71.3,1,0.48,47,180
1.3,5.1,28.1,6.32,2.31,2.42,66.0,0.74,46.3,0,0.0,360,720
3.36,63.3,156.3,1.2,4.68,1.06,60.6,0.2,82.4,0,0.0,360,720
1.84,5.9,47.5,13.49,0.14,4.94,69.5,0.97,91.1,0,0.0,357,720
2.96,12.5,73.5,8.76,5.34,4.33,42.4,0.34,98.3,0,0.0,360,720
2.96,10.0,68.2,3.62,9.53,4.44,89.0,0.4,94.7,0,0.0,360,720
2.55,16.3,72.3,0.34,1.59,3.43,20.0,0.92,96.4,1,0.75,27,148
0.68,10.3,57.7,2.03,5.75,0.82,21.0,0.2,76.6,0,0.0,360,720
3.81,23.5,90.4,0.5,9.62,2.85,83.8,0.99,88.7,0,0.0,357,720
1.65,18.3,112.9,5.26,8.61,4.11,63.6,0.23,50.4,0,0.0,360,720
1.08,150.9,400.0,3.73,8.51,0.21,39.5,0.3,32.2,0,0.0,360,720
0.47,2.0,15.7,8.19,8.23,2.49,72.1,0.39,95.0,0,0.0,360,720
2.78,5.4,27.2,2.36,3.12,1.99,49.0,0.55,16.6,0,0.0,360,720
3.15,1.9,39.1,1.92,8.91,1.08,16.6,0.61,19.1,0,0.0,355,720
0.37,34.4,167.4,1.91,9.42,1.9,63.8,0.28,44.6,0,0.0,348,720
2.45,2.0,12.1,1.37,4.98,4.92,33.2,0.26,37.2,0,0.0,355,720
1.25,63.4,243.2,1.69,3.58,3.62,23.7,0.23,62.4,0,0.0,360,720
3.01,25.1,120.1,2.52,4.17,1.51,31.9,0.41,62.0,0,0.0,360,720
1.03,26.2,126.1,6.25,3.38,3.03,50.7,0.94,26.4,0,0.0,357,720
3.2,28.9,59.6,2.29,2.16,1.25,18.7,0.51,44.5,0,0.0,358,720
1.92,6.6,37.8,4.58,6.2,3.06,81.2,0.81,10.6,0,0.0,360,720
4.23,7.7,53.2,4.67,5.65,4.48,57.0,0.35,59.1,0,0.0,360,720
0.88,13.4,39.9,1.91,4.65,2.79,37.0,0.25,121.5,0,0.0,360,720
1.73,31.5,111.3,1.24,1.0,3.67,66.5,0.64,47.3,0,0.0,357,720
0.78,8.3,34.7,2.55,7.98,2.28,75.3,0.86,100.1,0,0.0,356,720
4.18,4.3,13.9,1.6,1.79,2.63,61.0,0.92,23.8,0,0.0,360,720
3.98,122.9,311.6,0.49,1.19,3.48,30.2,0.64,11.7,1,1.67,30,286
1.38,0.8,15.6,1.34,6.25,4.07,23.3,0.44,79.8,0,0.0,357,720
3.07,56.8,184.2,11.58,4.02,3.3,79.5,0.29,74.6,0,0.0,360,720
3.73,54.3,172.5,0.41,0.65,4.89,32.6,0.73,36.8,1,1.74,30,216
2.63,12.3,73.7,2.92,3.59,4.1,16.5,0.42,50.1,0,0.0,360,720
2.52,5.1,21.9,4.35,7.73,3.89,63.2,0.88,14.3,0,0.0,356,720
1.32,5.5,59.5,2.6,6.17,4.23,26.5,0.68,121.7,0,0.0,360,720
0.69,41.8,138.3,2.16,3.66,1.42,89.3,0.89,52.2,0,0.0,351,720
4.07,36.0,106.9,3.0,1.96,2.17,80.2,0.65,40.7,0,0.0,355,720
4.08,53.4,207.1,1.53,6.34,2.83,60.6,0.82,122.7,0,0.0,360,720
2.96,97.0,289.0,0.51,8.88,2.32,77.5,0.44,15.5,0,0.0,360,720
1.72,41.2,120.0,7.52,6.48,4.24,50.3,0.6,49.8,0,0.0,357,720
1.77,5.9,43.1,1.55,8.14,0.15,74.1,0.22,46.8,0,0.0,346,720
3.35,9.8,71.2,2.71,5.24,1.06,63.5,0.69,46.8,0,0.0,360,720
4.07,64.6,158.8,1.97,7.19,4.41,17.1,0.63,11.6,0,0.0,360,720
4.03,8.2,51.4,0.42,8.97,0.31,86.2,0.8,140.9,1,0.3,113,247
3.58,2.6,30.5,7.01,7.74,1.15,79.6,0.78,131.0,0,0.0,359,720
3.0,42.5,139.2,3.76,9.1,1.77,86.5,0.7,68.0,0,0.0,359,720
0.65,18.0,91.0,0.66,4.34,3.76,69.9,0.25,72.4,0,0.0,360,720
0.98,88.4,208.7,9.1,9.05,2.81,45.9,0.92,83.4,0,0.0,360,720
4.07,36.8,160.6,3.24,6.23,4.77,30.5,0.21,77.0,0,0.0,360,720
2.85,3.3,7.7,1.71,8.71,1.15,28.5,0.84,119.1,0,0.0,348,720
0.34,103.4,174.1,2.38,0.44,4.36,25.9,0.58,78.4,0,0.0,360,720
0.73,10.5,65.9,0.55,6.6,1.43,31.5,0.85,36.4,0,0.0,358,720
3.09,14.4,76.9,2.11,8.49,1.24,56.3,0.57,26.4,0,0.0,354,720
0.32,18.0,69.1,0.47,1.78,2.5,66.3,0.72,138.6,0,0.0,358,720
0.98,1.8,43.1,2.03,6.63,0.37,38.6,0.49,16.8,0,0.0,360,720
2.6,24.0,84.2,2.07,8.26,1.93,56.2,0.79,135.7,0,0.0,357,720
3.21,4.6,21.5,4.86,2.92,1.79,40.6,0.4,106.7,0,0.0,357,720
3.04,17.9,70.5,3.14,4.08,0.82,67.2,0.78,66.7,0,0.0,358,720
1.24,15.1,85.5,0.93,5.72,4.31,89.1,0.35,36.2,0,0.0,360,720
3.29,51.9,188.0,5.12,5.22,1.94,66.7,0.78,53.5,0,0.0,356,720
1.3,56.9,159.6,2.17,0.44,4.91,19.4,0.43,84.2,0,0.0,360,720
1.67,5.8,46.0,2.35,1.03,4.5,50.8,0.42,102.0,0,0.0,353,720
3.44,16.0,51.7,0.71,1.05,0.99,72.8,0.85,106.8,1,1.18,54,168
3.03,16.4,33.3,4.59,2.66,2.54,55.7,0.85,72.6,0,0.0,360,720
3.87,5.7,48.0,6.18,2.5,3.02,86.3,0.75,62.4,0,0.0,359,720
3.06,56.1,112.2,3.58,7.44,4.1,19.1,0.94,117.6,0,0.0,360,720
2.69,43.0,105.3,6.52,5.75,4.43,36.8,0.32,139.6,0,0.0,354,720
0.69,7.4,56.0,1.09,7.65,3.13,31.6,0.42,138.0,0,0.0,360,720
1.84,16.0,84.5,4.64,0.75,0.19,72.6,0.44,87.2,0,0.0,360,720
1.41,3.9,21.5,1.78,4.88,2.42,54.3,0.44,21.1,0,0.0,360,720
1.32,34.6,114.9,0.69,3.27,4.43,25.4,0.46,20.3,0,0.0,360,720
4.39,4.5,47.0,2.73,8.51,3.58,36.4,0.76,66.4,0,0.0,360,720
1.95,149.2,290.8,2.84,7.09,4.35,54.2,0.42,112.6,0,0.0,359,720
4.05,53.1,186.1,1.04,8.7,3.38,89.7,0.43,79.6,0,0.0,357,720
2.95,17.3,48.2,0.36,0.51,0.24,42.3,0.66,97.8,1,1.76,27,115
3.64,30.2,97.8,0.79,7.22,4.84,26.8,0.35,128.1,0,0.0,356,720
2.41,84.8,347.3,1.42,5.42,4.59,52.3,0.49,15.6,0,0.0,360,720
2.72,28.3,86.7,0.7,8.26,0.65,38.3,0.25,139.3,0,0.0,360,720
2.37,6.7,29.3,0.77,5.1,0.58,57.4,0.96,56.3,0,0.0,360,720
1.12,16.7,48.3,1.39,5.43,2.7,50.0,0.45,16.6,0,0.0,360,720
3.33,64.8,277.5,7.48,0.57,3.79,66.7,0.88,127.0,0,0.0,351,720
1.48,36.2,133.4,3.48,6.7,1.92,83.6,0.62,140.8,0,0.0,357,720
0.4,36.8,139.6,1.15,2.77,0.7,30.0,0.38,117.6,0,0.0,357,720
3.01,70.6,167.4,6.96,0.25,2.56,76.6,0.35,122.6,0,0.0,356,720
1.04,78.5,312.8,2.58,0.71,1.7,86.2,0.76,132.0,0,0.0,360,720
4.25,88.3,183.0,1.64,9.57,1.77,43.0,0.97,83.1,0,0.0,349,720
4.31,3.5,23.6,1.69,3.49,3.23,23.5,0.35,105.3,0,0.0,360,720
4.14,27.5,96.4,1.46,8.69,4.43,76.6,0.29,50.1,0,0.0,360,720
1.85,47.2,176.4,0.88,9.6,2.8,67.6,0.51,45.0,0,0.0,360,720
0.36,49.5,99.1,1.38,9.44,3.44,31.0,0.52,95.3,0,0.0,360,720
4.2,32.7,90.5,1.95,8.82,3.31,48.4,0.85,112.8,0,0.0,360,720
2.1,6.4,15.0,1.95,8.95,2.76,58.3,0.58,65.6,0,0.0,360,720
4.36,55.9,125.3,3.46,2.93,1.57,27.7,0.25,66.0,0,0.0,360,720
4.35,44.6,94.3,1.28,1.56,1.9,68.6,0.94,143.6,1,0.53,53,198
3.88,3.2,22.3,3.08,6.41,1.59,66.7,0.5,82.6,0,0.0,360,720
1.54,21.8,74.8,2.2,4.91,4.59,81.5,0.73,148.1,0,0.0,356,720
1.92,6.7,25.4,7.49,1.03,4.14,57.5,0.73,130.8,0,0.0,360,720
3.87,14.4,80.9,1.37,6.79,2.91,58.1,0.25,99.6,0,0.0,359,720
1.63,0.6,24.9,5.39,5.65,4.56,61.5,0.2,11.3,0,0.0,360,720
1.01,17.9,101.2,4.08,8.64,4.43,35.5,0.27,51.4,0,0.0,356,720
2.64,27.9,85.1,2.53,6.11,4.64,71.9,0.97,68.5,0,0.0,360,720
4.23,33.8,82.4,2.64,5.76,1.12,64.7,0.84,101.4,0,0.0,360,720
3.22,38.1,121.7,0.49,4.44,3.59,77.9,0.31,65.4,0,0.0,360,720
2.69,63.3,211.0,6.9,4.65,3.05,72.6,0.69,125.9,0,0.0,360,720
0.71,8.5,44.1,0.55,9.55,3.67,62.9,0.69,102.8,0,0.0,360,720
2.88,4.5,37.3,2.12,1.43,1.33,27.1,0.2,58.6,0,0.0,358,720
4.46,66.8,178.3,1.18,4.49,3.48,83.9,0.54,119.8,0,0.0,360,720
0.89,6.0,23.4,1.54,6.58,2.06,42.5,0.77,52.4,0,0.0,360,720
2.48,128.8,269.7,2.37,4.36,4.17,87.3,0.35,18.8,0,0.0,358,720
3.98,64.7,240.1,5.57,2.87,3.98,45.1,0.88,34.2,0,0.0,358,720
3.41,24.3,96.7,1.65,2.91,1.07,25.9,0.73,10.4,0,0.0,356,720
3.23,139.5,254.8,9.98,2.37,0.94,81.4,0.21,126.5,0,0.0,360,720
3.25,3.6,34.1,2.28,3.47,3.59,74.6,0.88,97.8,0,0.0,357,720
1.81,12.6,41.2,0.69,8.72,2.76,74.0,0.22,89.9,0,0.0,360,720
1.53,35.6,95.3,0.76,5.08,2.79,21.7,0.91,102.7,0,0.0,356,720
3.7,15.1,62.4,3.07,2.44,3.77,80.9,0.47,101.5,0,0.0,359,720
3.7,92.3,175.6,0.41,3.88,4.28,59.7,0.76,89.2,1,0.4,44,238
3.94,2.4,40.1,1.74,1.1,1.21,50.3,0.83,127.9,0,0.12,360,720
4.14,27.9,126.3,0.65,9.05,2.79,83.5,0.43,71.7,0,0.0,360,720
2.45,31.3,104.9,1.55,4.11,4.15,65.0,0.49,122.7,0,0.0,360,720
2.41,37.0,122.4,3.35,9.8,4.37,25.0,0.61,120.1,0,0.0,360,720
3.65,10.3,40.6,1.65,3.51,1.45,54.0,0.67,37.9,0,0.0,360,720
3.03,15.9,63.1,0.69,8.37,0.54,62.7,0.43,73.5,0,0.0,360,720
3.25,65.0,199.9,0.94,2.6,1.18,82.4,0.99,126.9,1,0.21,47,231
3.64,7.6,54.2,1.31,0.81,4.73,36.0,0.79,126.3,1,0.77,79,184
4.04,61.4,208.6,0.46,0.37,2.32,74.6,0.42,13.4,1,2.02,15,216
1.72,28.9,122.5,2.23,6.08,2.1,75.0,0.71,41.2,0,0.0,358,720
1.88,50.3,104.5,2.36,3.15,0.09,24.6,0.55,69.3,0,0.0,360,720
0.69,43.8,131.5,0.44,4.46,0.27,16.3,0.89,16.6,0,0.0,358,720
2.73,8.1,60.5,1.43,8.2,3.35,58.6,0.46,46.5,0,0.0,357,720
0.45,29.4,123.6,1.48,2.52,2.96,74.2,0.35,46.2,0,0.0,360,720
2.26,70.8,233.0,1.19,3.12,2.89,56.6,0.24,40.0,0,0.0,360,720
2.58,19.8,91.7,2.09,8.46,0.57,76.0,0.99,65.5,0,0.0,357,720
1.5,119.0,242.1,1.23,4.95,1.77,61.7,0.49,123.8,0,0.0,360,720
2.78,21.1,38.7,1.48,8.29,4.07,64.0,0.38,44.2,0,0.0,360,720
0.43,5.4,59.5,3.81,3.78,0.89,17.1,0.59,91.5,0,0.0,360,720
0.46,17.3,64.7,0.69,4.01,4.42,21.6,0.43,88.1,0,0.0,360,720
3.75,106.1,400.0,2.42,1.71,0.62,69.4,0.39,124.5,0,0.0,356,720
1.81,13.5,57.8,1.85,9.17,0.86,72.2,0.69,65.2,0,0.0,354,720
0.83,70.9,189.9,1.1,8.97,2.4,55.7,0.26,41.3,0,0.0,348,720
2.49,74.6,297.7,3.16,9.84,4.73,59.3,0.61,134.8,0,0.0,360,720
3.53,15.1,42.6,2.06,4.05,1.66,61.1,0.51,126.6,0,0.0,360,720
1.21,3.0,56.6,1.73,8.2,3.3,22.9,0.63,97.0,0,0.0,358,720
2.92,45.1,85.0,2.72,4.18,2.95,65.1,0.46,23.1,0,0.0,350,720
0.66,13.1,68.4,3.87,4.57,0.77,50.9,0.66,12.3,0,0.0,354,720
0.52,53.5,228.1,8.22,8.31,1.26,60.2,0.27,35.6,0,0.0,351,720
2.53,20.5,67.8,2.48,1.81,4.65,57.2,0.5,37.5,0,0.0,360,720
2.57,23.2,61.8,4.86,2.24,0.94,72.2,0.39,29.1,0,0.0,360,720
2.98,52.7,198.3,0.3,3.18,3.48,38.9,0.55,46.7,1,0.5,36,214
3.35,16.9,81.6,1.96,7.89,4.82,43.0,0.52,57.3,0,0.0,360,720
4.4,20.5,76.4,0.83,3.76,0.62,44.4,0.7,115.6,1,0.39,65,222
2.47,16.5,69.2,0.52,3.61,2.01,72.2,0.7,109.3,0,0.05,360,720
1.66,16.0,95.7,1.97,9.99,1.14,47.3,0.53,24.6,0,0.0,360,720
3.64,26.1,73.5,3.32,3.87,1.12,28.3,0.35,146.8,0,0.0,360,720
1.44,57.9,197.1,1.47,2.52,0.61,88.7,0.67,115.3,0,0.0,358,720
2.14,15.7,64.0,2.74,6.25,3.25,52.0,0.97,32.9,0,0.0,360,720
0.63,26.0,122.6,1.78,8.03,3.74,23.2,0.35,27.4,0,0.0,359,720
0.41,38.9,113.1,1.56,0.74,3.39,65.3,0.26,22.3,0,0.0,360,720
4.34,11.0,35.1,1.05,6.21,4.62,70.4,0.41,112.5,0,0.0,360,720
3.81,11.4,81.7,1.36,0.41,0.75,52.5,0.53,43.1,1,1.2,64,229
3.22,94.8,229.1,1.25,5.29,1.61,63.5,0.44,20.2,0,0.0,360,720
2.02,45.0,113.7,2.59,2.61,1.74,28.0,0.87,69.1,0,0.0,356,720
1.03,30.1,108.2,0.57,3.1,1.18,42.6,0.59,109.2,0,0.0,360,720
0.96,36.5,90.2,0.51,4.7,0.73,27.1,0.4,52.6,0,0.0,358,720
1.35,1.0,11.9,2.67,9.27,2.44,44.0,0.96,77.6,0,0.0,356,720
2.61,33.7,95.8,2.04,7.12,4.18,57.2,0.3,37.0,0,0.0,359,720
3.3,24.9,127.6,1.54,9.37,4.77,48.2,0.3,70.1,0,0.0,357,720
3.07,27.6,89.3,0.66,6.62,0.66,59.5,0.4,60.3,0,0.0,360,720
1.48,15.6,56.4,1.46,0.12,4.12,52.6,0.26,70.7,0,0.0,360,720
4.31,3.0,18.7,3.73,2.69,4.13,38.8,0.8,75.2,0,0.0,360,720
3.4,7.5,40.3,5.15,9.06,1.96,25.8,0.45,22.9,0,0.0,355,720
2.63,105.4,377.9,2.97,6.45,0.57,34.0,0.78,23.1,0,0.0,349,720
2.87,18.4,40.9,0.44,9.82,4.95,30.1,0.81,46.5,0,0.0,360,720
2.06,22.0,84.4,2.74,1.6,3.28,68.1,0.39,26.2,0,0.0,360,720
1.34,1.9,37.6,0.91,3.0,4.91,76.5,0.61,45.4,0,0.0,360,720
1.8,1.3,42.9,1.13,3.66,2.43,69.0,0.62,13.4,0,0.0,355,720
3.48,44.2,191.6,0.78,3.3,1.99,63.3,0.9,59.1,0,0.1,355,720
0.36,27.0,113.6,3.59,2.56,1.25,38.1,0.22,39.9,0,0.0,360,720
0.79,24.9,113.6,2.6,4.46,4.92,68.3,0.45,134.9,0,0.0,358,720
0.49,9.7,41.7,2.38,6.44,1.28,60.4,0.91,130.1,0,0.0,355,720
0.47,47.8,131.3,2.73,3.15,0.14,18.5,0.39,52.1,0,0.0,360,720
3.89,6.4,50.9,0.89,0.84,2.57,83.1,0.31,76.6,1,1.05,50,175
3.26,7.4,29.9,1.59,7.1,1.9,21.0,0.66,143.8,0,0.0,350,720
2.29,21.6,91.1,2.51,4.62,1.32,52.7,0.44,83.4,0,0.0,360,720
0.71,11.8,49.0,2.53,5.59,3.18,53.5,0.57,128.8,0,0.0,360,720
2.36,10.0,60.7,3.75,4.58,1.83,77.8,0.86,125.7,0,0.0,352,720
2.29,36.3,104.8,1.04,8.91,2.02,83.5,0.62,141.8,0,0.0,360,720
1.03,36.8,124.7,3.54,5.61,0.13,85.5,0.61,52.8,0,0.0,355,720
2.12,60.9,222.5,1.58,9.24,2.95,57.7,0.42,16.1,0,0.0,354,720
1.97,18.9,74.0,2.74,5.13,0.63,65.9,0.83,24.6,0,0.0,356,720
2.89,2.7,51.7,1.64,2.96,1.08,21.6,0.79,90.0,0,0.0,360,720
2.97,11.2,58.4,6.83,3.59,3.59,51.6,0.39,84.2,0,0.0,360,720
0.49,136.9,400.0,0.73,5.25,1.58,82.3,0.46,51.8,0,0.0,357,720
1.87,31.7,100.1,2.77,5.32,0.83,49.2,0.83,44.8,0,0.0,360,720
2.93,43.3,97.6,2.19,6.89,2.9,20.2,0.49,109.3,0,0.0,349,720
2.41,0.3,14.2,0.72,2.28,1.09,30.0,0.52,57.7,0,0.01,360,720
3.9,25.6,133.0,0.45,6.61,1.37,47.2,0.49,94.6,0,0.0,360,720
3.07,1.3,41.4,3.83,7.8,3.11,32.8,0.33,109.7,0,0.0,360,720
0.98,29.5,112.7,0.68,6.78,3.7,44.4,0.47,70.3,0,0.0,360,720
0.6,88.7,245.9,0.75,4.84,3.7,40.0,0.84,37.1,0,0.0,360,720
3.0,120.9,271.6,8.74,9.92,2.42,38.9,0.59,130.5,0,0.0,356,720
0.41,27.2,98.8,3.08,4.08,2.28,21.8,0.57,23.1,0,0.0,360,720
2.76,21.5,95.5,0.93,1.11,3.94,81.2,0.33,126.1,1,0.48,59,179
4.25,101.5,194.0,2.27,8.22,0.98,67.0,0.34,127.1,0,0.0,359,720
2.72,39.2,107.0,1.98,2.16,0.78,61.8,0.23,89.9,0,0.0,360,720
1.93,2.3,8.3,4.39,7.15,3.33,60.5,0.21,98.1,0,0.0,360,720
3.0,21.9,81.4,3.18,1.83,2.06,44.7,0.59,60.1,0,0.0,360,720
2.22,9.6,46.4,4.22,0.22,3.56,76.7,0.53,127.8,0,0.0,360,720
2.59,22.2,41.1,0.82,1.64,1.3,84.8,0.42,46.9,0,0.15,360,720
4.25,21.3,77.8,2.55,3.8,1.64,15.4,0.99,88.4,0,0.0,360,720
1.92,30.5,65.0,0.39,1.11,4.49,20.9,0.52,10.3,1,0.51,33,111
4.34,15.4,99.8,0.46,2.02,2.12,65.6,0.83,141.6,1,1.06,39,208
4.1,6.3,30.6,3.05,7.66,2.96,32.7,0.37,142.8,0,0.0,356,720
1.12,24.5,69.4,0.35,7.71,0.55,83.4,0.4,109.5,0,0.0,360,720
0.59,62.1,255.1,2.21,8.18,0.91,65.1,0.65,69.3,0,0.0,355,720
0.72,38.2,94.1,4.34,8.42,0.2,42.6,0.2,35.0,0,0.0,360,720
0.38,14.5,70.4,1.35,4.23,2.13,46.1,0.21,78.9,0,0.0,358,720
0.7,96.0,257.4,0.4,8.68,4.94,66.8,0.31,120.8,0,0.0,360,720
3.17,85.1,230.8,3.05,5.28,4.37,25.6,0.38,94.7,0,0.0,349,720
0.6,8.2,39.9,6.14,4.73,3.17,81.3,0.62,83.8,0,0.0,359,720
1.64,1.4,54.0,3.08,7.2,4.31,15.4,0.75,128.9,0,0.0,358,720
3.85,47.3,119.5,2.2,2.18,2.98,88.4,0.45,53.8,0,0.0,360,720
0.4,61.5,222.9,0.88,7.91,1.86,27.6,0.39,130.4,0,0.0,360,720
3.72,120.3,359.5,0.33,4.32,0.88,70.7,0.86,71.5,1,1.04,55,329
1.48,77.2,308.2,2.91,1.32,3.27,18.0,0.33,10.3,0,0.0,360,720
0.8,32.1,74.2,0.88,1.24,0.98,47.4,0.74,112.5,0,0.0,360,720
3.23,26.4,85.4,4.6,1.69,2.1,62.3,0.95,132.9,0,0.0,360,720
2.94,1.0,50.7,1.68,8.91,4.13,20.3,0.39,77.8,0,0.0,353,720
3.99,9.9,52.8,1.96,9.91,0.66,48.2,0.27,73.7,0,0.0,360,720
3.39,21.5,73.8,3.38,3.6,0.66,37.7,0.98,122.8,0,0.0,360,720
3.67,34.7,106.5,3.63,2.96,1.14,52.4,0.42,133.9,0,0.0,344,720
1.48,28.5,118.6,2.56,2.23,2.77,52.8,0.42,146.4,0,0.0,355,720
1.05,47.5,121.2,6.43,8.25,1.27,73.9,0.59,58.4,0,0.0,360,720
3.45,11.5,79.4,9.18,2.13,2.53,24.3,0.38,93.3,0,0.0,359,720
3.69,29.1,97.8,6.76,9.24,1.52,21.2,0.99,125.2,0,0.0,359,720
4.46,3.2,18.2,4.12,6.69,2.54,45.1,0.23,84.5,0,0.0,349,720
2.03,18.7,116.3,2.99,8.98,1.4,81.6,0.56,74.7,0,0.0,353,720
1.86,48.5,158.1,2.7,5.56,4.9,79.1,0.64,90.1,0,0.0,360,720
3.56,41.4,167.9,0.54,6.92,2.47,57.0,0.57,60.0,0,0.0,358,720
1.73,163.5,400.0,1.0,6.21,3.72,81.7,0.62,36.9,0,0.0,354,720
4.21,11.4,56.7,0.31,8.32,3.51,75.4,0.99,19.3,0,0.0,360,720
3.91,24.1,88.3,0.63,8.37,2.46,35.8,0.9,95.4,0,0.0,356,720
2.1,14.0,43.7,1.57,5.92,1.21,27.8,0.45,63.1,0,0.0,353,720
3.45,20.3,96.9,0.65,6.34,2.56,37.6,0.64,133.6,0,0.0,360,720
3.47,68.1,138.6,5.4,9.22,3.41,32.0,0.2,41.2,0,0.0,356,720
0.73,40.3,169.4,3.9,9.3,2.31,61.7,0.53,53.5,0,0.0,356,720
4.09,74.9,232.0,0.46,6.66,0.43,58.9,0.33,145.9,1,0.53,78,307
2.42,8.0,68.8,0.93,0.13,0.11,59.9,0.77,87.9,1,1.06,64,157
3.77,72.3,182.7,4.06,1.09,1.65,29.2,0.38,58.5,0,0.0,352,720
1.64,2.2,11.0,3.87,8.59,0.77,74.4,0.8,130.5,0,0.0,360,720
4.06,76.8,130.4,6.7,0.89,4.53,47.5,0.45,114.1,0,0.0,360,720
1.93,14.0,66.5,13.52,2.17,0.9,50.4,0.94,90.2,0,0.0,359,720
0.35,13.2,68.5,8.53,2.34,1.98,89.8,0.56,134.5,0,0.0,360,720
4.1,25.1,111.1,1.46,6.02,3.57,36.2,0.87,23.2,0,0.0,358,720
0.68,98.9,400.0,0.93,5.79,4.08,44.6,0.7,65.2,0,0.0,350,720
1.64,1.7,29.6,3.43,2.93,2.4,65.7,0.98,123.5,0,0.0,360,720
4.29,15.2,101.9,1.08,2.12,0.92,81.0,0.79,64.0,1,0.58,64,214
4.29,68.0,182.9,3.91,7.66,1.37,24.5,0.78,139.7,0,0.0,360,720
2.71,17.6,115.1,1.98,9.36,2.11,70.1,0.41,31.4,0,0.0,359,720
2.95,7.8,57.5,3.77,0.58,1.84,83.9,0.6,57.1,0,0.0,359,720
2.18,19.4,79.0,1.01,1.38,1.76,46.7,0.43,69.6,0,0.0,360,720
1.53,17.0,40.8,1.86,6.44,0.68,36.5,0.22,106.2,0,0.0,360,720
1.68,86.5,285.2,2.13,8.05,4.57,65.8,0.77,37.3,0,0.0,360,720
3.12,50.2,201.0,6.61,7.92,0.17,33.5,0.39,11.4,0,0.0,360,720
3.46,24.6,105.8,0.98,7.21,2.21,43.8,0.52,146.7,0,0.0,360,720
3.62,155.9,400.0,6.37,8.88,4.9,82.3,0.43,135.8,0,0.0,360,720
3.62,21.9,59.0,3.89,2.21,3.31,59.3,0.36,52.0,0,0.0,352,720
0.68,2.1,33.7,3.19,1.12,1.79,22.1,0.25,77.7,0,0.0,360,720
2.38,10.6,61.7,3.7,6.17,0.75,39.7,0.47,78.4,0,0.0,360,720
0.54,20.0,72.4,2.35,8.23,4.82,62.0,0.27,131.7,0,0.0,360,720
2.61,6.0,40.1,0.92,5.84,0.09,51.1,0.63,93.6,0,0.0,360,720
2.15,103.2,293.6,0.76,9.63,3.41,64.5,0.22,125.7,0,0.0,359,720
4.03,51.0,164.7,4.73,7.97,4.4,72.1,0.95,137.7,0,0.0,360,720
1.77,10.9,41.9,3.14,7.02,0.15,51.0,0.97,89.2,0,0.0,355,720
0.79,31.3,100.0,0.83,0.65,3.63,89.0,0.44,50.0,0,0.0,353,720
0.9,44.7,215.6,2.4,1.12,4.99,83.6,0.41,79.8,0,0.0,360,720
3.5,99.2,197.6,1.61,7.86,3.21,19.5,0.28,129.1,0,0.0,360,720
2.9,74.7,264.4,0.68,2.02,2.09,35.0,0.92,91.7,1,0.8,41,244
0.72,25.3,109.1,1.97,0.34,4.37,37.5,0.67,135.4,0,0.0,356,720
0.65,52.2,145.5,1.03,9.11,2.78,28.8,0.69,135.4,0,0.0,360,720
3.24,28.9,107.3,0.52,8.91,3.75,38.4,0.92,62.3,0,0.0,358,720
0.61,28.2,92.0,1.68,2.22,2.95,46.9,0.93,72.7,0,0.0,360,720
3.75,4.3,40.0,2.26,7.81,0.21,18.9,0.86,104.9,0,0.0,358,720
3.27,4.7,31.7,0.41,0.53,1.08,24.5,0.82,25.5,1,1.4,24,125
0.64,26.4,93.3,1.43,2.89,0.41,22.2,0.9,75.2,0,0.0,359,720
0.66,11.0,58.7,0.96,6.26,0.55,18.5,0.9,30.9,0,0.0,360,720
4.44,0.7,9.9,0.37,7.64,0.1,51.1,0.49,128.7,1,0.57,91,179
1.87,44.9,210.5,0.6,0.15,2.12,40.0,0.98,142.0,1,1.31,30,166
1.86,1.2,14.5,0.63,3.3,0.91,85.2,0.77,29.8,0,0.0,359,720
3.71,31.7,92.2,0.74,2.18,4.28,22.7,0.5,103.4,1,0.63,47,170
4.28,27.1,48.2,3.88,9.99,3.76,84.5,0.55,99.1,0,0.0,360,720
4.44,121.4,340.3,1.57,6.73,2.87,21.5,0.75,116.4,0,0.0,353,720
3.46,23.2,110.1,0.65,4.09,2.46,61.4,0.49,107.4,0,0.0,360,720
1.88,2.3,16.7,0.53,0.8,1.29,33.6,0.86,40.4,1,0.31,57,136
0.65,28.1,84.5,1.08,6.01,2.39,77.0,0.32,50.8,0,0.0,360,720
3.56,64.4,234.3,3.82,6.43,3.21,19.6,0.93,33.1,0,0.0,360,720
2.65,180.0,400.0,1.3,8.17,3.92,86.4,0.44,139.0,0,0.0,360,720
2.08,19.7,63.4,0.68,2.92,0.43,18.5,0.32,83.1,0,0.0,360,720
4.11,13.5,48.8,1.44,9.82,3.55,33.1,0.89,146.7,0,0.0,360,720
0.77,83.0,225.4,2.08,4.42,3.72,49.8,0.39,72.9,0,0.0,360,720
2.37,7.4,23.0,0.37,2.99,2.8,71.7,0.87,87.4,1,0.2,61,143
0.35,33.4,78.8,2.47,3.52,1.09,86.3,0.44,120.5,0,0.0,355,720
2.27,18.2,80.0,1.41,5.22,2.71,47.1,0.95,121.6,0,0.0,360,720
0.54,1.5,27.1,0.32,9.37,2.52,71.8,0.38,42.4,0,0.0,360,720
0.8,14.9,57.3,2.77,7.36,2.39,69.5,0.26,50.4,0,0.0,360,720
0.79,10.8,26.9,3.04,5.79,2.31,57.8,0.95,23.7,0,0.0,358,720
3.03,40.6,172.2,2.48,1.67,0.57,66.8,0.33,122.8,0,0.0,356,720
3.43,104.0,400.0,1.22,1.54,0.93,17.9,0.96,121.1,1,1.09,38,324
2.75,10.9,42.7,1.96,5.05,0.5,48.1,0.86,21.4,0,0.0,343,720
4.34,58.4,146.0,1.38,7.3,1.23,73.9,0.27,46.0,0,0.0,356,720
1.87,2.0,44.6,2.95,7.52,1.33,50.6,0.56,73.0,0,0.0,360,720
1.5,27.0,82.5,2.23,2.3,1.24,80.5,0.26,85.8,0,0.0,360,720
3.95,2.6,10.1,0.49,1.05,1.07,77.5,0.46,83.2,1,1.32,36,127
1.24,95.2,282.0,2.57,3.88,3.68,79.8,0.48,147.6,0,0.0,360,720
4.35,50.9,159.3,2.86,9.19,4.1,24.7,0.68,117.0,0,0.0,359,720
0.35,37.5,143.1,1.32,5.48,1.65,33.3,0.98,25.8,0,0.0,358,720
4.37,60.8,228.4,4.89,3.23,1.54,17.2,0.34,51.1,0,0.0,359,720
0.48,36.5,101.1,4.37,3.27,4.22,88.7,0.46,58.4,0,0.0,356,720
4.04,121.5,296.3,0.72,1.36,3.13,32.7,0.67,54.1,1,1.38,25,275
2.52,43.8,179.6,5.46,4.76,1.48,42.5,0.34,120.0,0,0.0,360,720
4.47,90.5,237.3,1.58,7.92,3.57,35.6,0.77,60.5,0,0.0,360,720
0.61,25.5,79.0,3.13,9.69,1.74,18.0,0.52,78.9,0,0.0,360,720
2.63,4.4,23.4,4.0,5.04,2.94,34.6,0.96,84.7,0,0.0,360,720
4.37,26.3,86.3,1.85,1.71,4.96,22.4,0.7,47.9,0,0.0,353,720
2.5,4.7,36.9,1.42,6.85,1.52,44.6,0.49,55.2,0,0.0,359,720
2.94,31.4,127.0,5.73,7.58,4.65,87.5,0.78,119.2,0,0.0,354,720
3.22,23.1,129.4,0.88,0.76,1.62,67.4,0.87,131.3,1,1.06,35,185
2.21,34.1,112.5,0.95,8.51,2.71,68.0,0.84,15.2,0,0.0,360,720
2.94,0.4,38.1,1.29,8.3,2.31,49.0,0.41,94.7,0,0.0,360,720
2.75,7.6,51.1,4.62,4.75,3.92,75.8,0.53,98.7,0,0.0,360,720
4.08,23.7,70.1,6.45,5.63,0.32,83.1,0.56,113.2,0,0.0,360,720
0.49,105.2,262.3,0.85,7.15,3.14,87.1,0.51,107.1,0,0.0,358,720
1.48,16.9,43.2,4.69,6.78,3.81,22.4,0.45,132.8,0,0.0,355,720
4.29,19.3,77.8,0.96,0.21,2.37,81.0,0.8,21.0,1,1.77,37,178
4.04,43.9,168.6,8.06,1.27,0.54,31.9,0.21,64.4,0,0.0,360,720
2.21,32.4,152.7,2.3,1.67,1.24,44.8,0.43,119.5,0,0.0,360,720
2.9,12.4,32.0,0.32,7.57,3.4,40.9,0.31,128.5,0,0.0,352,720
1.47,18.5,67.5,0.38,4.43,4.48,65.6,0.3,47.1,0,0.0,360,720
1.09,8.6,47.9,0.65,5.48,2.12,59.8,0.42,91.9,0,0.0,360,720
2.25,118.4,223.6,0.76,7.74,2.81,23.2,0.81,35.3,0,0.0,360,720
1.78,4.9,63.0,3.51,3.44,1.16,73.7,0.98,129.1,0,0.0,360,720
2.75,16.3,98.4,0.85,7.5,2.07,48.0,0.61,112.3,0,0.0,353,720
0.63,0.9,8.3,7.95,4.45,1.7,15.2,0.47,41.1,0,0.0,360,720
4.39,8.8,35.1,2.52,3.8,3.28,46.1,0.86,97.3,0,0.0,358,720
4.44,53.1,188.7,2.89,3.36,4.92,53.7,0.25,81.3,0,0.0,360,720
3.23,7.9,60.4,0.84,9.65,4.07,20.2,0.27,46.2,0,0.0,356,720
2.55,2.9,23.1,5.21,7.73,0.98,26.3,0.48,135.0,0,0.0,356,720
1.6,22.5,80.1,2.72,0.25,2.9,89.5,0.56,30.7,0,0.0,360,720
3.72,0.4,21.3,4.7,9.58,0.35,80.3,0.84,75.4,0,0.0,355,720
3.18,3.1,38.7,7.2,7.77,1.25,25.0,0.94,91.6,0,0.0,360,720
0.98,57.7,255.4,0.6,1.53,0.88,58.5,0.63,125.3,1,0.27,36,193
4.13,51.7,184.0,0.52,0.81,1.69,43.4,0.6,31.0,1,1.62,30,236
3.75,86.3,346.4,3.88,3.12,3.4,55.8,0.37,95.3,0,0.0,346,720
4.29,67.5,136.9,4.72,6.26,2.51,50.3,0.56,10.9,0,0.0,360,720
3.35,40.2,160.8,2.23,6.18,4.67,18.6,0.94,125.2,0,0.0,357,720
2.88,1.9,31.5,1.3,2.79,1.08,38.7,0.51,42.9,0,0.0,353,720
2.06,53.5,224.9,2.63,4.48,1.83,24.4,0.37,110.9,0,0.0,360,720
4.22,65.4,166.8,1.1,2.16,1.66,51.7,0.47,94.3,1,0.27,55,240
3.94,56.2,196.3,0.9,0.55,1.2,83.0,0.61,17.0,1,1.31,38,239
0.49,24.9,123.7,1.77,5.19,4.97,89.7,0.68,35.7,0,0.0,360,720
0.41,9.3,41.9,0.84,3.5,1.95,85.8,0.55,47.5,0,0.0,356,720
1.88,65.3,204.2,1.75,5.45,4.7,88.9,0.81,134.1,0,0.0,360,720
3.7,45.5,191.1,7.2,9.47,1.96,16.1,0.67,77.3,0,0.0,351,720
4.45,138.3,354.3,4.33,1.48,1.04,69.7,0.73,137.9,0,0.0,360,720
0.93,5.9,34.3,6.55,0.07,0.61,35.5,0.89,16.6,0,0.0,360,720
2.8,9.0,18.1,3.91,0.81,4.28,79.9,0.89,10.9,0,0.0,358,720
1.9,8.3,45.2,1.26,4.65,0.18,76.0,0.36,142.8,0,0.0,351,720
4.37,55.0,187.7,3.98,7.08,4.82,46.8,0.7,111.3,0,0.0,357,720
3.84,7.2,65.4,5.94,5.83,2.1,50.5,0.77,119.7,0,0.0,360,720
3.82,2.4,19.4,6.76,4.97,1.25,34.9,0.32,138.2,0,0.0,360,720
2.27,180.0,400.0,2.83,3.57,3.09,36.7,0.87,147.8,0,0.0,358,720
2.04,0.9,12.8,0.82,3.13,0.68,88.6,0.34,23.7,0,0.0,359,720
1.45,63.1,104.4,0.39,3.79,0.38,81.7,0.84,32.2,0,0.0,360,720
0.54,15.9,72.4,0.65,6.14,4.14,29.4,0.33,36.4,0,0.0,352,720
3.93,64.5,158.4,7.71,1.72,2.13,35.7,0.79,124.6,0,0.0,353,720
3.71,28.3,57.2,1.66,7.73,2.6,23.1,0.32,59.8,0,0.0,356,720
4.5,81.2,254.8,4.55,5.77,0.9,89.2,0.5,93.1,0,0.0,357,720
4.49,91.2,170.9,1.68,2.73,0.33,83.0,0.31,129.7,1,0.19,73,286
2.63,0.3,17.3,2.68,5.04,1.85,56.4,0.42,105.6,0,0.0,360,720
3.53,2.7,40.7,0.35,9.63,2.54,67.0,0.99,19.2,0,0.0,357,720
4.27,10.1,54.1,0.93,0.25,3.83,71.1,0.29,72.4,1,1.7,42,174
3.87,38.7,125.1,1.56,2.04,2.52,30.3,0.53,19.5,0,0.0,350,720
1.34,76.7,287.0,2.49,4.51,3.92,85.1,0.74,77.0,0,0.0,355,720
2.19,21.6,59.6,0.71,6.4,0.59,54.5,0.28,40.7,0,0.0,356,720
0.84,32.7,92.3,3.48,2.16,0.34,21.9,0.29,10.2,0,0.0,355,720
4.31,7.3,51.3,1.3,9.32,0.81,44.8,0.31,123.8,0,0.0,360,720
2.85,57.2,190.0,4.04,6.44,3.86,60.1,0.72,145.7,0,0.0,360,720
1.26,119.7,400.0,0.53,8.78,3.8,41.5,0.93,145.0,1,0.16,96,325
3.12,10.9,52.7,2.81,3.33,0.72,67.4,0.86,51.9,0,0.0,354,720
2.9,23.9,66.7,1.06,8.3,0.17,81.2,0.99,126.0,0,0.0,354,720
1.8,3.2,39.4,3.79,3.81,3.43,72.9,0.66,105.0,0,0.0,359,720
0.78,28.7,106.1,1.43,2.56,4.28,63.2,0.97,122.0,0,0.0,360,720
3.12,24.5,96.8,2.71,9.12,3.78,53.4,0.44,128.5,0,0.0,360,720
2.49,5.5,59.0,6.29,0.97,1.03,34.1,0.54,147.2,0,0.0,355,720
3.54,20.4,73.6,0.35,9.43,2.93,49.1,0.52,31.2,0,0.0,359,720
2.48,14.2,81.4,0.32,4.61,3.79,37.0,0.24,117.8,0,0.07,360,720
3.88,25.8,89.3,3.54,9.93,1.29,85.1,0.86,112.8,0,0.0,360,720
2.62,30.8,92.1,2.59,5.42,2.65,83.0,0.22,50.3,0,0.0,360,720
2.66,0.3,25.4,1.06,7.59,1.59,26.7,0.78,65.0,0,0.0,353,720
3.98,50.1,163.9,1.8,0.12,1.14,76.7,0.53,34.7,1,0.86,47,217
1.99,43.7,168.6,0.39,4.99,4.85,67.7,0.2,137.9,0,0.0,359,720
0.86,16.0,54.6,0.77,7.39,4.56,88.1,0.43,133.1,0,0.0,357,720
0.42,1.9,35.2,1.52,7.84,2.24,49.7,0.48,96.0,0,0.0,355,720
3.47,49.2,207.7,4.25,1.62,0.7,69.2,0.97,81.6,0,0.0,356,720
2.91,108.7,356.2,1.74,4.22,3.64,53.8,0.73,42.6,0,0.0,360,720
3.26,9.6,70.6,2.24,4.22,1.29,20.2,0.63,120.5,0,0.0,352,720
1.19,13.7,60.5,4.85,1.08,0.86,18.5,0.3,11.1,0,0.0,360,720
0.87,7.1,27.6,1.11,4.46,1.92,24.2,0.51,74.8,0,0.0,356,720
0.36,30.1,126.3,2.95,8.08,2.66,37.2,0.23,130.5,0,0.0,360,720
1.77,5.9,21.0,4.65,3.04,0.51,34.4,0.81,96.6,0,0.0,357,720
2.78,15.4,94.8,0.8,4.35,2.87,69.6,0.33,98.9,0,0.0,352,720
1.95,41.8,169.8,1.27,9.61,0.1,68.7,0.68,19.9,0,0.0,359,720
2.14,28.7,84.9,8.89,0.37,4.46,87.9,0.76,50.1,0,0.0,354,720
4.1,17.1,81.1,9.29,5.94,4.61,38.3,0.49,104.3,0,0.0,360,720
1.76,19.1,59.7,0.86,7.45,3.67,85.4,0.71,16.9,0,0.0,360,720
2.46,28.9,115.2,0.45,7.62,2.34,61.0,0.81,56.3,0,0.0,357,720
3.59,0.2,17.2,1.0,7.17,1.29,52.1,0.35,59.6,0,0.0,360,720
1.97,2.9,11.9,1.42,7.28,3.73,65.1,0.68,79.8,0,0.0,360,720
2.91,74.6,169.0,1.58,0.64,4.66,67.7,0.79,60.7,1,0.33,53,225
3.92,2.8,16.1,2.42,5.36,0.81,27.9,0.49,73.6,0,0.0,356,720
4.29,42.9,133.6,5.35,7.84,2.34,71.4,0.33,86.6,0,0.0,360,720
0.92,88.4,174.3,1.18,0.99,1.59,69.4,0.43,28.0,0,0.0,360,720
4.19,11.0,53.3,4.47,0.17,1.8,89.8,0.95,35.3,0,0.0,359,720
2.37,16.2,45.5,0.52,8.15,2.04,83.4,0.49,126.6,0,0.0,360,720
1.38,29.5,66.8,0.39,7.14,4.76,66.3,0.29,74.4,0,0.0,359,720
2.23,74.7,265.9,1.84,4.15,1.31,68.4,0.27,59.7,0,0.0,360,720
4.42,99.6,394.0,0.44,9.41,2.47,85.9,0.34,70.7,0,0.0,357,720
2.37,47.1,158.3,1.4,7.68,4.76,87.5,0.3,34.5,0,0.0,360,720
1.68,3.2,52.2,5.3,9.68,2.39,77.0,0.6,43.6,0,0.0,359,720
2.96,38.7,115.4,0.91,9.3,4.32,72.6,0.48,82.2,0,0.0,360,720
1.31,18.5,48.2,2.99,4.84,0.31,23.4,0.87,60.2,0,0.0,350,720
0.62,22.3,80.0,1.09,7.56,4.77,77.3,0.9,76.6,0,0.0,360,720
0.84,1.8,39.2,0.4,6.71,0.95,34.0,0.58,31.0,0,0.0,360,720
0.84,7.4,64.7,2.09,8.12,4.9,57.3,0.91,31.9,0,0.0,360,720
0.94,54.7,181.7,4.26,7.89,0.89,45.4,0.56,63.8,0,0.0,353,720
0.88,21.2,82.6,1.46,1.57,2.23,40.9,0.71,63.0,0,0.0,360,720
2.99,12.6,49.1,2.41,2.38,1.56,38.3,0.33,133.7,0,0.0,359,720
1.06,17.0,58.9,5.37,2.69,2.18,79.2,0.24,14.7,0,0.0,355,720
1.75,67.4,206.9,3.73,8.19,1.27,72.7,0.33,149.0,0,0.0,360,720
4.07,48.4,117.8,0.77,8.12,4.83,54.3,0.4,143.9,0,0.0,360,720
2.29,11.1,63.8,3.21,4.98,1.54,64.8,0.8,85.9,0,0.0,360,720
3.1,4.4,16.5,1.83,5.83,3.27,88.8,0.34,110.6,0,0.0,360,720
1.02,10.2,26.1,3.31,8.28,0.7,44.8,0.3,140.9,0,0.0,356,720
1.11,88.7,280.8,1.8,3.16,4.13,56.3,0.94,45.2,0,0.0,360,720
0.47,30.5,98.8,0.6,0.55,2.72,55.0,0.75,54.2,0,0.0,360,720
1.01,26.7,73.8,2.16,4.85,4.9,85.2,0.58,25.5,0,0.0,360,720
1.47,31.8,109.7,1.79,9.14,2.13,41.4,0.28,88.9,0,0.0,360,720
1.04,16.0,46.3,1.91,7.92,0.99,89.0,0.88,32.3,0,0.0,358,720
0.67,57.6,170.0,4.94,3.7,1.74,37.9,0.29,140.3,0,0.0,357,720
0.81,25.9,104.1,5.25,0.69,3.69,23.2,0.69,70.4,0,0.0,357,720
2.24,4.3,42.7,1.63,6.39,3.3,29.4,0.73,138.8,0,0.0,357,720
1.17,4.8,55.7,1.64,8.35,3.9,47.0,0.52,38.7,0,0.0,360,720
1.83,26.9,104.5,1.89,6.67,0.39,63.7,0.93,107.2,0,0.0,360,720
2.41,96.5,383.6,1.91,4.28,2.91,53.8,0.24,100.7,0,0.0,360,720
3.2,12.9,72.3,6.91,1.28,4.66,43.2,0.85,66.0,0,0.0,360,720
0.47,71.3,197.3,2.61,9.11,0.56,57.2,0.64,135.8,0,0.0,356,720
3.66,50.6,90.3,1.01,2.8,0.49,77.9,0.69,70.9,1,0.31,53,185
2.94,10.0,51.2,1.97,2.28,3.59,77.9,0.99,37.8,0,0.0,353,720
0.64,1.3,23.0,2.47,8.17,1.59,69.5,0.67,146.8,0,0.0,356,720
3.97,3.8,52.2,2.55,9.81,3.3,86.4,0.84,71.8,0,0.0,360,720
4.17,45.6,166.9,2.24,6.62,2.74,59.3,0.32,39.1,0,0.0,360,720
0.56,7.8,37.9,0.73,6.27,4.93,15.6,0.85,60.9,0,0.0,360,720
1.46,16.2,75.1,0.38,3.23,4.45,36.8,0.81,95.9,0,0.05,360,720
3.69,24.4,64.2,1.21,0.25,3.4,39.6,0.97,81.7,1,1.26,49,165
3.44,45.2,144.5,1.53,1.96,1.32,56.0,0.95,98.9,0,0.0,357,720
1.07,4.2,43.8,0.44,5.87,1.32,82.9,0.37,102.7,0,0.0,360,720
1.18,18.3,94.7,4.01,1.56,4.41,77.9,0.57,27.3,0,0.0,360,720
1.86,23.2,107.1,1.23,8.84,2.93,32.4,0.93,54.1,0,0.0,360,720
2.33,27.2,77.8,5.69,1.92,3.95,54.0,0.71,114.8,0,0.0,360,720
2.9,59.7,180.1,0.67,5.24,2.26,64.4,0.57,101.1,0,0.0,358,720
1.85,6.6,50.2,0.43,5.14,0.53,89.1,0.29,22.4,0,0.0,359,720
2.24,57.7,139.8,1.75,6.06,1.68,17.3,0.48,54.1,0,0.0,360,720
3.44,41.3,159.5,0.76,3.31,0.82,49.8,0.73,140.4,1,0.33,62,232
0.45,28.4,129.0,6.4,8.74,3.91,89.1,0.82,130.7,0,0.0,355,720
1.36,42.1,170.9,0.32,4.47,3.51,88.3,0.56,103.9,0,0.04,359,720
3.3,18.6,94.6,1.47,7.02,0.46,39.8,0.24,20.2,0,0.0,352,720
4.06,5.2,23.4,6.05,6.38,3.11,15.0,0.71,95.0,0,0.0,358,720
2.45,38.4,100.3,1.37,1.22,4.37,59.0,0.94,11.7,0,0.0,355,720
2.53,26.0,107.0,0.52,6.25,3.49,80.0,0.6,102.6,0,0.0,345,720
0.75,35.7,127.3,1.09,5.53,2.57,39.3,0.94,112.4,0,0.0,360,720
2.18,14.4,56.3,1.82,8.99,1.57,85.1,0.48,79.6,0,0.0,356,720
2.54,83.1,293.9,0.75,8.81,4.44,40.0,0.91,10.5,0,0.0,355,720
1.32,31.0,128.3,1.68,1.55,2.13,60.8,0.83,103.3,0,0.0,360,720
1.43,3.1,49.0,4.28,0.86,4.28,69.2,0.97,124.8,0,0.0,354,720
1.88,20.9,108.9,4.83,2.98,3.92,40.9,0.83,92.0,0,0.0,353,720
0.38,49.4,162.6,0.41,9.87,4.08,41.4,0.46,109.3,0,0.0,359,720
1.65,55.3,209.5,0.69,0.26,4.95,50.2,0.92,22.6,1,0.55,31,174
1.19,23.9,102.2,1.01,6.75,3.75,77.6,0.74,110.1,0,0.0,357,720
1.68,78.8,317.0,2.29,6.1,0.19,22.6,0.33,96.0,0,0.0,355,720
0.8,10.9,66.6,1.29,6.48,1.04,62.4,0.24,56.3,0,0.0,359,720
4.04,18.5,69.8,4.39,2.22,0.2,65.8,0.49,105.9,0,0.0,360,720
2.79,80.1,163.0,3.07,2.31,0.97,56.8,0.83,100.4,0,0.0,352,720
3.15,79.3,181.5,0.53,4.33,0.33,85.2,0.69,93.9,1,0.31,63,227
3.61,40.5,132.5,2.46,1.0,2.52,60.1,0.62,35.6,0,0.0,360,720
2.39,68.6,282.0,0.56,0.79,0.16,62.6,0.2,51.5,1,0.97,24,221
0.67,3.3,24.6,0.95,0.93,2.37,60.0,0.55,148.8,0,0.0,360,720
2.56,70.1,147.2,0.73,5.75,4.5,69.2,0.33,70.6,0,0.0,359,720
2.76,13.5,77.0,0.72,4.01,3.75,25.2,0.56,18.3,0,0.0,351,720
3.43,6.9,56.4,2.41,2.97,4.72,82.1,0.99,135.9,0,0.0,360,720
2.11,9.6,60.1,2.12,3.19,1.15,18.2,0.9,34.2,0,0.0,360,720
0.84,18.9,69.8,0.73,2.11,2.66,63.1,0.45,66.5,0,0.0,357,720
1.49,10.1,74.3,10.47,4.14,1.61,61.2,0.67,48.9,0,0.0,352,720
1.82,13.5,58.5,1.51,2.07,2.48,30.6,0.6,144.9,0,0.0,360,720
3.01,5.1,43.8,0.52,7.0,2.79,18.1,0.3,62.9,0,0.0,360,720
2.7,12.3,88.9,0.58,1.28,0.2,25.4,0.99,109.2,1,0.96,51,162
1.8,29.7,72.4,2.23,9.49,1.18,35.4,0.54,93.8,0,0.0,360,720
4.44,20.4,106.1,8.81,0.94,3.53,81.2,0.6,16.0,0,0.0,356,720
2.84,14.9,65.3,2.17,9.44,3.87,79.2,0.72,63.8,0,0.0,343,720
1.3,48.0,170.8,6.85,8.34,2.86,19.8,0.35,64.6,0,0.0,359,720
0.73,78.4,204.1,1.59,6.82,1.37,36.7,0.38,148.6,0,0.0,359,720
0.94,49.5,140.7,1.56,9.13,2.04,81.7,0.35,123.7,0,0.0,360,720
1.33,14.1,78.9,1.82,1.44,0.5,32.7,0.51,129.9,0,0.0,360,720
0.97,47.8,204.8,2.93,1.8,4.77,89.7,0.36,53.9,0,0.0,360,720
1.08,5.8,61.7,1.31,2.56,4.35,34.3,0.94,56.1,0,0.0,360,720
1.5,4.9,56.8,4.69,2.49,0.35,70.4,0.77,82.2,0,0.0,360,720
1.03,14.8,42.1,0.37,3.14,0.85,46.3,0.92,98.3,0,0.01,353,720
4.07,57.7,148.6,1.57,5.78,2.91,25.2,0.88,112.0,0,0.0,354,720
0.64,9.9,50.9,1.87,0.33,1.18,34.1,0.76,124.9,0,0.0,360,720
2.5,2.3,46.3,2.35,3.85,4.67,65.6,0.39,132.2,0,0.0,356,720
2.02,4.9,22.1,1.01,2.5,3.78,40.3,0.69,13.4,0,0.0,360,720
4.43,68.5,246.7,1.53,6.09,1.38,60.3,0.35,121.5,0,0.0,355,720
0.77,35.2,124.8,1.76,9.85,0.05,30.4,0.31,95.5,0,0.0,360,720
1.97,10.2,80.6,2.85,5.2,4.0,48.6,0.71,84.5,0,0.0,360,720
4.37,28.4,125.4,3.57,4.29,2.13,53.4,0.7,98.0,0,0.0,359,720
3.94,26.2,94.1,3.25,3.71,3.22,46.0,0.33,133.5,0,0.0,360,720
3.73,37.3,127.3,1.22,7.86,1.45,29.8,0.48,86.3,0,0.0,360,720
1.38,9.3,66.0,15.0,0.77,0.73,49.6,0.25,32.7,0,0.0,356,720
1.02,69.9,199.7,4.45,9.6,3.38,67.0,0.77,71.1,0,0.0,360,720
3.11,13.0,30.3,0.96,4.21,2.26,87.4,0.99,139.4,0,0.0,360,720
4.2,41.5,117.6,0.78,3.17,1.19,74.2,0.79,124.0,1,0.18,62,221
2.64,0.6,7.5,1.13,9.74,0.71,27.1,0.88,38.4,0,0.0,359,720
2.7,16.3,84.7,1.62,9.36,2.91,35.5,0.58,110.0,0,0.0,360,720
1.48,15.2,35.9,4.49,6.44,3.63,20.9,0.28,45.9,0,0.0,356,720
3.53,27.4,107.7,3.61,0.23,1.43,25.2,0.78,58.8,0,0.0,352,720
1.09,2.6,24.4,4.49,7.5,3.68,33.8,0.41,75.6,0,0.0,353,720
1.66,54.6,183.8,1.0,3.39,0.93,30.0,0.51,71.7,0,0.0,360,720
2.09,8.6,62.7,2.28,3.91,1.71,31.0,0.76,14.1,0,0.0,360,720
2.43,39.6,140.4,1.03,1.63,3.73,32.3,0.92,118.4,1,0.23,64,186
1.32,56.9,217.6,0.55,5.26,3.31,37.6,0.59,128.5,0,0.0,357,720
0.78,28.9,114.5,2.84,7.46,1.37,24.4,0.97,84.3,0,0.0,360,720
2.86,47.3,157.7,0.64,2.77,0.63,35.8,0.62,34.2,1,0.39,60,216
1.51,38.0,113.2,2.72,9.39,0.23,66.6,0.3,44.7,0,0.0,354,720
2.74,15.4,69.2,2.6,1.99,4.19,32.7,0.61,27.7,0,0.0,359,720
0.95,57.9,224.5,3.96,0.71,0.39,27.9,0.89,33.7,0,0.0,360,720
2.32,12.2,59.3,0.63,6.46,0.59,20.1,0.63,132.7,0,0.0,360,720
2.54,29.6,95.7,3.67,8.5,1.2,52.5,0.8,77.2,0,0.0,352,720
0.52,47.9,142.7,15.0,9.53,2.24,78.1,0.64,25.5,0,0.0,351,720
1.71,16.7,70.3,4.49,7.68,3.95,19.4,0.64,45.7,0,0.0,354,720
0.86,12.6,75.0,3.37,2.04,1.25,55.7,0.43,142.9,0,0.0,360,720
0.57,21.5,41.5,2.69,9.78,2.73,63.8,0.36,81.3,0,0.0,357,720
4.46,59.6,229.0,1.51,9.2,0.47,59.4,0.42,82.2,0,0.0,360,720
1.65,93.0,195.4,3.18,1.67,2.33,80.8,0.55,83.6,0,0.0,360,720
3.7,27.6,132.7,3.13,5.61,0.9,80.0,0.85,25.6,0,0.0,359,720
1.37,37.9,145.1,2.5,5.58,1.07,19.3,0.86,145.8,0,0.0,360,720
3.16,81.8,207.4,3.8,4.45,1.85,42.1,0.33,21.8,0,0.0,354,720
3.49,3.6,48.0,1.61,9.84,3.81,65.3,0.64,108.0,0,0.0,358,720
2.8,9.2,52.4,0.58,0.64,3.73,86.4,0.53,18.1,1,0.96,31,131
2.28,43.2,178.9,2.1,6.29,2.09,75.4,0.66,72.1,0,0.0,360,720
2.03,60.8,208.6,0.98,2.09,0.61,28.2,0.72,136.0,0,0.08,356,720
1.77,68.1,125.1,1.37,5.3,1.42,35.9,0.42,117.6,0,0.0,360,720
4.2,18.8,68.7,0.34,7.81,2.54,72.3,0.94,56.9,0,0.0,360,720
3.79,3.3,32.2,1.36,2.5,4.35,50.4,0.95,87.2,0,0.0,360,720
4.35,20.2,65.5,3.94,3.96,4.84,56.0,0.28,33.1,0,0.0,360,720
0.82,9.2,41.4,2.02,9.51,3.19,60.7,0.76,143.9,0,0.0,360,720
3.37,12.0,65.8,0.32,7.63,1.77,22.7,0.23,109.2,0,0.0,360,720
4.24,51.8,190.7,1.7,5.75,3.47,79.2,0.24,62.4,0,0.0,360,720
1.06,2.7,44.6,1.06,2.26,1.69,79.7,0.97,54.5,0,0.0,360,720
0.58,61.5,269.3,1.73,4.28,3.13,50.1,0.76,43.4,0,0.0,360,720
3.41,19.5,110.4,1.44,7.75,1.23,62.0,0.46,120.1,0,0.0,360,720
2.71,31.7,99.1,6.21,8.21,1.35,64.5,0.74,70.8,0,0.0,357,720
3.84,3.3,26.3,0.39,2.48,0.39,29.2,0.88,56.2,1,1.02,41,149
0.89,14.4,50.0,2.83,6.64,2.11,23.4,0.9,136.7,0,0.0,360,720
3.64,3.3,15.9,4.49,1.0,3.1,16.6,0.22,31.0,0,0.0,360,720
1.15,114.0,331.4,7.34,0.28,3.95,83.5,0.85,46.9,0,0.0,360,720
0.99,57.6,152.2,0.73,5.51,4.06,40.9,0.88,58.3,0,0.0,352,720
0.99,21.5,85.5,1.97,2.28,4.96,21.4,0.68,46.4,0,0.0,349,720
3.72,8.9,63.1,0.4,0.84,0.46,49.9,0.58,92.0,1,1.93,23,145
3.09,94.8,310.2,1.82,7.31,2.48,20.7,0.29,94.1,0,0.0,360,720
2.5,14.8,74.5,0.59,5.0,2.62,21.4,0.39,17.7,0,0.0,360,720
1.81,6.1,37.9,4.3,7.97,4.03,51.7,0.59,30.2,0,0.0,360,720
3.98,29.0,119.1,0.57,6.66,1.35,53.2,0.89,37.8,0,0.0,360,720
1.95,100.7,227.8,1.88,7.31,0.37,58.5,0.84,19.8,0,0.0,358,720
3.73,0.1,14.2,1.92,3.11,1.58,64.2,0.6,27.5,0,0.0,355,720
2.14,9.5,80.3,8.14,2.67,4.92,65.1,0.83,43.6,0,0.0,360,720
1.88,97.6,333.6,2.64,6.03,4.5,47.5,0.81,58.4,0,0.0,360,720
2.24,6.6,45.1,1.05,2.04,1.99,63.3,0.66,120.8,0,0.0,355,720
1.57,4.2,28.4,0.91,8.16,4.38,37.9,0.38,40.5,0,0.0,360,720
3.44,29.6,110.6,0.6,5.25,0.18,48.1,0.48,103.8,1,0.22,82,218
2.41,69.3,183.4,3.41,2.31,1.58,44.5,0.33,18.1,0,0.0,360,720
1.28,22.7,82.0,2.88,6.27,3.64,39.7,0.21,102.2,0,0.0,360,720
4.08,180.0,400.0,2.37,9.45,1.12,32.9,0.26,121.3,0,0.0,356,720
1.91,39.8,68.2,0.39,0.87,1.01,20.9,0.81,94.7,1,0.74,33,122
2.58,2.7,26.9,3.47,1.14,4.31,52.9,0.23,38.2,0,0.0,359,720
4.11,172.8,337.5,2.56,8.45,3.09,55.3,0.52,56.3,0,0.0,360,720
2.92,18.3,81.1,7.61,1.14,4.95,40.2,0.99,122.7,0,0.0,360,720
0.79,11.9,21.1,2.25,0.44,0.69,88.2,0.84,70.5,0,0.0,360,720
4.25,28.6,79.5,1.1,3.51,1.79,56.8,0.8,45.7,0,0.0,360,720
2.94,12.7,38.9,1.36,4.69,1.57,81.7,0.42,140.6,0,0.0,357,720
1.71,3.2,11.8,0.73,5.72,4.4,57.8,0.71,99.2,0,0.0,360,720
0.88,0.1,38.7,3.12,5.1,1.29,29.2,0.6,122.8,0,0.0,360,720
3.63,20.9,82.4,3.01,9.14,1.78,88.1,0.7,13.4,0,0.0,360,720
2.9,63.5,160.9,0.79,7.7,0.73,81.4,0.55,57.5,0,0.0,360,720
2.54,29.7,118.1,0.68,9.84,3.88,50.3,0.62,74.2,0,0.0,359,720
4.05,180.0,387.7,0.48,4.79,1.2,33.2,0.99,92.2,1,1.0,50,334
3.61,11.8,59.6,5.65,0.89,0.36,31.7,0.46,36.6,0,0.0,359,720
0.94,11.5,22.2,0.88,9.56,2.19,75.5,0.37,79.7,0,0.0,356,720
1.61,6.1,29.9,1.23,0.09,1.97,20.2,0.56,106.0,0,0.0,359,720
1.34,6.3,37.0,1.02,7.77,0.9,62.9,0.62,58.4,0,0.0,359,720
3.42,11.8,50.8,1.47,0.36,0.69,63.0,0.27,106.8,1,0.99,82,178
0.44,55.1,223.4,3.05,7.62,4.48,28.7,0.84,64.6,0,0.0,358,720
2.69,82.7,267.1,4.8,9.38,0.36,67.9,0.54,75.7,0,0.0,357,720
3.5,129.2,400.0,0.74,3.92,0.51,67.9,0.53,28.8,1,0.64,59,366
3.98,9.3,50.7,2.85,2.45,1.24,41.3,0.73,101.2,0,0.0,360,720
1.74,74.6,198.2,1.26,2.3,4.77,51.3,0.82,41.4,0,0.0,359,720
3.75,13.9,74.6,8.97,4.94,0.45,77.5,0.99,126.0,0,0.0,360,720
0.76,4.2,42.9,1.08,1.75,4.08,54.2,0.34,87.5,0,0.0,359,720
3.86,71.4,246.8,0.32,6.75,4.46,61.4,0.48,88.4,0,0.08,359,720
0.84,35.4,105.1,1.89,3.72,1.9,46.0,0.33,137.7,0,0.0,360,720
1.97,6.3,43.5,0.66,3.26,1.48,26.2,0.9,33.4,0,0.0,359,720
3.65,19.7,66.3,0.4,4.64,3.39,89.9,0.64,84.2,0,0.06,358,720
0.93,11.9,66.5,2.94,5.45,3.52,54.9,0.88,63.5,0,0.0,360,720
1.26,46.7,99.6,3.2,1.46,3.9,40.2,0.99,145.3,0,0.0,350,720
3.33,21.1,115.6,1.66,7.09,4.16,68.5,0.64,121.0,0,0.0,359,720
3.32,158.7,400.0,2.79,8.84,1.36,61.6,0.29,116.1,0,0.0,360,720
2.99,2.0,46.2,2.0,2.82,3.44,32.5,0.49,38.6,0,0.0,360,720
3.21,15.3,70.7,2.49,1.84,0.69,80.8,0.23,43.2,0,0.0,360,720
2.58,23.0,91.6,2.3,7.62,2.56,20.3,0.88,14.1,0,0.0,360,720
1.36,24.5,49.4,2.71,1.88,3.07,60.4,0.21,99.4,0,0.0,360,720
1.75,13.3,64.8,0.79,0.46,0.83,50.8,0.67,61.9,1,0.3,81,160
1.06,45.7,170.0,0.99,6.21,0.4,38.9,0.28,53.7,0,0.0,360,720
4.12,72.7,275.2,1.58,2.44,0.99,77.0,0.21,99.2,0,0.01,353,720
2.75,97.7,162.0,1.6,1.76,2.11,64.2,0.4,126.0,0,0.0,360,720
1.98,57.2,262.1,3.58,9.82,4.44,72.0,0.64,28.6,0,0.0,355,720
2.24,66.5,218.9,1.31,2.95,2.67,46.1,0.26,138.6,0,0.0,357,720
4.28,28.0,86.8,0.69,9.04,3.75,85.7,0.69,14.8,0,0.0,354,720
0.94,61.2,162.7,0.94,1.82,0.89,40.9,0.74,23.3,0,0.0,360,720
2.76,12.7,62.9,0.83,8.2,0.55,54.8,0.98,127.3,0,0.0,360,720
2.42,17.8,95.9,3.19,5.05,1.21,85.0,0.92,79.0,0,0.0,360,720
2.87,13.3,97.7,1.7,0.83,1.58,21.2,0.65,141.5,0,0.0,360,720
0.38,22.0,59.8,3.01,7.35,2.75,23.2,0.83,74.6,0,0.0,360,720
3.96,11.8,72.5,1.48,8.93,4.41,89.6,0.49,139.7,0,0.0,358,720
4.21,114.1,400.0,5.15,1.67,2.14,87.9,0.67,43.5,0,0.0,360,720
2.67,13.1,78.7,9.33,7.27,2.6,72.9,0.52,96.3,0,0.0,357,720
3.23,3.6,54.7,2.74,4.48,0.04,51.3,0.47,149.2,0,0.0,356,720
4.17,26.2,114.4,4.69,7.55,0.19,53.0,0.78,62.6,0,0.0,357,720
3.27,2.1,31.3,1.86,7.15,0.44,34.3,0.44,10.2,0,0.0,360,720
0.94,4.1,48.2,6.3,0.31,3.5,47.5,0.5,19.0,0,0.0,358,720
2.72,8.7,48.2,4.22,1.83,2.44,47.4,0.49,130.3,0,0.0,360,720
2.85,21.8,56.5,10.86,4.74,0.98,17.7,0.9,78.9,0,0.0,360,720
2.08,19.9,79.8,2.45,9.34,2.97,49.0,0.34,85.1,0,0.0,360,720
3.39,56.3,232.1,3.62,3.45,2.73,51.0,0.51,121.9,0,0.0,356,720
4.22,47.1,145.6,2.02,6.31,0.46,64.9,0.91,123.6,0,0.0,356,720
4.19,19.4,56.5,0.96,0.17,3.21,53.7,0.21,76.8,1,1.86,40,176
2.19,14.2,39.9,1.26,7.13,3.84,79.6,0.96,130.1,0,0.0,360,720
0.78,13.3,79.0,5.24,6.05,1.45,42.6,0.92,75.6,0,0.0,360,720
4.44,52.1,143.5,0.43,7.17,3.44,45.7,0.53,104.5,0,0.0,360,720
3.82,1.9,53.3,2.27,9.05,1.01,57.9,0.72,14.7,0,0.0,359,720
0.82,0.5,13.6,1.33,1.51,3.79,30.2,0.99,29.3,0,0.0,360,720
4.17,55.6,94.0,1.38,2.65,4.56,44.5,0.64,129.2,0,0.0,360,720
3.95,22.7,58.8,5.05,9.96,2.22,66.5,0.28,53.8,0,0.0,360,720
2.48,4.9,12.8,4.53,1.61,1.24,45.9,0.88,56.9,0,0.0,356,720
2.78,9.4,44.3,2.31,7.22,2.01,83.0,0.31,102.8,0,0.0,356,720
1.98,94.3,356.5,1.0,7.26,1.27,61.1,0.41,93.0,0,0.0,360,720
0.53,68.7,181.7,1.72,6.85,0.03,26.5,0.9,21.5,0,0.0,354,720
1.71,43.3,121.3,1.45,2.31,3.26,51.6,0.4,117.2,0,0.0,357,720
3.67,23.0,90.0,1.26,2.19,0.23,72.4,0.8,96.4,1,0.31,74,205
0.32,25.7,85.1,0.54,6.68,1.07,63.3,0.56,129.7,0,0.0,360,720
1.7,129.5,259.4,2.02,1.9,3.62,81.4,0.81,85.0,0,0.0,360,720
1.97,118.1,388.1,1.09,6.63,3.34,71.2,0.39,68.0,0,0.0,354,720
2.56,8.5,64.8,2.68,4.95,0.39,19.6,0.54,62.0,0,0.0,354,720
4.16,58.3,144.7,1.15,3.9,3.31,23.4,0.45,10.6,0,0.0,360,720
1.75,7.7,60.3,1.54,3.04,4.65,63.7,0.4,15.6,0,0.0,360,720
1.76,8.4,54.5,0.42,9.48,0.39,32.9,0.45,28.4,0,0.0,355,720
3.4,39.5,137.1,11.08,5.11,2.09,59.1,0.46,140.1,0,0.0,356,720
2.2,18.2,64.0,1.86,5.63,3.65,74.4,0.96,133.3,0,0.0,360,720
1.24,93.9,261.4,0.35,9.5,3.35,58.3,0.63,79.6,0,0.03,360,720
2.2,3.3,33.0,2.01,6.56,1.15,46.2,0.57,35.2,0,0.0,360,720
0.89,25.1,73.0,4.79,9.58,0.83,63.5,0.6,30.5,0,0.0,356,720
1.04,87.8,259.9,3.56,1.11,3.93,25.8,1.0,45.9,0,0.0,360,720
2.39,82.1,206.9,2.96,8.47,4.78,69.2,0.72,137.2,0,0.0,359,720
2.06,6.0,63.2,0.63,3.39,3.84,67.3,0.76,83.0,0,0.0,359,720
4.14,16.0,59.8,2.66,8.11,4.82,53.6,0.45,122.6,0,0.0,354,720
1.82,33.8,101.7,3.5,8.56,3.03,35.9,0.58,80.9,0,0.0,360,720
2.74,6.1,59.2,2.17,2.75,4.65,74.8,0.35,95.3,0,0.0,358,720
2.96,120.5,268.3,5.21,4.12,3.46,53.3,0.75,95.4,0,0.0,360,720
0.35,86.2,345.6,1.01,7.27,4.55,19.4,0.48,14.4,0,0.0,360,720
3.09,6.4,65.7,0.91,1.04,0.82,83.9,0.8,72.3,1,0.75,59,153
1.05,4.5,55.6,4.78,7.57,4.08,72.6,0.37,131.0,0,0.0,360,720
4.34,3.1,33.9,2.46,1.15,1.0,58.9,0.52,78.5,0,0.0,352,720
0.92,84.1,245.4,0.3,9.15,0.16,47.8,0.58,70.9,0,0.09,357,720
2.04,7.5,59.6,1.26,2.8,2.6,87.0,0.33,83.7,0,0.0,360,720
0.66,18.8,107.9,4.59,5.78,1.6,73.1,0.26,63.3,0,0.0,352,720
4.49,20.9,105.2,0.36,1.22,0.24,55.1,0.45,82.2,1,2.28,26,165
2.41,32.0,103.3,0.31,2.73,4.9,64.0,0.64,28.9,1,0.34,51,169
2.8,2.6,41.3,1.03,4.07,3.34,36.1,0.72,145.5,0,0.0,360,720
0.58,9.0,66.9,5.7,4.9,4.51,29.7,0.54,14.8,0,0.0,357,720
3.45,93.8,232.3,5.4,0.05,5.0,35.5,0.6,77.6,0,0.0,354,720
1.18,83.7,301.2,1.91,8.89,1.97,37.0,0.63,39.4,0,0.0,350,720
4.07,53.2,166.9,2.07,0.13,1.29,70.5,0.61,18.2,1,0.63,71,254
1.16,0.7,20.8,1.19,7.75,0.94,25.5,0.27,101.2,0,0.0,358,720
1.1,13.9,66.6,0.91,4.73,2.59,73.3,0.52,147.9,0,0.0,351,720
0.45,34.6,123.6,4.01,5.26,3.04,54.3,0.36,114.9,0,0.0,355,720
2.28,11.3,81.9,0.55,2.12,2.37,43.8,0.63,45.6,1,0.19,54,149
2.67,84.1,232.5,1.77,6.09,1.95,37.5,0.81,79.1,0,0.0,358,720
0.58,35.2,91.8,2.51,5.4,0.86,53.5,0.66,17.0,0,0.0,360,720
3.56,2.6,19.7,0.54,1.68,2.22,38.8,0.38,84.4,1,0.87,51,147
2.2,83.9,340.0,1.91,2.42,0.44,47.2,0.37,23.9,0,0.0,360,720
2.5,110.8,301.6,2.2,0.72,4.33,70.4,0.23,121.2,0,0.0,360,720
2.15,2.8,14.3,3.28,0.71,0.25,61.9,0.54,17.9,0,0.0,360,720
1.98,26.6,109.1,0.89,0.19,1.92,71.1,0.55,11.3,1,0.44,58,154
2.65,12.7,51.0,1.06,2.24,0.52,68.5,0.39,130.6,0,0.0,360,720
0.95,17.5,51.6,2.15,6.81,3.88,76.1,0.81,142.0,0,0.0,357,720
1.06,6.9,52.9,9.28,3.2,1.58,30.1,0.51,22.1,0,0.0,356,720
3.92,30.2,90.6,0.84,3.46,0.58,89.6,0.74,49.0,1,0.35,60,195
4.27,110.9,358.0,9.68,1.36,2.67,50.7,0.71,113.8,0,0.0,360,720
1.87,24.5,78.0,3.06,5.78,4.58,68.9,0.68,85.6,0,0.0,347,720
1.44,3.0,28.0,4.15,3.45,4.55,65.8,0.93,142.9,0,0.0,360,720
3.0,33.9,114.7,0.51,6.78,1.26,57.5,0.21,64.5,0,0.0,358,720
2.02,14.6,28.9,1.09,7.43,3.6,89.7,0.25,10.5,0,0.0,360,720
0.41,67.8,295.6,0.43,5.87,0.17,31.3,0.78,12.8,0,0.0,353,720
0.96,20.0,95.4,1.32,2.8,0.68,46.6,0.48,89.1,0,0.0,360,720
3.31,7.5,27.2,9.05,5.11,2.51,24.6,0.99,115.3,0,0.0,360,720
3.07,7.4,72.0,0.54,2.56,1.16,28.6,0.37,120.7,1,0.44,58,162
0.41,51.3,156.2,2.12,9.03,4.0,68.5,0.35,137.6,0,0.0,360,720
1.23,10.8,25.5,0.31,7.68,4.66,15.4,0.67,42.1,0,0.0,355,720
1.27,51.0,165.4,3.04,4.96,0.04,81.7,0.42,113.4,0,0.0,360,720
3.12,8.1,47.4,0.78,9.66,1.18,62.5,0.47,125.8,0,0.0,360,720
0.38,13.6,69.1,0.61,5.49,2.21,48.1,0.94,127.1,0,0.0,358,720
0.74,21.9,74.1,1.2,3.32,2.82,39.9,0.22,67.6,0,0.0,360,720
3.66,100.4,218.7,3.54,1.0,4.58,24.5,0.63,97.6,0,0.0,351,720
1.05,94.0,194.9,0.55,5.46,4.46,84.1,0.47,87.2,0,0.0,358,720
3.04,8.1,36.0,0.87,8.61,3.19,68.4,0.48,93.6,0,0.0,350,720
1.3,15.5,71.1,0.32,8.67,1.3,40.2,0.4,49.5,0,0.0,360,720
0.72,5.7,67.9,7.9,6.07,3.92,20.3,0.31,105.7,0,0.0,359,720
1.32,25.0,87.1,2.27,3.96,1.03,39.4,0.23,109.4,0,0.0,359,720
3.33,21.6,80.5,3.1,6.52,4.83,28.8,0.99,37.4,0,0.0,360,720
3.89,80.9,240.7,2.62,7.63,0.05,74.0,0.73,72.1,0,0.0,359,720
3.79,93.1,200.3,0.64,4.15,2.86,69.0,0.82,69.1,1,0.28,71,270
1.97,16.9,90.6,2.29,4.79,0.46,52.4,0.25,114.9,0,0.0,360,720
3.11,23.7,71.0,0.61,6.82,2.05,81.4,0.21,103.3,0,0.0,360,720
1.16,79.3,171.8,1.43,8.77,3.18,28.6,0.68,76.7,0,0.0,357,720
1.53,57.5,183.9,2.15,7.92,3.45,48.9,0.78,101.4,0,0.0,355,720
4.06,0.1,29.3,2.1,0.27,3.93,68.3,0.52,46.8,1,0.34,108,227
0.35,13.5,53.5,0.58,1.29,2.97,20.1,0.51,42.5,0,0.0,357,720
0.66,19.2,53.1,0.38,8.54,1.27,43.0,0.51,43.6,0,0.0,360,720
1.17,9.1,50.1,3.82,8.35,4.45,57.9,0.32,14.1,0,0.0,360,720
0.41,7.8,41.1,3.15,3.92,4.06,42.5,0.8,106.8,0,0.0,360,720
1.06,1.3,48.2,0.49,5.86,0.82,51.0,0.37,148.0,0,0.0,360,720
2.75,36.1,148.5,0.6,9.06,4.14,60.6,0.46,53.3,0,0.0,359,720
2.07,10.7,37.9,5.21,9.12,4.86,42.6,0.74,140.2,0,0.0,360,720
4.05,1.9,27.3,3.52,7.84,3.19,23.0,0.2,94.9,0,0.0,360,720
3.73,9.2,67.0,12.54,2.14,1.42,25.5,0.81,41.5,0,0.0,360,720
1.74,56.7,230.0,0.94,7.32,3.04,54.5,0.92,11.7,0,0.0,360,720
1.39,66.7,246.5,1.77,1.06,1.73,28.1,0.24,111.3,0,0.0,360,720
1.89,23.1,94.4,0.89,8.94,3.39,81.7,0.67,107.5,0,0.0,359,720
2.78,18.8,75.4,2.44,1.53,2.73,77.6,0.53,42.1,0,0.0,355,720
1.43,133.4,400.0,0.57,6.64,4.65,41.2,0.26,56.6,0,0.0,345,720
2.92,7.8,79.7,0.6,6.12,3.1,77.3,0.75,135.7,0,0.0,350,720
2.02,8.5,47.2,0.46,7.78,1.09,55.0,0.69,32.0,0,0.0,360,720
2.62,12.1,76.4,2.9,5.54,3.63,26.9,0.71,127.0,0,0.0,360,720
2.13,6.6,42.2,1.8,0.64,1.52,61.1,0.85,33.7,0,0.0,359,720
1.54,16.7,57.7,2.42,7.07,1.38,66.0,0.43,77.4,0,0.0,360,720
4.28,84.6,286.9,4.95,3.86,1.97,21.3,0.74,79.9,0,0.0,360,720
3.51,33.4,79.2,3.27,3.24,0.08,38.6,0.79,76.1,0,0.0,348,720
0.89,18.6,99.3,1.66,9.92,4.85,15.4,0.34,50.3,0,0.0,360,720
3.95,95.4,356.9,9.45,5.92,2.67,38.7,0.97,45.5,0,0.0,360,720
2.35,1.7,6.9,1.64,7.12,3.87,40.2,0.47,112.6,0,0.0,360,720
4.06,8.3,54.6,0.56,5.29,1.3,62.3,0.77,48.6,0,0.0,360,720
3.66,29.2,109.2,11.11,7.71,3.74,29.9,0.8,95.4,0,0.0,351,720
2.09,33.5,95.7,0.35,7.53,2.84,17.3,0.6,128.5,0,0.0,360,720
0.39,1.4,21.0,2.06,6.59,2.13,38.7,0.3,127.2,0,0.0,356,720
1.43,18.1,82.4,1.11,9.98,4.85,76.9,0.42,33.4,0,0.0,360,720
2.57,36.7,123.5,1.84,4.62,2.48,44.9,0.39,101.7,0,0.0,360,720
2.96,41.9,125.2,2.1,7.08,3.29,46.1,0.61,94.3,0,0.0,358,720
1.38,35.6,149.7,0.9,7.99,0.1,50.2,0.41,49.5,0,0.0,360,720
0.89,13.5,54.9,2.09,3.79,1.52,71.4,0.64,64.8,0,0.0,356,720
3.81,3.4,57.7,3.4,4.6,4.45,51.0,0.43,49.9,0,0.0,360,720
4.43,19.5,78.2,0.98,9.69,3.8,21.8,0.2,85.2,0,0.0,357,720
2.51,4.8,46.4,1.36,0.37,2.69,30.5,0.49,122.5,1,0.41,112,198
1.02,103.2,322.0,0.99,3.39,4.5,29.1,0.69,132.9,0,0.0,355,720
1.44,22.6,109.1,4.08,4.89,2.44,53.1,0.82,111.2,0,0.0,360,720
0.38,13.4,73.2,3.14,0.06,2.84,17.2,0.22,77.7,0,0.0,360,720
4.14,50.9,128.2,4.81,9.0,1.92,36.3,0.41,144.1,0,0.0,350,720
0.79,24.1,47.3,0.71,2.9,3.11,60.5,0.99,88.9,0,0.0,360,720
2.72,13.0,50.4,0.47,2.61,1.61,41.6,0.41,77.0,1,0.32,54,146
1.45,58.5,159.7,0.58,8.21,1.94,68.1,0.82,129.9,0,0.0,357,720
2.63,70.6,220.2,0.69,2.82,4.83,44.3,0.61,35.8,1,0.26,57,226
3.04,39.1,80.9,1.98,6.59,0.57,88.4,0.3,32.1,0,0.0,360,720
3.78,1.7,52.6,8.08,8.22,0.54,87.4,0.71,119.6,0,0.0,360,720
1.17,29.2,83.5,1.27,7.94,0.24,75.0,0.97,131.9,0,0.0,359,720
0.35,50.4,160.9,7.3,7.83,1.61,86.6,0.91,20.2,0,0.0,353,720
0.87,5.1,16.8,0.39,0.93,2.0,30.4,0.75,117.0,1,0.25,78,125
4.08,9.1,54.0,6.05,0.84,0.49,71.3,0.61,69.4,0,0.0,359,720
3.97,74.9,293.9,0.74,3.1,2.75,39.1,0.46,108.5,1,0.43,50,297
2.81,0.7,26.2,5.66,0.41,2.92,69.4,0.49,28.9,0,0.0,358,720
2.82,48.9,171.9,0.43,5.03,3.76,43.0,0.48,146.2,0,0.03,357,720
3.09,22.5,84.1,6.81,3.98,4.88,36.7,0.94,133.4,0,0.0,360,720
1.04,20.7,105.2,0.79,5.59,3.1,86.9,0.37,66.8,0,0.0,354,720
4.14,0.2,35.1,1.09,3.02,0.58,30.7,0.5,135.1,1,0.36,88,211
2.06,59.9,160.8,1.79,4.88,0.46,71.9,0.55,135.3,0,0.0,356,720
1.91,15.6,93.9,1.35,3.38,3.89,65.6,0.53,74.6,0,0.0,360,720
2.48,27.2,123.3,2.72,1.99,3.26,37.8,0.2,142.6,0,0.0,358,720
0.5,39.6,181.4,8.4,6.51,0.83,49.4,0.42,146.8,0,0.0,360,720
1.0,42.4,116.5,2.35,6.75,1.28,25.7,0.6,40.4,0,0.0,360,720
3.4,109.3,400.0,3.11,8.3,3.76,84.1,0.81,19.3,0,0.0,360,720
0.65,26.5,71.8,0.5,8.75,2.84,87.6,0.66,56.4,0,0.0,354,720
2.83,17.9,35.0,2.47,7.06,2.93,69.9,0.51,78.4,0,0.0,359,720
1.33,107.5,397.6,1.63,6.89,1.07,78.7,0.73,23.0,0,0.0,360,720
1.94,36.0,80.0,5.07,0.61,3.15,21.2,0.73,29.7,0,0.0,358,720
1.51,12.4,40.9,1.38,1.14,3.86,43.8,0.4,146.0,0,0.0,360,720
1.79,4.7,18.2,2.8,8.13,4.43,39.8,0.28,113.2,0,0.0,360,720
3.32,64.7,161.6,0.87,2.37,3.69,57.4,0.84,132.5,1,0.41,49,208
1.55,15.7,60.7,0.96,3.59,2.89,28.8,0.62,146.0,0,0.0,360,720
2.68,37.8,137.8,1.34,1.5,3.37,57.3,0.34,62.9,0,0.0,356,720
2.3,22.3,69.7,1.1,1.99,2.44,64.1,0.41,106.3,0,0.0,360,720
3.09,7.8,45.7,0.94,7.77,1.15,24.9,0.81,35.8,0,0.0,356,720
4.23,32.2,129.3,0.41,2.66,4.41,24.9,0.72,87.2,1,0.77,43,215
3.38,2.2,41.7,4.29,4.52,2.67,17.7,0.96,39.4,0,0.0,360,720
1.2,18.7,77.1,0.45,1.56,2.98,72.1,0.57,32.5,1,0.16,59,140
0.43,27.7,122.0,5.1,6.8,4.95,39.8,0.24,23.8,0,0.0,357,720
1.4,20.0,106.8,0.59,7.3,4.93,31.9,0.76,91.2,0,0.0,360,720
2.8,48.3,111.6,0.45,3.65,2.94,73.4,0.4,143.0,0,0.1,356,720
0.52,61.6,133.0,2.12,7.86,0.19,25.7,0.46,27.1,0,0.0,359,720
2.38,51.6,111.3,1.84,2.44,1.99,47.0,0.36,80.3,0,0.0,357,720
2.81,1.4,4.4,1.79,6.93,4.69,70.9,0.45,106.2,0,0.0,356,720
1.7,7.6,57.8,2.18,7.31,1.46,58.0,0.86,79.4,0,0.0,360,720
3.54,26.9,113.2,1.04,9.69,5.0,56.6,0.66,137.6,0,0.0,360,720
0.75,95.6,170.0,2.69,2.36,0.44,26.8,0.29,33.3,0,0.0,360,720
0.62,63.1,246.8,1.84,0.98,2.85,28.6,0.67,13.4,0,0.0,360,720
3.36,64.7,181.3,1.2,2.67,2.59,58.7,0.71,63.6,0,0.0,360,720
2.38,12.6,78.0,4.15,1.27,1.29,16.8,0.91,87.8,0,0.0,357,720
3.19,19.6,115.2,3.16,1.74,4.74,80.2,0.89,45.6,0,0.0,360,720
2.13,22.3,40.7,1.4,3.37,3.1,41.3,0.25,33.6,0,0.0,360,720
1.33,6.0,36.9,4.44,4.17,1.17,46.2,0.89,122.7,0,0.0,360,720
3.74,1.1,6.6,5.86,9.04,1.93,34.4,0.24,36.4,0,0.0,360,720
3.66,102.7,388.3,1.99,2.0,3.61,80.8,0.32,72.0,0,0.0,360,720
3.22,9.6,26.7,0.83,9.72,1.5,63.2,0.29,143.6,0,0.0,360,720
1.44,9.6,61.0,5.74,8.11,4.4,48.7,0.35,95.8,0,0.0,360,720
2.78,3.0,31.7,0.76,8.82,0.85,58.9,0.84,79.7,0,0.0,358,720
1.82,92.3,262.4,0.41,9.3,1.34,43.5,0.75,60.4,0,0.11,355,720
0.68,30.3,114.1,1.17,7.54,0.74,49.9,0.75,82.9,0,0.0,360,720
4.15,38.5,130.5,3.16,7.9,0.54,41.8,0.94,112.8,0,0.0,354,720
0.87,84.9,309.7,5.95,4.41,1.52,45.8,0.51,125.2,0,0.0,360,720
4.29,14.8,54.1,2.53,5.13,5.0,38.6,0.2,101.0,0,0.0,351,720
2.17,34.0,94.5,6.97,9.33,0.49,20.8,0.71,120.6,0,0.0,360,720
1.08,1.4,24.5,0.51,3.81,1.08,17.8,0.89,22.4,0,0.0,359,720
2.58,7.2,21.4,0.44,0.47,1.37,28.1,0.98,12.0,1,0.91,32,100
3.97,62.3,232.4,2.34,7.64,3.1,33.9,0.49,112.8,0,0.0,359,720
3.38,51.0,123.6,7.75,5.75,3.73,81.8,0.86,46.6,0,0.0,346,720
3.69,15.1,61.0,1.84,8.16,3.76,60.8,0.88,132.9,0,0.0,358,720
3.07,16.6,73.3,0.42,0.8,0.06,86.9,0.32,85.0,1,1.57,25,140
3.21,26.7,136.5,0.85,6.23,3.27,40.5,0.71,77.0,0,0.0,356,720
3.87,0.0,34.1,0.92,2.51,3.16,45.1,0.34,118.2,1,0.18,88,180
1.35,9.7,24.8,1.21,9.04,2.6,69.0,0.56,113.8,0,0.0,353,720
2.36,8.2,22.8,0.4,1.14,1.91,58.3,0.9,108.6,1,0.82,42,121
1.23,10.1,66.0,5.48,8.44,3.99,54.6,0.83,106.6,0,0.0,356,720
4.45,57.4,206.2,1.89,0.93,1.73,58.2,0.66,82.2,1,0.39,57,274
4.27,11.5,55.7,2.75,0.3,1.17,58.8,0.85,139.7,0,0.15,353,720
0.47,7.4,18.1,0.45,2.39,1.56,72.4,0.32,134.7,0,0.0,360,720
3.26,24.6,91.6,0.42,3.36,2.21,65.1,0.36,56.1,1,0.17,58,187
4.19,70.3,223.0,2.24,6.28,1.09,86.8,0.37,122.7,0,0.0,357,720
1.06,9.7,33.8,5.1,1.36,3.05,86.1,0.82,134.8,0,0.0,360,720
2.69,2.9,19.4,1.95,4.4,4.42,46.6,0.91,96.6,0,0.0,355,720
4.15,15.4,58.8,4.92,2.08,2.99,17.7,0.65,87.8,0,0.0,358,720
0.44,48.2,186.7,3.97,8.56,2.24,15.8,0.97,104.1,0,0.0,360,720
3.23,28.0,84.7,0.47,0.5,3.99,24.2,0.78,32.8,1,1.38,20,139
1.55,59.4,252.4,0.8,3.59,3.75,20.6,0.65,22.2,0,0.0,356,720
4.18,112.3,400.0,2.66,6.33,1.85,43.0,0.69,124.8,0,0.0,360,720
4.38,55.1,214.9,1.59,9.14,3.03,19.0,0.88,90.3,0,0.0,360,720
4.27,32.4,106.8,1.06,8.69,3.65,61.9,0.27,27.2,0,0.0,355,720
2.29,23.8,69.7,1.49,8.96,1.24,29.3,0.33,68.3,0,0.0,360,720
3.92,1.4,12.5,1.6,0.68,1.84,53.5,0.41,51.8,1,0.51,82,159
3.85,145.4,316.3,5.61,8.42,0.55,22.7,0.92,132.6,0,0.0,360,720
1.64,16.9,39.1,0.54,7.81,4.94,77.1,0.96,81.0,0,0.0,360,720
3.78,5.8,12.2,1.02,9.03,0.45,73.5,0.48,90.9,0,0.0,356,720
0.46,38.5,131.2,2.0,3.15,0.86,44.0,0.94,42.9,0,0.0,360,720
2.8,11.7,55.0,2.94,9.12,2.41,83.3,0.64,121.9,0,0.0,356,720
1.27,30.8,122.5,2.49,4.06,4.33,28.9,0.58,140.2,0,0.0,360,720
0.81,30.9,70.1,6.55,6.36,1.79,76.0,0.87,120.9,0,0.0,360,720
0.62,20.7,49.4,3.79,4.27,3.85,55.9,0.64,79.0,0,0.0,357,720
3.22,63.3,213.1,2.09,4.31,3.39,39.7,0.56,126.9,0,0.0,360,720
1.73,10.8,64.8,0.83,5.49,3.2,21.3,0.21,36.3,0,0.0,357,720
3.34,20.8,80.8,1.62,3.59,4.23,27.8,0.21,25.9,0,0.0,360,720
0.57,27.0,126.2,2.9,7.94,0.09,79.7,0.7,71.4,0,0.0,360,720
1.62,38.1,131.1,4.3,6.35,4.65,60.5,0.26,35.4,0,0.0,358,720
2.57,53.6,168.6,7.37,6.91,4.15,32.8,0.79,46.3,0,0.0,351,720
3.62,17.6,68.8,2.35,2.35,4.69,52.2,0.7,91.9,0,0.0,360,720
1.64,36.4,143.3,1.95,9.7,3.97,23.1,0.57,66.5,0,0.0,360,720
2.93,5.7,45.1,0.34,6.62,4.4,22.4,0.77,131.2,0,0.0,360,720
4.02,94.4,259.4,0.46,2.01,1.03,83.1,0.99,41.6,1,1.19,28,246
2.89,16.9,57.3,0.67,7.52,1.61,49.3,0.4,149.6,0,0.0,360,720
1.28,45.8,97.4,0.42,1.78,1.59,42.1,0.65,60.3,1,0.2,47,114
0.4,0.7,22.4,1.43,0.68,0.56,86.2,0.87,82.2,0,0.0,360,720
3.95,8.0,50.6,1.2,5.3,3.65,44.9,0.21,28.5,0,0.0,360,720
0.39,23.4,78.8,2.53,5.56,0.7,40.2,0.36,91.1,0,0.0,360,720
3.97,73.7,275.2,1.99,1.93,0.28,35.5,0.62,144.6,1,0.27,75,312
2.52,26.2,64.1,2.29,3.52,3.88,57.4,0.64,114.9,0,0.0,360,720
4.24,93.0,400.0,1.7,9.46,4.53,56.9,0.27,44.2,0,0.0,355,720
3.65,23.1,112.7,1.02,2.89,3.83,16.2,0.53,72.0,0,0.0,358,720
4.49,23.6,61.9,7.02,1.6,4.13,64.1,0.62,69.6,0,0.0,358,720
1.77,4.5,62.5,0.5,9.93,2.99,74.1,0.54,23.7,0,0.0,360,720
3.52,56.8,154.7,6.45,3.06,4.44,61.2,0.76,134.0,0,0.0,351,720
1.99,9.9,19.1,1.12,6.82,2.49,80.2,0.82,63.4,0,0.0,360,720
2.32,80.5,278.5,1.88,2.35,4.94,35.7,0.57,79.2,0,0.0,350,720
2.94,84.6,226.4,0.55,5.52,0.54,29.4,0.54,50.8,1,0.16,73,263
3.97,100.5,366.2,0.46,3.89,4.05,67.3,0.76,31.3,1,0.53,55,332
4.43,25.7,97.8,1.53,9.62,3.21,29.1,0.64,136.3,0,0.0,360,720
3.53,39.6,121.9,3.28,4.36,2.91,21.8,0.9,15.2,0,0.0,356,720
2.05,52.8,219.7,0.99,5.86,3.63,22.2,0.58,66.0,0,0.0,360,720
2.07,4.9,13.9,2.12,9.45,4.2,72.6,0.66,112.3,0,0.0,360,720
3.4,32.2,102.1,1.02,9.89,4.32,17.2,0.3,53.2,0,0.0,360,720
1.3,1.2,6.9,1.38,1.06,0.89,36.7,0.87,72.4,0,0.0,360,720
0.76,24.1,76.6,5.51,8.35,1.0,24.7,0.54,89.0,0,0.0,360,720
1.79,5.9,41.7,4.56,3.85,0.1,71.6,0.78,149.3,0,0.0,358,720
1.51,7.1,27.5,1.9,5.97,0.68,52.8,0.54,116.2,0,0.0,356,720
1.54,15.9,46.9,0.9,3.78,1.33,30.4,0.2,145.4,0,0.0,360,720
1.28,19.8,91.3,0.77,4.04,3.61,71.3,0.52,107.0,0,0.0,360,720
0.48,34.2,82.5,7.08,1.63,2.39,71.3,0.32,47.7,0,0.0,357,720
0.38,2.7,30.8,0.8,5.75,3.79,54.2,0.52,50.2,0,0.0,354,720
4.45,24.5,111.8,3.93,5.49,2.44,35.7,0.46,125.1,0,0.0,360,720
2.1,7.1,53.0,1.31,1.93,2.79,59.0,0.36,69.9,0,0.0,360,720
1.91,29.9,147.8,9.64,5.44,0.57,85.0,0.3,61.8,0,0.0,360,720
3.15,35.5,112.0,1.31,9.73,3.89,18.9,0.78,142.3,0,0.0,360,720
1.22,28.5,102.6,1.25,7.16,3.8,35.0,0.8,11.9,0,0.0,360,720
4.29,46.9,214.9,2.53,4.84,1.55,36.4,0.41,83.5,0,0.0,360,720
3.6,14.3,55.8,7.47,9.17,1.66,62.4,0.6,118.5,0,0.0,355,720
0.68,50.7,134.2,8.52,5.77,1.11,63.8,0.57,113.1,0,0.0,356,720
2.05,19.8,62.6,3.0,1.39,4.07,30.5,0.48,61.5,0,0.0,357,720
3.99,23.2,113.6,3.39,5.5,3.74,31.2,0.42,85.0,0,0.0,359,720
4.27,36.6,120.1,2.12,1.85,3.05,84.6,0.35,10.8,0,0.0,357,720
2.26,0.6,32.8,3.4,7.69,1.21,71.7,0.9,84.9,0,0.0,359,720
2.88,37.1,90.3,4.62,9.67,0.88,85.1,0.87,92.7,0,0.0,360,720
1.0,33.7,170.5,1.76,3.64,0.27,77.2,0.53,132.5,0,0.0,357,720
4.46,13.0,79.8,2.43,4.38,0.25,45.2,0.78,39.5,0,0.0,360,720
1.27,3.1,45.2,2.0,4.24,0.95,24.1,0.6,125.5,0,0.0,360,720
4.26,3.3,8.3,2.12,2.89,0.52,62.2,0.27,110.5,0,0.0,359,720
3.03,89.8,248.3,5.16,7.95,2.79,41.4,0.86,103.2,0,0.0,357,720
2.85,40.9,84.2,1.27,6.2,1.8,46.9,0.38,65.2,0,0.0,360,720
2.45,4.8,19.4,0.81,0.69,2.24,46.9,0.77,61.4,1,0.41,63,122
1.27,15.4,84.2,1.64,8.4,2.98,85.2,0.62,108.5,0,0.0,359,720
1.04,31.4,132.5,0.81,1.91,3.3,20.2,0.75,148.6,0,0.0,357,720
1.23,63.2,151.7,1.82,9.79,3.25,29.5,0.58,66.7,0,0.0,355,720
1.08,1.6,32.9,5.44,3.8,1.32,60.6,0.76,138.6,0,0.0,356,720
3.57,9.5,26.8,2.41,6.18,4.05,81.3,0.23,92.1,0,0.0,357,720
1.77,77.2,230.5,4.55,0.82,4.59,83.8,0.23,131.5,0,0.0,355,720
0.54,0.3,46.8,0.7,3.48,1.59,56.9,0.92,40.4,0,0.0,360,720
4.37,7.9,25.3,5.38,8.03,0.1,17.6,0.8,116.7,0,0.0,360,720
4.01,111.8,249.2,2.33,4.8,4.5,42.2,0.86,126.9,0,0.0,360,720
4.2,33.3,126.2,0.37,9.05,4.62,83.9,0.57,126.5,0,0.0,353,720
4.48,10.6,56.3,2.51,5.77,0.27,52.5,0.57,119.9,0,0.0,359,720
1.03,2.4,21.5,6.95,9.29,0.04,69.5,0.63,52.6,0,0.0,360,720
1.96,1.0,20.1,0.48,9.83,4.09,35.2,0.39,83.1,0,0.0,360,720
3.48,9.8,36.7,2.22,4.57,1.52,16.9,0.79,52.0,0,0.0,356,720
3.22,74.6,327.5,5.74,5.67,4.57,58.4,0.86,58.0,0,0.0,354,720
0.95,18.8,67.0,0.32,8.36,1.1,77.6,0.93,52.2,0,0.0,360,720
3.73,44.6,114.8,2.49,2.25,4.31,89.3,0.61,49.8,0,0.0,357,720
1.24,87.7,256.6,1.72,8.62,0.36,78.5,0.53,107.1,0,0.0,360,720
1.24,18.4,58.3,1.24,5.94,1.32,56.5,0.86,101.0,0,0.0,360,720
2.56,7.4,37.6,2.47,7.27,4.87,60.7,0.8,38.6,0,0.0,359,720
2.79,25.5,90.3,0.42,0.84,1.17,76.8,0.89,106.8,1,1.14,28,137
2.74,83.5,248.8,3.38,7.67,0.68,16.5,0.72,50.7,0,0.0,359,720
0.68,57.1,142.9,0.31,3.14,4.29,86.4,0.91,38.2,0,0.0,351,720
3.99,2.4,15.6,1.11,8.06,0.61,54.8,0.27,114.6,0,0.0,360,720
1.42,41.3,180.8,1.84,5.12,0.51,86.4,0.74,60.8,0,0.0,358,720
0.84,29.7,100.7,1.34,2.78,1.63,72.3,0.27,89.7,0,0.0,360,720
4.03,83.3,258.1,1.11,9.53,3.18,26.4,0.8,38.0,0,0.0,356,720
4.31,4.6,9.0,4.21,7.66,3.56,27.4,0.7,95.9,0,0.0,360,720
3.92,26.7,56.5,6.31,9.86,4.41,41.5,0.21,39.1,0,0.0,360,720
3.7,74.1,254.1,4.85,3.68,2.71,34.8,0.68,33.4,0,0.0,360,720
3.05,18.5,73.6,1.93,6.51,1.98,47.9,0.32,64.1,0,0.0,360,720
2.61,23.0,65.5,5.04,6.14,1.81,60.3,0.31,120.6,0,0.0,351,720
0.67,2.6,51.3,5.88,6.89,4.24,47.7,0.32,34.7,0,0.0,360,720
2.02,11.4,54.2,1.46,0.43,3.62,19.2,0.59,26.4,0,0.0,360,720
1.87,13.7,92.0,1.03,2.95,4.53,88.2,0.29,14.4,0,0.0,360,720
1.39,101.6,214.5,0.53,9.1,4.82,46.9,0.3,68.2,0,0.0,355,720
3.34,11.6,47.3,1.73,4.27,1.51,78.8,0.4,49.5,0,0.0,353,720
2.38,21.6,73.4,6.73,9.61,2.66,20.5,0.2,50.9,0,0.0,360,720
0.64,38.9,132.3,2.11,2.17,3.17,75.8,0.42,147.5,0,0.0,360,720
1.22,6.2,46.5,2.72,9.97,0.84,28.0,0.69,37.2,0,0.0,360,720
3.17,23.3,85.3,0.56,6.99,0.29,66.0,0.68,74.2,0,0.0,360,720
0.62,47.0,208.8,0.64,7.78,4.34,64.6,0.98,148.1,0,0.0,352,720
3.88,70.6,271.9,1.67,4.0,2.69,83.2,0.3,14.3,0,0.0,359,720
2.38,34.4,54.6,6.95,9.07,2.86,39.1,0.89,107.5,0,0.0,360,720
2.32,38.7,182.5,1.28,5.48,2.78,23.2,0.51,62.0,0,0.0,360,720
2.79,4.7,52.0,4.92,6.83,3.78,79.8,0.51,136.9,0,0.0,360,720
3.76,102.0,400.0,0.58,0.99,0.74,39.9,0.48,137.7,1,2.16,18,319
1.76,5.0,46.5,2.41,6.34,3.08,32.4,0.3,64.2,0,0.0,357,720
3.15,52.2,158.2,2.32,8.8,2.36,51.5,0.58,41.0,0,0.0,360,720
2.68,10.8,46.4,4.62,1.82,4.49,26.0,0.83,69.9,0,0.0,352,720
1.42,94.9,173.2,0.31,7.39,2.61,37.3,0.9,145.1,0,0.13,355,720
3.99,44.5,150.7,0.76,0.3,4.72,43.9,0.97,49.4,1,1.81,30,220
3.65,49.1,194.6,0.85,9.27,1.78,35.8,0.83,147.4,0,0.0,360,720
3.07,8.7,69.6,6.89,9.83,4.84,48.8,0.7,124.7,0,0.0,352,720
3.87,20.5,73.1,0.67,3.57,4.38,43.8,0.6,47.4,0,0.1,360,720
3.94,33.7,155.6,0.38,1.12,2.93,73.1,0.9,120.7,1,1.68,28,210
3.28,51.4,134.4,1.98,6.6,1.78,83.9,0.79,17.0,0,0.0,360,720
3.82,3.8,41.9,1.95,0.35,1.89,22.6,0.33,86.7,1,0.41,103,210
3.23,114.8,178.2,4.39,4.85,3.87,76.7,0.75,60.0,0,0.0,351,720
3.16,77.3,191.8,6.84,2.75,2.91,84.9,0.54,69.8,0,0.0,354,720
2.9,11.0,70.6,2.0,4.76,2.02,66.5,0.68,76.2,0,0.0,360,720
3.46,60.6,112.8,6.15,0.23,3.19,89.7,0.92,80.4,0,0.0,360,720
0.97,25.6,63.7,3.14,0.56,3.67,40.1,0.72,101.9,0,0.0,354,720
4.0,21.7,48.6,0.98,0.21,0.13,77.3,0.95,107.5,1,2.34,43,182
3.96,13.2,54.1,6.1,6.21,0.47,65.5,0.89,146.6,0,0.0,360,720
0.42,30.4,67.1,2.72,5.62,0.49,39.3,0.3,116.8,0,0.0,348,720
3.77,45.8,157.5,1.48,2.37,1.18,67.9,0.21,106.3,0,0.0,350,720
0.84,18.5,75.8,2.81,6.48,2.15,53.2,0.51,64.9,0,0.0,360,720
1.71,34.7,123.2,1.43,8.85,4.02,29.2,0.89,26.5,0,0.0,360,720
3.42,42.1,78.8,0.57,2.81,1.77,28.0,0.38,18.2,1,0.29,50,179
0.98,43.5,137.2,3.09,8.33,0.11,68.5,0.75,76.9,0,0.0,348,720
3.74,1.9,42.2,4.12,6.64,2.43,68.4,0.58,103.6,0,0.0,352,720
3.79,68.8,166.8,3.17,0.39,4.98,54.8,0.8,101.0,0,0.0,360,720
2.43,21.5,60.7,0.87,3.78,1.76,52.6,0.33,143.4,0,0.0,360,720
0.33,10.7,33.2,7.2,5.1,4.81,28.5,0.39,63.5,0,0.0,359,720
1.51,9.7,69.6,0.36,7.33,0.52,47.2,0.39,97.9,0,0.0,358,720
2.89,23.1,99.8,1.19,2.91,0.88,80.4,0.64,134.3,0,0.0,360,720
4.42,76.3,235.7,0.96,9.83,3.63,79.1,0.43,66.6,0,0.0,360,720
2.95,16.6,51.6,0.41,6.86,2.52,64.6,0.85,76.9,0,0.0,360,720
1.39,48.5,189.4,1.44,3.76,3.83,89.8,0.48,139.2,0,0.0,355,720
2.96,3.6,16.4,2.45,1.02,4.32,82.0,0.73,87.0,0,0.0,360,720
2.57,22.6,90.7,5.01,1.85,1.27,25.9,0.96,121.9,0,0.0,358,720
3.58,167.6,400.0,10.36,4.9,3.42,44.9,0.69,141.0,0,0.0,357,720
0.75,51.5,129.6,3.93,4.97,3.05,24.9,0.39,89.9,0,0.0,357,720
3.5,8.3,53.8,1.69,7.69,4.31,50.0,0.86,25.3,0,0.0,360,720
2.57,24.4,90.1,3.13,7.28,2.16,73.2,0.21,125.0,0,0.0,360,720
4.34,9.3,57.4,4.38,2.05,0.28,26.7,0.41,124.5,0,0.0,350,720
1.74,18.4,43.2,1.68,5.97,2.88,81.0,0.51,26.1,0,0.0,356,720
2.96,53.0,138.3,3.68,0.26,4.8,57.7,0.36,86.7,0,0.0,358,720
4.21,51.6,149.6,1.75,4.02,0.09,71.2,0.68,78.2,0,0.0,360,720
0.73,9.1,70.1,1.37,7.65,1.22,18.4,0.65,128.6,0,0.0,356,720
4.24,89.4,347.5,1.94,4.03,1.59,22.0,0.53,48.4,0,0.0,358,720
3.19,31.4,104.8,2.78,8.36,3.83,61.6,0.44,69.7,0,0.0,360,720
0.58,16.7,89.8,3.16,9.76,1.63,77.9,0.55,94.7,0,0.0,360,720
1.56,24.4,99.7,1.27,6.09,1.21,80.5,0.43,82.4,0,0.0,360,720
3.27,32.5,154.3,2.16,1.49,3.25,66.6,0.38,143.7,0,0.0,359,720
0.58,28.7,134.1,5.59,3.83,0.25,30.1,0.48,144.5,0,0.0,360,720
2.75,23.3,103.8,8.53,0.14,0.87,29.6,0.68,21.4,0,0.0,360,720
1.75,24.6,68.1,0.87,6.05,2.05,81.1,0.72,51.7,0,0.0,360,720
2.91,6.8,32.6,0.77,8.22,1.79,23.5,0.44,11.1,0,0.0,360,720
0.49,58.6,197.5,2.78,6.32,1.75,66.5,0.96,68.5,0,0.0,360,720
3.96,27.3,143.3,1.48,7.87,0.56,55.0,0.41,102.7,0,0.0,360,720
4.39,4.9,27.5,0.35,8.01,1.82,46.6,0.77,76.0,0,0.0,360,720
4.37,50.9,152.0,1.24,8.52,3.99,48.0,0.27,19.4,0,0.0,360,720
3.45,94.3,243.5,3.92,2.7,2.08,85.9,0.73,37.4,0,0.0,360,720
0.85,103.0,207.1,3.81,8.72,2.94,79.6,0.57,34.3,0,0.0,360,720
3.48,16.1,25.5,1.8,6.56,0.83,79.9,0.66,81.6,0,0.0,353,720
0.4,5.1,30.5,1.71,2.93,0.37,45.5,0.35,104.9,0,0.0,360,720
0.39,25.6,114.3,2.21,9.87,4.4,23.0,0.55,54.3,0,0.0,360,720
1.66,4.2,16.4,0.84,9.5,1.67,89.8,0.81,28.3,0,0.0,354,720
2.35,95.1,274.5,1.94,5.77,1.76,25.9,0.81,121.8,0,0.0,360,720
3.54,7.1,63.7,0.32,8.44,4.39,53.7,0.39,130.2,0,0.0,360,720
3.17,10.2,77.7,1.72,2.65,3.54,34.8,0.48,48.7,0,0.0,360,720
2.17,18.3,112.0,1.2,4.19,3.79,53.3,0.2,68.9,0,0.0,358,720
1.45,16.9,52.2,2.77,1.88,3.42,37.9,0.27,21.5,0,0.0,360,720
4.49,55.4,239.6,2.54,5.23,0.55,82.3,0.3,41.9,0,0.0,357,720
2.09,21.3,66.9,1.35,4.99,4.79,87.6,0.43,117.4,0,0.0,359,720
2.2,6.6,49.7,0.32,2.17,4.55,45.8,0.81,61.1,1,0.34,55,123
0.99,10.9,53.2,0.94,6.74,1.2,20.3,0.61,94.7,0,0.0,360,720
3.64,24.9,102.9,2.51,1.22,4.02,64.8,0.83,142.5,0,0.0,356,720
3.21,5.6,34.2,0.47,0.66,2.06,43.2,0.8,111.3,1,1.4,32,131
1.23,33.1,91.4,0.55,3.88,3.43,88.9,0.67,73.5,0,0.0,357,720
0.65,29.2,108.4,2.59,4.13,0.84,21.7,0.6,61.4,0,0.0,358,720
3.16,43.9,150.9,3.4,3.23,2.7,23.9,0.95,36.7,0,0.0,357,720
3.05,97.2,364.7,1.15,2.62,0.65,67.5,0.66,115.9,1,0.37,53,322
1.45,85.2,206.3,1.78,3.42,2.69,71.9,0.59,25.7,0,0.0,354,720
4.29,102.2,264.0,6.71,1.68,1.23,50.3,0.9,18.6,0,0.0,360,720
0.93,9.8,86.5,6.7,4.06,2.27,35.8,0.26,24.7,0,0.0,355,720
2.12,4.9,54.0,1.11,9.05,3.35,38.2,0.72,44.0,0,0.0,360,720
4.26,12.6,93.0,3.95,2.28,4.39,40.3,0.29,97.8,0,0.0,358,720
2.06,78.9,212.8,2.28,6.86,0.84,31.9,0.86,130.6,0,0.0,360,720
2.98,125.2,263.5,8.46,1.46,4.47,78.8,0.83,149.0,0,0.0,360,720
1.97,68.6,193.1,1.73,3.57,1.96,19.9,0.6,112.4,0,0.0,351,720
1.45,4.1,37.6,3.58,3.25,4.22,45.5,0.73,30.4,0,0.0,359,720
4.43,103.1,189.3,3.52,9.37,2.57,71.1,0.82,48.9,0,0.0,360,720
2.02,19.3,77.6,1.81,4.31,4.31,15.3,0.59,28.5,0,0.0,356,720
4.06,0.3,18.6,3.79,6.92,3.32,80.9,0.92,26.2,0,0.0,360,720
1.27,20.4,60.3,0.97,6.04,2.55,68.0,0.55,89.5,0,0.0,360,720
1.2,1.7,22.2,0.59,1.45,1.58,20.5,0.91,136.9,1,0.19,109,164
0.43,27.5,71.0,1.52,9.4,4.85,82.1,0.67,105.8,0,0.0,360,720
3.04,14.5,80.5,6.63,3.49,4.01,51.5,0.54,122.1,0,0.0,360,720
1.85,22.4,105.9,1.83,0.5,1.92,63.9,0.2,81.1,0,0.0,360,720
3.93,33.2,94.3,2.52,3.04,0.85,81.2,0.44,76.5,0,0.0,360,720
2.29,71.1,227.0,2.45,3.39,3.9,81.1,0.89,141.2,0,0.0,358,720
4.37,38.0,187.8,0.61,0.97,4.95,45.7,0.54,111.1,1,1.68,22,241
1.08,19.9,120.4,1.39,6.22,1.41,32.8,0.54,74.3,0,0.0,360,720
3.95,59.9,156.4,3.0,3.5,4.58,34.3,0.59,56.6,0,0.0,360,720
3.56,82.6,143.8,8.17,6.31,0.64,72.4,0.43,23.0,0,0.0,356,720
3.54,4.5,35.1,0.7,0.12,4.76,84.7,0.59,124.9,1,1.85,36,156
3.85,26.6,114.2,1.46,9.82,3.73,20.4,0.5,33.7,0,0.0,360,720
3.5,11.7,86.9,0.52,1.75,1.75,16.1,0.93,82.1,1,0.77,38,168
2.93,1.7,55.0,0.91,6.61,1.54,76.7,0.65,99.2,0,0.0,360,720
0.85,38.6,130.7,1.34,7.17,3.22,44.0,0.87,114.2,0,0.0,352,720
0.44,69.5,134.6,2.01,1.76,2.98,35.7,0.75,21.7,0,0.0,357,720
4.17,6.2,65.3,0.88,1.16,4.6,29.1,0.37,11.5,1,0.95,45,180
2.89,58.6,183.7,0.87,1.57,3.84,41.0,0.89,108.8,1,0.66,47,216
3.65,67.2,253.5,3.61,2.51,2.71,87.9,0.27,73.6,0,0.0,355,720
2.32,86.0,236.7,7.53,1.72,4.64,88.3,0.56,35.4,0,0.0,357,720
0.79,10.8,40.6,1.16,6.76,2.97,39.9,0.39,147.5,0,0.0,360,720
0.83,82.0,201.5,2.86,4.24,4.25,87.3,0.63,120.8,0,0.0,360,720
3.18,13.5,34.2,0.96,5.4,4.21,37.5,0.44,91.0,0,0.0,360,720
2.11,28.1,77.2,6.09,0.52,4.6,79.1,0.78,108.3,0,0.0,360,720
1.14,1.8,46.0,2.76,8.62,0.36,30.9,0.95,31.7,0,0.0,360,720
2.36,1.6,5.5,3.87,1.75,2.93,77.0,0.77,144.7,0,0.0,353,720
0.57,44.6,78.2,0.41,3.63,2.35,41.5,0.48,149.5,0,0.0,353,720
2.74,20.6,45.9,2.31,0.77,2.46,29.7,0.68,100.8,0,0.0,346,720
1.43,10.4,53.5,1.95,1.41,2.31,85.1,0.91,103.6,0,0.0,360,720
3.65,7.4,66.5,1.06,6.67,4.19,31.1,0.42,108.6,0,0.0,355,720
1.6,38.8,126.5,0.97,6.94,1.61,89.4,0.29,103.2,0,0.0,357,720
2.21,0.0,7.3,2.21,6.79,2.32,23.1,0.3,71.4,0,0.0,358,720
0.35,57.4,208.5,3.0,5.54,1.02,15.8,0.6,85.7,0,0.0,357,720
0.6,2.9,54.8,0.37,9.53,1.27,80.3,0.79,49.6,0,0.0,360,720
1.95,7.4,13.1,2.14,5.1,3.31,59.0,0.73,72.6,0,0.0,359,720
2.32,17.1,92.2,0.71,4.52,0.6,46.6,0.56,71.1,0,0.0,358,720
2.82,23.2,118.8,0.63,2.51,0.96,21.1,0.78,50.3,1,0.25,49,179
1.52,15.3,91.8,2.45,1.03,2.65,58.1,0.71,120.1,0,0.0,360,720
3.22,13.5,50.3,1.12,5.5,0.24,44.5,0.7,67.4,0,0.0,360,720
3.91,116.3,311.4,1.58,3.18,0.65,51.3,0.36,87.2,0,0.0,360,720
3.58,35.9,70.3,1.28,5.26,4.32,62.3,0.45,31.9,0,0.0,360,720
0.47,0.8,14.1,2.6,2.1,4.23,63.0,0.48,76.5,0,0.0,357,720
2.32,19.7,81.6,1.7,8.39,1.75,87.0,0.85,116.6,0,0.0,359,720
0.74,72.8,184.7,7.58,10.0,1.75,64.1,0.82,72.2,0,0.0,360,720
1.32,12.6,80.5,1.26,3.26,4.68,40.5,0.4,88.1,0,0.0,359,720
4.44,3.5,38.7,3.27,8.43,0.15,39.7,0.24,108.2,0,0.0,360,720
0.9,49.7,125.0,0.95,8.74,2.91,50.8,0.81,64.5,0,0.0,349,720
2.4,32.6,133.3,1.86,9.96,3.0,34.4,0.53,59.5,0,0.0,358,720
2.9,29.6,117.6,2.07,3.46,3.94,43.2,0.38,22.0,0,0.0,360,720
3.25,1.9,51.5,1.18,7.57,4.76,78.2,0.29,91.5,0,0.0,358,720
2.65,5.3,45.5,1.7,2.33,1.79,79.5,0.21,109.0,0,0.0,360,720
0.34,34.1,101.4,1.02,6.27,2.2,62.1,0.54,91.4,0,0.0,360,720
1.67,8.2,58.3,0.31,7.06,3.36,58.7,0.47,49.7,0,0.0,360,720
2.47,24.5,129.3,0.83,7.42,4.84,47.0,0.76,46.7,0,0.0,360,720
0.67,27.6,128.8,2.95,2.11,4.46,62.7,0.98,32.3,0,0.0,360,720
1.77,11.7,40.2,3.54,8.49,3.34,75.5,0.37,16.6,0,0.0,349,720
0.44,103.8,268.9,1.02,4.24,4.29,70.3,0.39,69.8,0,0.0,360,720
0.63,64.7,168.5,1.45,2.2,0.44,17.7,0.47,32.5,0,0.0,357,720
1.97,44.9,159.3,0.38,5.45,1.9,69.8,0.57,106.7,0,0.0,353,720
0.86,2.8,54.8,0.9,8.64,0.09,69.0,0.76,144.6,0,0.0,360,720
2.68,3.9,51.0,3.62,9.67,0.9,22.4,0.48,20.3,0,0.0,360,720
3.2,23.8,77.2,2.35,7.49,3.16,26.3,0.28,135.0,0,0.0,360,720
3.66,6.1,61.3,0.81,0.11,4.43,74.1,0.78,102.1,1,1.74,40,135
1.14,134.0,276.4,0.95,1.39,3.17,56.9,0.84,130.4,1,0.26,43,229
1.0,6.0,47.4,4.03,0.81,3.33,76.6,0.4,31.7,0,0.0,360,720
0.74,23.4,103.2,0.82,1.06,0.54,28.9,0.31,136.9,0,0.0,360,720
2.97,15.8,53.0,1.19,3.86,3.33,17.3,0.62,144.1,0,0.0,360,720
3.27,35.7,103.1,2.7,3.42,2.28,27.1,0.37,136.9,0,0.0,353,720
0.43,4.8,51.1,2.11,1.18,3.26,48.9,0.5,120.0,0,0.0,360,720
4.23,19.7,75.3,1.66,8.83,1.64,54.2,0.82,22.6,0,0.0,360,720
0.52,11.2,80.6,5.36,6.17,2.92,79.3,0.38,40.9,0,0.0,359,720
2.57,76.5,274.9,0.85,7.97,2.13,68.7,0.85,137.8,0,0.0,360,720
3.28,1.5,41.0,3.28,3.75,2.8,89.3,0.74,42.1,0,0.0,360,720
3.96,85.8,281.2,0.68,4.13,0.75,20.9,0.38,58.7,1,0.57,48,281
3.3,62.6,187.6,2.4,3.21,1.99,24.8,0.62,17.1,0,0.0,359,720
3.67,12.4,52.9,4.8,4.41,1.88,21.3,0.69,97.9,0,0.0,360,720
1.73,54.5,243.4,1.65,6.12,3.69,55.4,0.36,88.9,0,0.0,354,720
3.72,1.1,32.7,3.13,4.96,3.54,35.0,0.32,144.6,0,0.0,360,720
0.64,119.3,304.0,4.08,8.39,4.55,66.3,0.62,134.9,0,0.0,360,720
4.06,26.2,94.2,0.62,9.01,3.17,25.0,0.76,80.8,0,0.0,352,720
2.6,12.6,35.4,2.99,4.72,1.59,22.7,0.57,95.3,0,0.0,357,720
3.73,15.8,63.6,5.85,2.44,3.92,49.5,0.26,67.8,0,0.0,360,720
2.2,2.4,25.5,2.19,9.45,2.5,43.2,0.94,28.5,0,0.0,352,720
3.0,159.0,324.9,0.75,7.36,0.98,77.2,0.76,131.5,0,0.1,358,720
2.51,1.4,3.0,0.6,6.42,3.74,77.8,0.7,86.9,0,0.0,359,720
3.37,37.2,146.2,0.96,7.47,0.68,23.8,0.71,69.6,0,0.0,360,720
0.64,20.5,121.5,0.54,0.81,0.91,75.9,0.52,19.6,0,0.0,358,720
0.55,104.1,341.6,1.88,0.72,3.8,57.3,0.99,103.2,0,0.0,360,720
1.34,9.9,54.1,0.46,1.57,3.86,52.8,0.31,66.0,0,0.09,360,720
0.97,26.6,108.8,0.86,1.52,3.96,22.1,0.79,45.5,0,0.0,360,720
3.96,23.0,84.6,1.58,4.24,1.48,70.5,0.54,132.7,0,0.0,360,720
1.22,42.5,108.7,1.71,1.62,4.34,19.5,0.9,35.7,0,0.0,360,720
4.4,2.5,18.7,2.13,8.55,3.62,35.8,0.77,82.1,0,0.0,360,720
1.71,7.5,59.5,2.99,5.8,4.17,22.2,0.65,121.4,0,0.0,352,720
1.06,8.5,23.0,0.41,3.71,3.55,54.8,0.95,128.9,0,0.0,360,720
3.62,46.9,129.6,0.48,0.74,2.91,63.4,0.93,124.6,1,1.6,29,190
3.07,7.3,20.3,0.44,5.93,0.56,81.8,0.24,135.5,0,0.0,352,720
2.39,29.8,125.0,1.51,1.21,3.56,70.0,0.35,29.9,0,0.0,353,720
2.63,8.5,20.7,0.39,7.45,3.46,87.1,0.74,141.7,0,0.0,360,720
3.32,69.2,196.4,3.32,8.04,1.58,72.1,0.94,11.5,0,0.0,353,720
1.26,99.8,296.2,0.86,5.46,3.68,37.4,0.54,45.8,0,0.0,359,720
4.48,25.6,134.2,6.46,1.54,2.76,56.1,0.23,21.8,0,0.0,357,720
4.39,15.2,71.8,1.77,7.88,2.81,49.3,0.71,142.4,0,0.0,360,720
3.03,9.3,78.5,1.6,3.11,1.85,57.4,0.36,69.4,0,0.0,360,720
1.14,1.8,31.7,3.64,2.27,0.6,57.9,0.64,54.1,0,0.0,360,720
3.16,10.9,56.2,3.05,4.73,1.1,67.7,0.51,33.4,0,0.0,360,720
0.6,37.2,118.1,2.36,9.23,3.85,21.2,0.65,31.8,0,0.0,360,720
0.43,26.7,86.2,6.32,3.01,1.37,71.0,0.95,96.0,0,0.0,356,720
1.38,100.9,387.0,1.51,9.06,0.03,25.8,0.59,16.6,0,0.0,360,720
2.24,17.7,60.5,3.94,0.58,4.99,17.0,0.23,93.2,0,0.0,360,720
3.95,41.4,131.6,1.35,0.88,1.07,53.9,0.66,118.5,1,0.84,61,246
3.35,23.5,111.4,4.31,7.0,3.28,58.6,0.46,94.1,0,0.0,359,720
3.42,25.2,80.0,0.96,1.95,4.64,17.6,0.82,125.7,1,0.3,50,160
2.09,10.9,59.8,1.05,3.2,3.01,53.7,0.58,47.1,0,0.0,358,720
1.75,21.2,68.2,2.79,1.41,4.0,55.1,0.79,20.8,0,0.0,360,720
1.86,22.3,72.7,0.83,3.36,4.88,18.9,0.93,110.9,0,0.0,356,720
4.45,42.9,140.8,0.87,2.84,4.3,68.4,0.49,125.9,1,0.32,56,239
0.47,98.8,312.2,1.1,7.38,2.8,30.8,0.99,80.2,0,0.0,358,720
3.94,14.0,51.5,2.8,7.04,1.83,74.6,0.32,124.9,0,0.0,360,720
2.73,1.5,7.7,5.14,9.55,2.42,38.3,0.72,74.1,0,0.0,360,720
2.14,24.0,87.8,2.77,7.26,4.21,50.8,0.23,37.8,0,0.0,360,720
3.35,27.5,102.0,4.17,6.96,4.27,81.9,0.37,76.4,0,0.0,360,720
2.34,6.5,51.1,2.03,6.96,4.23,75.5,0.71,40.2,0,0.0,360,720
3.97,50.0,200.6,0.46,8.84,2.99,73.6,0.24,76.1,0,0.0,360,720
4.08,146.8,269.1,0.53,3.0,2.4,27.0,0.28,30.7,1,0.68,39,283
2.07,102.0,400.0,2.08,3.04,1.57,18.6,0.43,36.0,0,0.0,360,720
1.46,7.7,43.1,1.17,7.43,0.04,60.4,0.66,133.6,0,0.0,354,720
2.79,72.9,163.6,0.85,2.33,3.83,45.8,0.21,26.2,0,0.0,355,720
4.13,42.7,92.2,1.68,9.12,1.4,83.2,0.59,41.4,0,0.0,360,720
1.18,21.2,92.9,2.72,5.37,1.66,41.2,0.7,149.4,0,0.0,360,720
2.92,27.2,99.7,1.37,3.04,4.22,45.8,0.52,90.6,0,0.0,353,720
2.95,66.3,191.2,3.87,7.77,0.28,54.5,0.25,92.0,0,0.0,360,720
3.38,22.9,68.1,3.25,3.16,4.64,74.7,0.69,128.3,0,0.0,359,720
0.85,16.3,66.9,3.22,9.63,0.03,35.1,0.68,83.4,0,0.0,356,720
3.31,23.8,92.6,9.57,9.83,4.7,85.6,0.6,41.0,0,0.0,358,720
4.12,30.3,107.6,1.07,6.68,2.28,55.5,0.75,69.1,0,0.0,360,720
1.05,7.3,63.4,2.58,1.18,0.53,78.1,0.37,115.7,0,0.0,360,720
1.3,80.9,225.5,4.56,2.67,3.38,54.4,0.74,132.1,0,0.0,360,720
4.38,39.3,137.8,2.21,5.18,4.48,72.9,0.33,48.2,0,0.0,360,720
1.06,35.1,109.8,3.73,8.52,2.2,18.9,0.51,46.7,0,0.0,354,720
3.89,3.7,22.2,1.48,1.89,3.46,74.9,0.25,55.9,0,0.0,360,720
2.37,32.4,131.0,2.26,1.09,4.9,54.3,0.86,93.5,0,0.0,358,720
1.34,4.5,46.9,0.43,0.79,1.22,48.7,0.63,49.0,1,0.27,72,146
3.96,2.9,34.8,9.65,5.09,4.11,23.4,0.98,135.0,0,0.0,358,720
2.17,26.2,132.5,3.84,8.85,1.49,70.6,0.95,146.9,0,0.0,360,720
2.46,18.0,96.4,4.77,0.47,2.14,24.8,1.0,105.1,0,0.0,359,720
1.81,31.1,106.4,2.91,2.16,1.42,29.4,0.28,145.8,0,0.0,360,720
2.79,3.3,47.4,0.75,6.95,2.24,24.5,0.69,50.3,0,0.0,359,720
0.99,19.7,62.9,0.37,8.27,0.05,15.5,0.53,124.1,0,0.0,354,720
1.94,6.7,13.2,4.7,8.08,1.53,64.6,0.63,105.0,0,0.0,360,720
4.37,152.3,400.0,1.41,7.86,2.24,35.3,0.45,46.8,0,0.0,360,720
1.38,28.8,99.1,0.97,1.34,3.17,26.2,0.24,54.6,0,0.0,360,720
3.06,40.7,146.2,2.11,4.0,3.19,39.0,0.77,78.4,0,0.0,360,720
1.67,13.8,74.6,1.5,9.85,2.93,52.4,0.97,120.8,0,0.0,359,720
3.55,3.5,32.3,2.62,9.89,1.48,52.8,0.63,132.1,0,0.0,360,720
0.85,130.4,276.4,1.75,6.04,4.74,42.5,0.46,98.8,0,0.0,360,720
4.37,11.8,55.5,2.93,7.11,1.97,52.1,0.95,111.0,0,0.0,354,720
2.21,19.3,59.1,4.52,9.52,1.1,47.1,0.49,46.9,0,0.0,351,720
1.29,36.7,105.2,0.78,4.53,2.78,76.7,0.93,113.8,0,0.0,352,720
0.61,0.9,41.4,1.18,1.41,3.75,17.2,0.88,94.7,0,0.0,360,720
1.01,58.2,124.5,1.56,6.71,0.08,80.1,0.62,41.2,0,0.0,358,720
2.48,26.9,125.9,7.5,9.6,1.4,33.3,0.74,143.0,0,0.0,360,720
1.72,11.4,68.4,1.3,6.99,4.13,69.1,0.76,81.8,0,0.0,359,720
3.78,2.2,34.0,1.36,8.04,2.54,45.4,0.71,121.2,0,0.0,352,720
2.11,6.2,56.4,2.63,4.26,2.05,37.1,0.33,83.6,0,0.0,360,720
1.34,78.9,244.1,1.5,1.01,4.66,61.2,0.75,140.6,0,0.0,356,720
2.89,40.5,82.6,6.95,1.73,0.47,72.7,0.2,29.8,0,0.0,360,720
3.27,10.1,33.9,5.25,9.83,3.09,48.7,0.77,86.5,0,0.0,360,720
1.0,2.4,45.2,1.88,4.96,1.72,50.0,0.64,13.5,0,0.0,360,720
1.0,41.1,148.8,2.58,0.17,0.37,19.4,0.41,37.6,0,0.0,360,720
0.45,29.7,98.1,0.43,9.56,1.08,84.3,0.84,49.3,0,0.0,353,720
3.39,18.1,82.5,2.92,5.0,3.15,78.5,0.52,76.2,0,0.0,360,720
3.09,15.8,72.3,3.0,8.37,0.16,44.8,0.59,124.8,0,0.0,360,720
2.29,8.6,33.2,1.28,5.51,2.97,72.4,0.22,75.3,0,0.0,360,720
3.85,38.8,123.3,0.85,1.06,4.79,38.5,0.52,88.6,1,1.18,45,200
3.68,123.5,400.0,5.73,6.17,3.98,69.8,0.33,139.4,0,0.0,359,720
2.76,6.8,38.4,1.52,9.97,1.74,53.8,0.42,115.9,0,0.0,360,720
3.95,31.8,126.3,2.63,0.4,0.71,49.6,0.4,17.0,0,0.0,360,720
1.16,19.3,62.8,0.37,8.43,2.34,19.2,0.24,34.7,0,0.0,358,720
0.77,20.7,44.0,1.48,2.39,1.98,87.4,0.57,15.4,0,0.0,360,720
1.43,10.3,41.8,4.04,3.97,4.86,77.8,0.62,19.7,0,0.0,360,720
0.54,61.0,129.7,1.38,3.76,4.95,74.5,0.66,57.4,0,0.0,356,720
2.53,23.2,110.6,2.33,8.99,2.06,37.9,0.57,111.9,0,0.0,360,720
4.23,27.4,91.3,0.82,5.07,0.76,36.7,0.9,44.2,0,0.04,352,720
0.47,12.7,35.6,1.49,4.5,4.55,58.0,0.23,64.9,0,0.0,360,720
0.81,7.0,71.2,6.08,8.19,3.97,78.5,0.69,65.1,0,0.0,360,720
2.2,3.1,20.3,2.14,0.54,2.57,85.1,0.89,92.6,0,0.0,360,720
4.22,43.8,175.9,5.41,0.91,1.84,35.2,0.23,135.0,0,0.0,360,720
1.63,7.6,74.1,5.41,0.27,2.25,60.6,0.6,147.7,0,0.0,356,720
2.43,41.0,109.2,6.65,6.9,4.51,69.3,0.67,94.6,0,0.0,359,720
0.47,17.3,103.1,5.27,5.28,0.94,32.0,0.35,80.7,0,0.0,360,720
0.92,18.8,64.3,0.31,8.77,4.04,45.6,0.4,105.5,0,0.0,360,720
4.44,22.2,102.3,6.28,5.01,0.11,29.1,0.83,103.5,0,0.0,358,720
4.35,16.0,76.3,0.63,2.26,4.6,67.4,0.65,83.4,1,0.56,42,183
0.32,3.7,8.9,0.39,8.06,2.51,79.8,0.45,113.2,0,0.0,360,720
4.3,13.0,64.7,0.43,2.98,1.15,80.8,0.81,78.8,1,0.5,43,177
2.98,38.1,98.7,1.24,9.36,0.03,65.3,0.8,149.5,0,0.0,360,720
3.95,38.4,120.0,2.43,2.54,2.81,41.0,0.48,16.9,0,0.0,360,720
2.21,11.8,67.5,1.43,1.72,1.24,64.6,0.59,72.1,0,0.0,360,720
2.47,21.6,83.0,0.36,4.96,3.16,79.8,0.73,65.6,0,0.0,360,720
2.35,7.5,32.7,1.72,0.55,1.42,61.9,0.47,117.8,0,0.0,360,720
3.1,8.3,44.5,1.58,0.41,0.46,46.0,0.7,36.7,1,0.45,81,189
0.89,0.8,24.7,3.41,4.99,2.54,84.0,0.4,70.8,0,0.0,360,720
0.43,79.5,333.4,1.02,2.19,2.83,77.6,0.43,107.7,0,0.0,360,720
1.59,8.3,41.0,0.84,0.14,2.27,81.2,0.45,94.4,1,0.4,86,145
3.26,9.0,31.1,0.95,3.0,2.3,82.7,0.95,86.3,0,0.0,360,720
1.15,11.5,75.3,1.1,4.8,2.96,44.5,0.87,70.9,0,0.0,357,720
3.13,4.8,56.2,2.31,3.97,2.64,79.5,0.65,115.3,0,0.0,354,720
4.37,35.7,110.3,1.7,1.4,0.68,57.8,0.65,100.5,1,0.55,62,239
0.69,2.7,37.9,1.2,5.82,1.0,17.9,0.24,132.5,0,0.0,355,720
3.12,5.0,26.3,1.33,7.12,0.73,62.7,0.72,112.6,0,0.0,360,720
2.16,36.2,128.3,1.32,6.77,3.47,50.3,0.46,29.7,0,0.0,360,720
3.95,14.5,41.1,8.2,3.97,2.65,35.6,0.69,96.7,0,0.0,360,720
1.04,43.1,174.2,0.88,1.42,2.16,87.8,0.87,16.2,0,0.0,358,720
3.21,28.5,114.6,4.05,5.02,4.0,19.1,0.24,64.2,0,0.0,358,720
3.82,10.4,55.3,3.01,8.91,1.64,85.9,0.69,67.7,0,0.0,360,720
4.27,36.8,135.3,0.31,4.71,2.85,26.9,0.65,129.7,1,0.37,62,240
3.17,4.3,21.7,11.27,2.0,0.39,43.3,0.37,35.3,0,0.0,360,720
2.39,26.9,108.1,3.41,0.98,3.73,46.3,0.72,100.1,0,0.0,351,720
2.89,20.1,88.9,2.82,9.44,3.48,69.8,0.64,36.9,0,0.0,360,720
3.95,10.9,60.8,1.44,7.44,4.02,31.2,0.81,142.8,0,0.0,360,720
2.7,32.4,81.1,2.08,3.16,4.42,89.0,0.29,84.1,0,0.0,360,720
0.43,71.8,205.3,0.94,2.99,3.79,71.2,0.55,109.1,0,0.0,360,720
4.21,180.0,400.0,0.38,8.96,4.23,74.2,1.0,100.5,1,0.82,96,410
3.2,32.8,54.5,4.28,1.82,1.74,23.0,0.75,52.5,0,0.0,359,720
3.14,18.2,33.1,5.29,5.37,1.73,50.7,0.75,136.2,0,0.0,360,720
1.21,8.9,46.3,0.69,7.15,4.72,85.9,0.45,97.8,0,0.0,360,720
3.07,10.4,26.9,3.7,3.99,4.57,35.3,0.28,81.4,0,0.0,360,720
1.95,22.9,102.4,3.27,0.45,2.75,25.9,0.96,84.0,0,0.0,360,720
3.04,16.0,69.4,0.73,2.32,1.85,51.4,0.28,134.7,1,0.29,56,188
0.75,85.8,235.8,1.51,9.02,4.33,84.8,0.99,18.3,0,0.0,357,720
3.06,16.1,82.5,1.51,5.26,1.63,51.5,0.3,64.5,0,0.0,360,720
4.5,16.4,91.9,3.44,8.16,0.79,45.4,0.34,127.8,0,0.0,352,720
0.5,16.9,62.1,4.3,5.58,3.2,63.8,0.45,15.3,0,0.0,360,720
4.4,63.4,216.6,0.52,9.44,0.23,85.3,0.61,99.5,1,0.46,104,340
2.01,36.8,146.6,2.12,9.1,1.91,18.7,0.83,66.5,0,0.0,360,720
3.96,33.3,88.1,3.46,4.85,4.04,26.5,0.98,38.6,0,0.0,356,720
3.59,14.2,56.1,3.69,3.22,1.49,25.0,0.49,95.6,0,0.0,358,720
2.68,59.6,115.6,0.65,6.04,4.66,21.4,0.22,126.3,0,0.0,359,720
3.4,1.4,52.7,1.94,6.77,4.78,37.7,0.69,75.4,0,0.0,360,720
3.99,71.6,155.6,4.59,5.01,4.08,32.2,0.77,30.5,0,0.0,360,720
2.0,25.2,74.1,1.14,8.23,4.94,56.2,0.52,52.9,0,0.0,360,720
1.67,17.8,61.9,1.52,1.87,2.66,39.5,0.35,147.4,0,0.0,360,720
3.1,24.1,41.3,3.89,3.38,2.85,45.4,0.44,25.6,0,0.0,354,720
3.69,38.5,73.6,0.51,6.88,4.18,85.6,0.72,32.5,0,0.0,360,720
3.5,0.4,3.6,4.62,2.5,2.47,26.7,0.6,148.6,0,0.0,360,720
3.65,71.8,193.2,1.12,4.43,2.05,44.1,0.79,133.5,0,0.0,360,720
2.13,20.7,115.6,0.3,9.64,3.08,34.3,0.37,109.0,0,0.0,360,720
3.73,14.7,62.5,0.89,6.28,3.3,56.2,0.87,31.1,0,0.0,360,720
0.8,5.2,14.1,0.51,9.49,3.76,70.2,0.32,43.7,0,0.0,356,720
2.59,20.3,91.4,0.51,7.24,3.35,76.3,0.46,35.2,0,0.0,360,720
0.32,24.0,91.0,2.9,7.26,3.73,53.6,0.67,98.3,0,0.0,360,720
1.66,18.1,71.3,0.83,5.94,3.38,79.1,0.79,65.8,0,0.0,350,720
1.84,39.7,164.2,6.3,1.46,2.41,73.9,0.41,16.7,0,0.0,360,720
1.96,19.1,100.6,1.9,5.22,0.69,26.8,0.96,50.8,0,0.0,354,720
3.22,113.9,358.7,1.66,2.56,3.93,33.4,0.76,130.5,0,0.0,360,720
1.93,32.0,91.0,1.55,9.99,0.17,65.4,0.37,121.4,0,0.0,360,720
2.18,57.7,156.5,2.9,2.71,4.96,88.1,0.78,100.0,0,0.0,359,720
1.3,4.1,60.7,1.62,2.35,4.15,43.2,0.76,22.0,0,0.0,360,720
1.87,17.7,82.5,0.6,6.26,3.36,32.2,0.8,133.6,0,0.0,356,720
1.25,14.4,71.1,4.97,5.13,4.83,80.2,0.93,84.8,0,0.0,348,720
0.61,29.5,90.2,1.53,0.26,3.07,30.0,0.77,79.2,0,0.0,359,720
2.83,69.1,237.0,0.47,1.34,0.3,67.3,0.48,140.8,1,1.3,27,195
3.11,2.9,18.9,1.96,8.12,2.81,17.6,0.83,11.2,0,0.0,360,720
2.9,2.6,54.1,2.59,4.86,1.4,16.4,0.76,87.8,0,0.0,344,720
2.25,66.5,159.9,1.01,1.5,1.86,48.9,0.66,120.8,1,0.17,43,183
1.9,8.4,40.7,3.84,4.68,2.31,64.2,0.48,18.9,0,0.0,353,720
3.93,38.7,153.9,2.74,2.57,3.88,25.7,0.94,60.0,0,0.0,360,720
2.48,27.4,63.6,2.61,2.27,2.52,72.3,0.61,146.8,0,0.0,360,720
2.31,62.6,210.2,1.5,9.58,2.38,24.7,0.7,39.7,0,0.0,354,720
0.41,4.7,40.4,7.49,3.65,1.52,55.0,0.53,84.4,0,0.0,359,720
1.73,4.9,27.2,1.01,0.51,2.71,38.1,0.82,114.4,1,0.18,104,155
1.9,28.5,68.5,2.2,9.7,1.26,71.4,0.47,64.7,0,0.0,360,720
1.98,102.4,372.7,1.11,7.96,1.32,75.3,0.85,67.1,0,0.0,358,720
2.74,18.8,92.2,3.3,2.58,3.79,20.0,0.29,18.9,0,0.0,358,720
2.54,13.9,90.6,0.41,4.12,1.73,29.4,0.77,36.6,0,0.05,356,720
2.85,32.7,122.5,0.4,8.63,0.28,81.9,0.58,133.3,0,0.0,350,720
3.51,93.3,303.1,3.96,3.61,1.73,46.2,0.76,124.6,0,0.0,360,720
3.71,63.5,194.9,1.55,5.7,3.2,50.8,0.63,52.6,0,0.0,359,720
3.32,180.0,400.0,1.22,5.37,4.07,27.6,0.31,63.4,0,0.0,358,720
4.31,0.8,52.5,2.36,4.04,4.81,89.6,0.58,71.7,0,0.0,360,720
0.38,4.2,42.8,2.96,6.41,3.74,84.2,0.97,58.4,0,0.0,352,720
1.12,32.9,86.9,0.79,4.76,2.16,15.2,0.8,101.5,0,0.0,360,720
0.33,60.1,200.3,0.75,0.26,1.51,56.3,0.44,11.8,0,0.0,351,720
3.02,11.8,72.5,7.28,8.15,0.67,80.4,0.96,133.2,0,0.0,360,720
4.07,9.6,35.3,2.26,1.18,3.15,47.3,0.82,52.1,0,0.0,360,720
1.32,54.1,124.2,1.39,4.67,2.56,47.8,0.49,132.1,0,0.0,358,720
4.19,2.0,37.6,3.86,5.82,3.39,43.5,0.68,73.6,0,0.0,360,720
0.55,16.1,84.2,1.94,7.07,1.2,17.2,0.54,118.7,0,0.0,358,720
4.22,24.7,85.1,0.91,4.14,1.63,74.3,0.28,125.6,0,0.0,360,720
1.78,28.8,72.4,0.81,7.37,1.47,49.3,0.84,52.2,0,0.0,360,720
0.73,45.6,176.6,1.41,1.36,3.99,54.8,0.35,99.6,0,0.0,360,720
2.34,15.3,79.6,4.62,6.55,0.87,34.2,0.57,95.0,0,0.0,360,720
1.38,33.2,152.6,0.44,8.27,3.05,73.8,0.76,76.6,0,0.0,359,720
1.5,30.8,135.5,0.84,8.9,0.28,74.5,0.95,75.7,0,0.0,360,720
1.59,27.8,74.2,5.22,5.82,2.76,56.5,0.25,52.7,0,0.0,360,720
3.67,35.8,145.1,0.59,3.16,0.34,82.8,0.51,53.4,1,0.75,60,226
2.56,10.5,45.4,2.49,1.68,0.9,23.7,0.69,86.7,0,0.0,358,720
1.61,3.1,50.7,0.83,3.49,0.58,74.0,0.82,14.5,0,0.0,360,720
2.86,4.4,21.5,2.35,5.42,1.75,56.9,0.94,140.7,0,0.0,356,720
3.31,8.9,38.6,1.36,2.0,1.73,32.3,0.2,101.0,0,0.0,350,720
1.45,24.3,97.0,0.54,9.53,4.14,24.9,0.7,72.1,0,0.0,353,720
2.04,64.2,166.9,2.22,8.98,1.14,37.6,0.21,18.7,0,0.0,358,720
0.81,42.3,113.5,2.83,0.38,0.45,79.2,0.83,98.2,0,0.0,360,720
1.06,54.5,152.7,2.81,5.64,3.03,74.1,0.32,12.5,0,0.0,360,720
3.16,15.1,88.1,2.53,7.9,3.44,63.4,0.92,105.2,0,0.0,360,720
1.06,18.2,76.2,1.83,2.49,1.49,21.8,0.32,20.2,0,0.0,354,720
2.51,17.5,49.5,1.91,5.26,3.02,86.6,0.81,101.9,0,0.0,360,720
3.28,7.5,65.5,2.52,4.09,3.88,37.9,0.43,66.8,0,0.0,360,720
0.75,2.2,36.3,2.88,2.01,1.75,60.5,0.65,102.8,0,0.0,360,720
2.68,31.3,56.0,2.64,6.17,2.64,75.2,0.69,29.4,0,0.0,360,720
1.38,158.5,400.0,2.25,9.94,0.75,25.0,0.37,26.4,0,0.0,352,720
4.34,6.4,62.7,0.67,3.68,0.14,63.9,0.44,44.6,1,0.79,69,226
2.33,1.7,14.9,0.82,5.55,4.91,17.4,0.29,67.6,0,0.0,360,720
3.69,52.9,180.8,0.96,3.31,1.51,22.6,0.2,45.4,0,0.0,360,720
2.61,10.2,49.3,5.85,8.78,1.41,69.2,0.39,21.5,0,0.0,360,720
0.48,61.9,259.6,3.43,8.65,4.87,26.6,0.61,55.5,0,0.0,360,720
2.96,42.6,111.6,2.07,1.83,3.65,48.3,0.77,108.8,0,0.0,360,720
4.3,101.9,264.1,0.94,9.0,2.93,33.6,0.83,91.6,0,0.0,360,720
2.83,18.4,50.9,0.56,1.56,3.5,46.6,0.26,144.9,1,0.72,42,124
3.74,38.0,171.8,5.34,1.0,3.56,20.8,0.42,71.0,0,0.0,360,720
4.01,21.9,66.0,5.21,6.55,3.82,71.6,0.82,56.6,0,0.0,357,720
1.26,34.9,163.2,0.56,3.89,0.35,20.9,0.58,107.1,0,0.0,359,720
1.19,20.9,75.3,3.81,5.33,2.08,77.8,0.35,67.7,0,0.0,347,720
2.87,7.3,48.9,1.6,6.54,1.49,64.7,0.51,96.6,0,0.0,356,720
2.03,24.8,84.0,1.16,0.58,0.37,46.2,0.42,142.5,1,0.34,75,165
3.83,26.3,82.2,3.26,2.96,2.07,80.0,0.24,79.9,0,0.0,358,720
4.08,58.2,173.2,2.4,4.64,3.09,29.0,0.81,79.7,0,0.0,358,720
1.78,46.5,94.2,3.63,2.7,0.91,34.8,0.43,118.5,0,0.0,354,720
1.29,38.2,94.4,0.47,0.54,1.54,25.3,0.96,115.9,1,0.67,33,116
3.58,4.2,19.5,1.14,0.91,3.2,43.6,0.91,82.3,1,0.59,75,162
1.45,44.6,133.3,1.15,8.03,2.91,89.0,0.77,19.1,0,0.0,359,720
3.75,24.3,75.4,1.18,9.12,4.35,27.1,0.46,147.3,0,0.0,360,720
2.08,78.6,240.0,1.84,1.56,3.96,77.3,0.42,62.8,0,0.0,360,720
3.1,88.3,197.0,1.03,2.53,4.83,63.9,0.58,54.3,0,0.02,357,720
0.7,2.0,41.3,1.59,6.54,2.99,16.2,0.48,147.4,0,0.0,360,720
2.92,60.1,226.2,1.31,9.55,3.5,85.9,0.92,132.1,0,0.0,353,720
2.2,1.3,34.2,3.22,3.03,4.31,87.8,0.3,56.2,0,0.0,355,720
2.76,16.0,53.5,2.34,8.56,4.2,84.4,0.78,53.2,0,0.0,360,720
1.01,27.4,91.8,2.63,5.08,3.6,52.6,0.69,110.9,0,0.0,360,720
3.39,5.6,62.8,0.82,9.57,2.51,31.5,0.85,56.8,0,0.0,360,720
3.92,48.0,152.9,1.17,1.41,1.38,44.3,0.63,45.2,1,0.54,50,196
1.21,0.3,39.6,0.35,9.74,4.39,61.1,0.7,147.2,0,0.0,360,720
0.7,6.5,31.0,0.55,4.44,3.89,43.4,0.97,89.2,0,0.0,360,720
0.4,30.4,95.8,0.98,9.53,4.19,68.1,0.27,116.7,0,0.0,360,720
3.0,43.9,118.1,0.45,4.61,0.72,74.7,0.28,109.8,1,0.24,70,193
2.85,87.0,341.6,2.33,5.32,1.59,30.7,0.51,115.8,0,0.0,360,720
2.6,42.8,141.6,14.12,8.06,2.14,45.4,0.58,136.5,0,0.0,360,720
1.27,39.0,108.2,0.53,7.24,4.19,86.8,0.36,80.1,0,0.0,360,720
1.94,17.6,56.2,4.09,6.22,4.47,33.7,0.27,115.5,0,0.0,360,720
2.8,0.0,37.6,0.58,4.2,1.44,41.0,0.22,121.6,0,0.0,360,720
2.39,4.5,40.4,2.74,7.93,3.44,17.7,0.81,142.5,0,0.0,358,720
4.45,26.8,62.7,2.57,9.48,0.41,39.9,0.59,109.8,0,0.0,360,720
0.87,39.4,97.7,5.43,0.15,2.06,42.8,0.87,135.0,0,0.0,360,720
3.22,18.9,111.1,0.57,5.9,2.44,22.5,0.49,23.3,0,0.0,360,720
2.0,45.9,132.0,1.13,8.67,3.83,15.1,0.76,27.7,0,0.0,357,720
2.1,25.8,67.9,0.51,6.55,4.46,58.2,0.59,32.2,0,0.0,360,720
3.31,2.7,43.2,1.45,8.02,1.7,37.6,0.69,30.3,0,0.0,357,720
3.21,7.5,52.8,5.64,8.96,2.65,16.3,0.5,22.3,0,0.0,357,720
4.46,64.1,166.3,3.65,7.52,3.24,79.5,0.26,27.2,0,0.0,359,720
0.84,45.2,171.6,3.12,7.18,1.66,58.8,0.96,149.4,0,0.0,360,720
0.74,78.8,281.1,1.98,9.65,4.93,27.8,0.87,48.1,0,0.0,360,720
3.34,4.4,27.2,5.03,8.64,4.38,79.9,0.45,76.9,0,0.0,360,720
2.73,162.0,400.0,1.61,8.16,1.5,34.0,0.97,125.0,0,0.0,360,720
1.45,8.2,72.7,0.66,0.91,2.55,32.1,0.44,26.6,0,0.0,360,720
0.63,0.4,22.4,4.3,2.43,1.17,82.1,0.55,54.4,0,0.0,357,720
0.66,180.0,327.9,1.02,5.59,2.58,28.5,0.8,32.3,0,0.0,360,720
4.06,11.5,76.9,0.42,7.11,3.42,80.9,0.45,18.8,0,0.0,360,720
1.11,38.6,84.7,0.6,3.07,0.45,75.2,0.46,144.5,0,0.0,360,720
1.66,6.8,16.2,2.37,0.98,4.35,38.2,0.53,130.2,0,0.0,360,720
1.25,30.4,105.9,2.36,3.15,2.98,17.6,0.57,133.1,0,0.0,360,720
1.79,82.0,250.8,0.96,7.72,4.95,21.2,0.3,131.6,0,0.0,360,720
0.59,13.5,70.7,3.16,8.78,0.15,23.2,0.21,31.6,0,0.0,353,720
2.48,38.8,89.4,3.57,9.13,4.16,81.8,0.94,119.9,0,0.0,360,720
0.58,7.3,62.1,5.87,3.82,3.96,45.3,0.48,111.9,0,0.0,360,720
3.66,34.3,124.5,2.23,3.76,0.68,17.4,0.28,139.6,0,0.0,360,720
1.28,14.4,63.5,3.63,4.1,1.69,56.7,0.81,40.7,0,0.0,356,720
2.57,8.3,50.4,3.38,3.79,4.43,30.6,0.44,68.0,0,0.0,360,720
4.0,13.1,39.2,0.96,6.68,2.6,32.6,0.35,51.3,0,0.0,355,720
3.03,6.9,28.4,1.12,3.62,2.02,27.1,0.97,46.1,0,0.0,358,720
2.54,81.3,183.9,1.73,0.25,4.53,72.2,0.94,101.3,1,0.34,57,225
1.66,17.7,50.6,0.34,4.42,0.48,15.0,0.28,33.0,0,0.0,360,720
1.7,9.8,63.1,1.08,2.28,2.38,47.9,0.92,75.1,0,0.0,360,720
3.11,20.8,75.6,1.71,0.34,3.27,21.5,0.91,100.5,1,0.4,87,218
4.48,13.5,54.0,0.55,4.73,3.05,56.4,0.71,28.2,0,0.0,357,720
3.08,47.7,132.7,0.6,2.1,1.34,40.9,0.62,46.0,1,0.46,42,185
2.64,124.2,231.2,1.67,4.55,2.83,17.1,0.37,145.4,0,0.0,360,720
3.37,20.2,71.7,3.19,2.81,3.55,49.6,0.3,121.4,0,0.0,353,720
2.25,69.1,219.1,4.25,6.06,2.93,57.8,0.69,104.8,0,0.0,354,720
0.55,29.2,90.1,2.04,9.91,3.43,33.6,0.86,129.8,0,0.0,360,720
2.66,6.0,34.8,1.72,5.49,1.3,72.4,0.75,12.0,0,0.0,360,720
4.32,41.1,158.9,1.37,6.49,4.17,42.8,0.34,10.9,0,0.0,360,720
1.04,25.2,73.4,0.77,9.2,2.26,71.2,0.43,31.6,0,0.0,360,720
3.2,36.8,104.2,0.65,3.77,4.94,58.4,0.64,79.3,0,0.03,352,720
1.14,77.2,213.2,3.75,1.71,0.14,80.2,0.7,89.8,0,0.0,359,720
2.55,20.3,66.1,1.68,2.86,1.91,56.0,0.26,25.9,0,0.0,351,720
0.71,81.0,322.2,3.74,4.06,0.92,28.9,0.69,20.1,0,0.0,360,720
2.19,48.6,217.2,2.98,6.47,2.79,76.7,0.79,126.0,0,0.0,360,720
3.48,23.5,65.8,0.77,0.1,1.23,73.7,0.35,75.0,1,1.67,34,147
1.76,32.4,62.5,1.87,8.54,3.69,87.9,0.4,148.9,0,0.0,354,720
3.09,13.8,70.8,1.59,0.81,4.41,22.0,0.41,42.1,0,0.0,356,720
3.64,143.9,400.0,1.51,9.01,1.07,59.3,0.95,100.6,0,0.0,352,720
4.19,38.5,136.7,2.02,9.5,0.82,51.9,0.53,122.6,0,0.0,360,720
1.29,1.6,34.9,9.15,9.9,4.38,65.3,0.62,132.2,0,0.0,360,720
1.98,13.8,54.3,3.99,8.1,1.82,88.5,0.78,52.9,0,0.0,359,720
0.94,34.2,93.2,5.45,1.46,2.18,54.9,0.5,37.1,0,0.0,358,720
4.47,2.0,26.2,0.37,7.08,1.12,66.4,0.28,41.7,0,0.0,360,720
4.19,0.8,14.0,0.63,2.07,2.14,41.0,0.72,103.3,1,0.75,45,168
2.57,20.9,68.3,0.49,8.98,1.17,37.4,0.73,83.1,0,0.0,354,720
3.84,14.2,81.4,0.97,3.2,3.34,40.1,0.41,93.9,0,0.0,357,720
2.49,20.2,86.8,1.58,3.3,2.5,17.9,0.23,12.9,0,0.0,360,720
2.92,10.7,53.8,2.56,9.18,3.94,36.4,0.73,64.7,0,0.0,360,720
0.67,6.3,53.3,1.83,0.18,1.58,28.0,0.76,53.4,0,0.0,359,720
3.47,40.9,166.6,5.44,1.98,2.54,49.3,0.22,130.9,0,0.0,360,720
0.84,25.3,85.4,6.48,4.25,1.31,49.6,0.75,118.7,0,0.0,360,720
3.77,7.8,65.0,0.69,7.02,4.67,72.4,0.95,70.1,0,0.0,360,720
3.58,13.5,65.5,4.52,6.49,2.62,52.7,0.34,98.3,0,0.0,355,720
3.28,31.4,103.5,1.75,6.71,0.88,49.7,0.62,16.7,0,0.0,351,720
0.45,2.6,21.5,1.63,8.81,1.38,32.4,0.76,99.2,0,0.0,351,720
1.57,5.6,35.6,3.68,1.25,0.43,78.9,0.38,23.6,0,0.0,360,720
1.41,2.7,38.6,0.52,5.25,0.16,21.8,0.8,110.0,0,0.0,356,720
1.81,58.6,175.4,5.01,7.27,2.64,88.7,0.89,90.3,0,0.0,360,720
0.67,48.9,166.4,2.74,6.38,1.7,50.7,0.85,52.1,0,0.0,358,720
4.24,49.0,217.2,4.88,4.51,4.82,28.9,0.41,61.9,0,0.0,360,720
2.63,44.1,125.2,11.74,0.22,0.87,41.6,0.84,22.6,0,0.0,360,720
1.58,38.7,136.4,1.91,0.65,3.97,16.2,0.53,55.2,0,0.0,356,720
1.97,22.7,88.0,0.52,1.23,1.59,27.5,0.41,145.4,1,0.67,50,162
2.18,36.0,83.3,0.7,3.47,1.13,40.2,0.33,78.1,0,0.0,357,720
2.82,1.4,53.1,1.16,1.22,4.85,56.6,0.93,76.4,0,0.05,356,720
2.47,34.0,74.3,0.54,4.29,4.02,24.7,0.54,98.1,0,0.0,360,720
4.16,52.7,152.9,4.02,1.83,3.16,65.7,0.89,77.8,0,0.0,360,720
2.39,24.3,93.9,1.07,7.8,3.49,78.3,0.33,59.8,0,0.0,360,720
4.47,15.5,70.1,8.49,8.72,4.96,57.9,0.81,29.5,0,0.0,354,720
3.88,11.4,71.4,2.97,3.93,2.97,37.3,0.29,98.2,0,0.0,358,720
1.18,36.0,114.6,0.72,5.14,0.53,24.1,0.21,114.8,0,0.0,360,720
4.21,41.3,95.3,1.72,9.54,0.34,16.2,1.0,139.2,0,0.0,360,720
0.79,71.7,263.7,1.68,5.38,3.34,69.9,0.26,10.4,0,0.0,360,720
3.73,14.7,93.7,1.79,9.95,3.29,62.1,0.57,19.3,0,0.0,358,720
1.9,51.4,139.9,1.99,1.46,3.75,50.7,0.9,135.9,0,0.0,357,720
3.99,28.8,78.7,0.37,8.63,0.56,22.6,0.86,98.4,1,0.22,109,240
3.95,75.0,161.3,2.85,5.0,4.73,30.5,0.58,144.1,0,0.0,360,720
3.68,26.3,86.6,1.77,0.28,2.76,76.1,0.69,70.3,1,0.64,71,206
3.62,25.5,105.5,3.74,9.72,3.25,51.0,0.7,68.3,0,0.0,360,720
1.58,30.2,105.5,4.02,9.65,0.19,87.2,0.29,58.2,0,0.0,354,720
0.64,48.4,149.0,0.88,3.86,4.81,90.0,0.43,30.0,0,0.0,360,720
1.99,117.0,400.0,0.41,9.54,2.82,75.1,0.44,63.0,0,0.1,360,720
1.03,2.7,7.7,2.97,1.45,2.83,34.4,0.5,12.1,0,0.0,360,720
3.22,1.9,52.0,8.67,6.82,4.72,32.3,0.42,81.3,0,0.0,360,720
1.75,97.1,398.0,1.6,1.96,4.65,34.0,0.4,128.6,0,0.0,358,720
4.4,26.4,104.3,0.96,2.5,1.12,89.0,0.48,55.0,1,0.27,63,226
2.99,33.4,145.7,0.67,7.8,4.66,40.2,0.5,23.2,0,0.0,360,720
3.75,23.1,107.9,1.05,3.8,3.69,68.0,0.59,146.3,0,0.0,360,720
0.86,3.4,16.2,1.17,0.12,0.11,86.9,0.34,28.1,0,0.0,360,720
3.92,51.1,123.0,1.51,4.17,1.21,76.5,0.83,84.0,0,0.0,360,720
4.18,48.1,158.5,2.64,2.32,2.08,59.8,0.89,123.3,0,0.0,355,720
2.35,13.1,69.7,1.0,6.85,2.92,27.7,0.4,45.3,0,0.0,360,720
2.85,12.8,69.5,0.42,1.98,3.51,28.1,0.3,127.8,1,0.62,43,155
3.51,63.7,230.9,1.33,8.43,1.07,51.9,0.78,88.0,0,0.0,360,720
1.03,2.6,10.1,4.56,2.71,4.19,86.4,0.94,56.5,0,0.0,360,720
2.41,74.5,121.9,1.82,3.96,4.23,82.8,0.23,131.2,0,0.0,360,720
1.97,10.4,35.9,7.66,3.02,3.18,27.5,0.21,97.1,0,0.0,360,720
0.91,31.5,79.8,1.84,6.46,4.61,36.6,0.35,96.2,0,0.0,355,720
1.84,96.2,320.0,1.01,1.06,4.07,59.2,0.75,80.6,1,0.41,37,248
0.59,39.7,77.5,0.77,4.81,1.12,50.8,0.97,48.5,0,0.0,360,720
0.41,18.7,101.2,2.91,3.38,4.0,24.0,0.8,52.7,0,0.0,357,720
0.87,40.9,123.2,1.99,8.85,4.77,42.7,0.66,22.3,0,0.0,353,720
4.35,14.8,42.6,2.34,0.78,0.71,86.6,0.76,44.1,1,0.19,91,219
2.61,11.4,50.5,3.4,8.31,4.89,86.4,0.38,48.9,0,0.0,359,720
4.36,180.0,400.0,3.15,1.72,0.14,57.0,0.75,18.2,0,0.0,359,720
2.12,48.6,175.9,0.4,0.93,2.62,62.6,0.46,25.4,1,0.73,32,178
1.61,36.2,132.9,3.87,2.06,3.87,31.6,0.38,47.8,0,0.0,355,720
2.43,15.4,71.6,1.97,1.07,3.96,70.6,0.39,104.8,0,0.0,360,720
2.15,1.8,53.5,1.39,5.23,3.68,18.9,0.73,35.8,0,0.0,354,720
0.74,1.1,23.3,2.0,9.88,2.66,31.6,0.81,83.1,0,0.0,354,720
2.99,28.3,98.4,2.39,0.39,3.26,15.4,0.67,81.1,0,0.0,360,720
1.21,50.2,127.1,0.66,4.64,3.51,43.9,0.25,126.8,0,0.0,360,720
2.9,27.0,104.9,1.49,3.89,2.48,78.8,0.23,95.3,0,0.0,360,720
3.03,64.3,242.0,1.2,3.43,2.99,88.7,0.37,138.4,0,0.0,354,720
0.94,1.2,19.4,1.25,3.35,4.23,65.1,0.43,97.9,0,0.0,360,720
0.56,16.0,35.6,0.51,8.96,1.58,70.9,0.52,13.6,0,0.0,352,720
3.58,9.5,54.6,0.68,0.24,2.63,34.7,0.26,63.4,1,1.56,25,161
2.23,20.8,37.1,0.69,7.76,0.06,54.0,0.78,107.9,0,0.0,360,720
0.54,2.6,25.2,1.33,2.57,3.44,70.2,0.77,76.5,0,0.0,360,720
4.48,107.9,219.6,5.25,3.86,0.99,52.3,0.48,68.7,0,0.0,360,720
0.54,8.8,25.8,0.81,4.23,2.42,21.6,0.65,104.0,0,0.0,350,720
3.22,89.4,337.2,1.48,3.08,1.07,70.6,0.28,50.0,0,0.0,358,720
4.43,19.4,89.0,1.12,0.98,0.14,31.5,0.53,137.3,1,1.92,54,212
1.3,148.2,261.6,3.71,1.19,2.43,22.3,0.89,67.8,0,0.0,358,720
0.9,28.3,99.6,0.41,3.02,2.14,50.9,0.73,98.4,0,0.0,360,720
0.81,93.5,315.0,0.78,8.23,2.14,20.6,0.28,147.5,0,0.0,360,720
1.57,0.2,25.1,0.82,1.39,1.06,62.2,0.88,120.0,0,0.0,355,720
0.72,48.3,118.7,11.2,7.44,4.74,63.0,0.74,84.4,0,0.0,352,720
3.21,81.7,313.9,2.16,2.92,0.04,34.3,0.56,130.3,0,0.0,360,720
0.56,5.3,54.5,0.63,8.84,4.46,87.3,0.75,88.5,0,0.0,360,720
2.44,3.5,19.7,1.0,4.31,3.69,76.8,0.34,71.8,0,0.0,360,720
4.49,19.3,67.6,0.7,1.76,0.88,23.2,0.64,132.3,1,1.36,52,213
3.72,95.0,221.9,0.59,9.86,2.37,71.1,0.69,13.8,0,0.0,360,720
2.88,27.4,87.7,3.81,1.81,4.94,41.5,0.94,67.0,0,0.0,360,720
1.59,26.2,84.8,1.81,5.7,3.23,71.3,0.25,58.0,0,0.0,360,720
2.92,5.3,35.3,2.49,5.71,0.65,75.1,0.5,110.0,0,0.0,360,720
2.51,0.0,25.0,1.19,3.76,2.3,26.4,0.95,11.8,0,0.0,360,720
2.09,58.2,214.6,2.07,9.52,2.35,64.6,0.37,102.5,0,0.0,360,720
0.85,3.2,29.8,0.96,8.45,4.02,79.7,0.85,58.5,0,0.0,360,720
4.02,35.2,92.8,1.11,8.31,4.58,39.3,0.2,23.7,0,0.0,360,720
2.19,86.1,335.8,2.62,9.74,0.43,21.0,0.22,147.2,0,0.0,358,720
1.12,8.2,62.5,0.66,4.6,1.58,17.0,0.46,39.7,0,0.0,360,720
1.84,38.3,107.4,2.41,1.02,1.51,23.3,0.81,58.9,0,0.0,358,720
2.04,2.9,28.9,4.51,7.67,4.98,15.3,0.28,39.0,0,0.0,360,720
3.78,32.4,89.6,0.58,3.84,2.8,39.5,0.51,102.7,0,0.04,356,720
3.38,6.3,29.3,5.31,1.94,4.4,37.4,0.31,119.6,0,0.0,360,720
3.53,46.6,167.1,0.48,4.86,2.14,23.3,0.38,130.5,0,0.02,360,720
0.35,12.5,60.4,1.24,9.26,3.62,63.8,0.6,53.5,0,0.0,360,720
2.05,21.8,81.9,2.37,1.76,1.45,89.4,0.46,83.4,0,0.0,360,720
2.32,32.0,106.3,2.1,8.49,4.56,82.6,0.37,102.9,0,0.0,355,720
0.38,6.6,69.8,0.52,4.21,2.29,34.0,0.51,98.1,0,0.0,360,720
1.39,47.4,180.4,3.83,1.41,4.02,72.7,0.76,110.2,0,0.0,359,720
3.49,12.6,88.7,8.26,8.49,1.29,85.3,0.3,117.8,0,0.0,358,720
0.88,38.0,107.4,0.74,9.7,3.47,83.0,0.58,23.6,0,0.0,360,720
2.55,6.0,58.3,5.26,2.95,2.04,81.3,0.42,33.6,0,0.0,360,720
1.2,40.8,95.0,2.09,3.07,0.18,74.0,0.5,112.8,0,0.0,360,720
0.35,4.8,12.6,6.35,3.94,2.08,37.0,0.86,76.7,0,0.0,360,720
1.31,19.4,68.5,0.73,8.15,2.76,21.3,0.94,69.8,0,0.0,358,720
4.4,9.9,68.5,3.75,0.15,0.78,51.6,0.39,73.8,0,0.0,360,720
3.67,48.3,157.2,0.44,2.28,0.94,19.1,0.7,62.1,1,1.08,29,201
4.33,10.6,34.6,5.02,7.07,2.34,89.9,0.74,92.7,0,0.0,358,720
2.35,74.7,279.1,2.77,4.09,1.73,41.9,0.87,55.3,0,0.0,357,720
0.76,77.8,182.1,1.32,3.34,2.21,86.9,0.92,99.2,0,0.0,360,720
2.6,7.7,35.4,0.76,8.73,2.31,73.0,0.57,38.4,0,0.0,360,720
2.21,33.3,86.7,4.03,9.18,0.72,45.8,0.99,116.1,0,0.0,360,720
3.85,3.2,57.1,2.33,9.48,0.92,23.9,0.98,119.4,0,0.0,360,720
0.71,17.4,73.2,1.28,2.76,4.24,32.8,0.61,91.0,0,0.0,360,720
2.35,43.7,178.5,1.59,9.13,0.83,65.5,0.63,61.7,0,0.0,360,720
0.93,37.7,141.4,4.15,7.38,3.34,77.2,0.73,12.0,0,0.0,360,720
1.66,34.3,108.7,1.21,1.58,2.1,88.5,0.5,27.0,0,0.0,352,720
3.4,11.6,39.5,0.51,6.12,4.84,24.9,0.73,21.2,0,0.0,347,720
2.3,16.6,52.6,5.63,0.31,0.35,26.7,0.61,11.4,0,0.0,360,720
1.88,3.8,50.4,1.38,7.1,4.16,18.2,0.23,111.1,0,0.0,358,720
1.96,44.4,104.4,1.24,7.35,2.47,34.5,0.88,143.8,0,0.0,360,720
2.23,24.5,112.9,0.8,7.9,0.05,76.6,0.95,11.6,0,0.0,360,720
3.6,43.2,192.0,5.31,1.77,1.33,29.9,0.22,25.8,0,0.0,360,720
4.05,10.0,34.0,0.84,6.3,2.05,56.1,0.83,130.5,0,0.0,358,720
4.31,13.7,95.4,2.53,1.83,1.58,48.5,0.51,106.4,0,0.0,360,720
3.6,14.2,85.7,4.98,9.47,1.82,39.4,0.67,66.7,0,0.0,358,720
1.62,0.9,29.4,0.38,6.77,4.59,61.4,0.6,149.0,0,0.0,360,720
3.19,14.6,55.0,4.18,1.0,1.82,52.7,0.64,90.3,0,0.0,358,720
2.14,56.9,185.7,1.46,1.91,2.11,40.1,0.6,103.7,0,0.0,360,720
1.37,79.7,280.6,2.66,6.65,3.81,66.7,0.88,101.4,0,0.0,359,720
3.83,25.6,110.5,1.32,4.79,3.97,36.0,0.75,41.2,0,0.0,360,720
0.46,21.3,85.3,2.92,7.38,0.44,63.2,0.53,78.3,0,0.0,360,720
4.09,1.1,32.7,0.95,2.84,3.53,86.8,0.75,40.3,0,0.0,357,720
2.24,74.0,185.2,0.35,6.6,2.42,69.7,0.97,81.3,0,0.04,358,720
2.98,0.5,1.9,6.8,1.81,0.69,46.4,0.26,14.3,0,0.0,354,720
3.07,101.4,240.8,0.34,5.46,1.34,71.1,0.51,63.5,1,0.23,53,261
4.06,23.5,76.2,4.12,9.58,0.24,75.7,0.9,62.1,0,0.0,360,720
2.97,14.6,67.2,0.71,6.3,1.81,39.4,0.79,50.8,0,0.0,358,720
2.88,90.3,156.7,1.4,0.55,1.29,67.9,0.95,21.1,1,0.57,37,187
0.58,0.9,47.4,4.1,9.89,1.92,47.6,0.23,117.9,0,0.0,360,720
2.48,30.5,124.9,0.81,1.61,2.91,76.4,0.89,68.9,1,0.3,53,176
0.93,27.9,63.7,4.72,7.19,3.67,37.2,0.83,124.0,0,0.0,360,720
3.4,8.7,43.6,1.82,5.35,3.03,85.3,0.85,127.0,0,0.0,354,720
2.45,19.6,82.6,1.3,2.98,3.4,58.1,0.68,39.9,0,0.0,360,720
3.16,37.0,123.3,2.69,1.81,4.33,41.5,0.24,69.0,0,0.0,360,720
0.48,45.5,190.2,1.22,1.82,4.37,46.5,0.63,110.9,0,0.0,360,720
0.66,0.0,40.5,1.24,8.59,4.31,41.1,0.53,79.9,0,0.0,358,720
3.31,96.7,397.0,3.21,8.74,0.78,26.0,0.62,129.7,0,0.0,360,720
0.6,6.3,28.0,1.12,4.68,1.27,20.1,0.79,90.0,0,0.0,353,720
0.6,9.3,76.5,0.79,1.08,2.52,39.1,0.68,98.1,0,0.0,360,720
0.35,10.7,53.1,3.93,8.85,1.81,49.4,0.43,120.2,0,0.0,360,720
4.32,1.3,52.1,3.9,4.9,0.68,42.1,0.68,27.1,0,0.0,360,720
3.4,4.6,10.6,1.81,4.42,1.45,16.0,0.27,91.8,0,0.0,359,720
1.78,150.3,400.0,1.95,4.1,4.88,58.4,0.2,22.0,0,0.0,355,720
1.55,13.3,64.2,2.92,3.68,1.75,25.9,0.52,46.5,0,0.0,358,720
1.77,4.3,26.7,1.87,5.28,2.11,30.8,0.81,39.8,0,0.0,360,720
3.55,4.0,45.7,1.49,6.07,0.05,24.1,0.86,89.4,0,0.0,359,720
3.08,44.5,138.6,11.91,4.69,3.6,54.0,0.64,128.1,0,0.0,360,720
1.08,67.5,144.3,0.65,8.97,2.08,22.1,0.89,28.6,0,0.0,356,720
1.03,10.4,53.0,2.28,3.21,0.53,34.2,0.3,117.6,0,0.0,357,720
0.71,0.7,25.9,5.07,5.8,4.84,48.9,0.97,30.0,0,0.0,360,720
3.07,8.8,39.4,2.86,3.03,3.89,27.6,0.94,36.6,0,0.0,352,720
3.51,2.0,52.9,4.98,7.55,3.64,48.5,0.68,138.4,0,0.0,360,720
1.41,3.8,53.3,1.2,1.07,4.79,40.7,0.25,11.4,0,0.0,360,720
0.39,19.8,52.2,1.0,1.93,2.05,79.5,0.56,37.6,0,0.0,360,720
0.65,9.1,53.2,4.49,8.02,3.6,74.6,0.34,40.2,0,0.0,360,720
4.37,25.4,68.8,1.4,1.87,1.05,89.5,0.7,49.5,0,0.04,360,720
1.54,10.2,60.2,3.02,6.28,3.49,54.7,0.35,60.9,0,0.0,356,720
3.53,98.8,305.6,0.65,9.7,0.09,58.2,0.59,24.4,1,0.31,109,355
2.92,82.7,266.2,3.4,5.25,0.65,86.0,0.36,75.6,0,0.0,360,720
1.9,29.3,92.4,2.05,1.91,2.14,45.0,0.35,65.9,0,0.0,360,720
1.16,15.3,54.1,0.99,3.24,0.08,56.7,0.4,97.5,0,0.0,360,720
0.81,16.8,54.6,1.8,8.24,2.32,43.4,0.22,131.5,0,0.0,353,720
2.88,18.6,116.4,2.93,3.55,2.62,55.9,0.77,51.7,0,0.0,360,720
3.55,45.5,135.4,0.33,7.25,3.12,21.1,0.45,86.5,0,0.03,360,720
3.0,21.0,83.9,2.53,7.78,0.52,73.8,0.76,62.0,0,0.0,352,720
2.53,68.0,173.4,2.02,5.04,0.92,88.9,0.72,15.6,0,0.0,360,720
0.48,100.9,278.3,0.85,7.84,3.07,19.9,0.25,125.0,0,0.0,354,720
4.37,14.3,40.2,3.38,3.2,3.3,75.1,0.45,98.8,0,0.0,360,720
3.65,28.8,92.1,1.1,5.19,0.15,33.1,0.65,10.3,0,0.0,353,720
1.53,3.5,42.9,1.01,6.88,2.71,29.8,0.93,44.9,0,0.0,360,720
4.42,7.8,60.3,1.7,1.72,3.93,67.0,0.52,53.3,0,0.0,354,720
2.83,18.7,47.4,2.78,2.77,0.36,18.3,0.6,123.6,0,0.0,355,720
2.75,8.1,52.1,6.11,6.54,2.08,49.7,0.8,116.5,0,0.0,360,720
3.44,73.2,325.6,0.64,6.57,1.65,15.1,0.84,65.5,0,0.07,357,720
3.71,6.0,30.5,1.41,4.96,4.57,56.6,0.94,32.0,0,0.0,357,720
3.06,21.3,70.5,0.45,7.97,0.95,49.7,0.6,64.0,0,0.0,352,720
0.84,32.6,146.5,3.43,4.85,1.61,83.7,0.36,123.4,0,0.0,358,720
1.72,41.2,160.0,1.61,8.82,4.49,69.0,0.81,73.3,0,0.0,360,720
4.2,16.9,51.4,3.0,7.37,1.67,24.5,0.3,26.2,0,0.0,360,720
1.24,71.2,271.9,1.16,3.18,2.67,41.6,0.53,15.4,0,0.0,360,720
1.86,29.4,102.3,4.39,3.98,0.18,84.9,0.7,56.7,0,0.0,360,720
2.11,20.3,82.7,1.98,6.69,4.92,69.4,0.75,30.8,0,0.0,352,720
2.15,2.4,44.0,6.63,8.95,4.13,59.6,0.79,114.3,0,0.0,360,720
2.87,21.9,83.9,0.48,1.83,3.18,56.9,0.35,49.0,1,0.55,39,147
4.26,60.2,184.3,1.89,5.17,0.32,44.9,0.99,132.8,0,0.0,352,720
1.31,33.4,62.3,3.5,1.23,0.39,58.9,0.34,96.4,0,0.0,354,720
0.81,62.5,202.0,2.32,2.83,2.73,72.9,0.28,65.1,0,0.0,360,720
1.13,23.8,64.3,0.35,6.88,1.44,24.6,0.73,95.4,0,0.0,357,720
4.03,4.4,12.5,8.19,0.82,3.12,87.7,0.93,51.3,0,0.0,353,720
3.01,0.5,16.2,1.08,6.64,3.0,33.0,0.65,29.8,0,0.0,357,720
1.5,12.6,42.7,0.93,9.01,4.2,48.6,0.68,145.0,0,0.0,360,720
3.73,41.9,131.1,1.76,9.7,1.42,16.7,0.63,88.8,0,0.0,357,720
3.92,54.7,209.1,2.02,2.21,2.9,56.3,0.23,11.0,0,0.0,354,720
3.86,12.3,47.6,3.5,7.5,3.89,43.6,0.75,53.4,0,0.0,355,720
4.16,24.0,65.3,1.4,9.27,2.46,33.7,0.49,32.3,0,0.0,360,720
1.36,19.1,106.8,1.58,0.96,4.16,88.9,0.95,46.1,0,0.0,350,720
3.47,18.5,31.2,1.98,4.17,0.67,47.1,0.35,17.8,0,0.0,359,720
2.23,9.2,74.5,1.4,9.2,3.67,46.1,0.44,44.3,0,0.0,359,720
3.84,5.1,61.6,5.71,2.07,4.72,49.7,0.6,105.6,0,0.0,356,720
3.36,7.7,54.5,4.49,9.34,1.67,23.7,0.58,124.9,0,0.0,355,720
3.56,2.0,41.1,1.64,5.3,1.84,44.5,0.52,58.6,0,0.0,360,720
3.06,7.7,63.6,0.3,1.04,0.44,40.2,0.45,83.1,1,1.37,33,168
1.05,0.3,11.2,5.39,4.53,3.21,49.9,0.32,15.9,0,0.0,360,720
2.59,34.5,171.8,0.59,3.3,2.77,79.2,0.86,22.7,0,0.1,357,720
4.44,13.3,80.8,0.92,2.86,0.22,29.5,0.56,87.3,1,0.78,65,205
4.24,126.6,400.0,0.66,5.44,3.77,60.6,0.66,127.7,1,0.28,69,373
0.48,7.5,43.2,0.74,4.86,4.15,17.8,0.64,22.3,0,0.0,359,720
0.99,14.9,58.4,3.87,4.85,4.54,38.8,0.66,68.6,0,0.0,360,720
0.85,15.5,78.0,2.21,0.93,2.74,50.4,0.76,145.9,0,0.0,358,720
3.35,0.3,31.8,7.18,8.03,2.27,20.6,0.7,113.4,0,0.0,344,720
3.73,64.0,246.3,0.88,4.84,4.38,55.8,0.42,37.7,0,0.0,359,720
1.2,1.1,6.6,1.76,8.22,2.01,38.3,0.64,49.9,0,0.0,360,720
2.42,98.6,311.5,8.64,8.25,3.28,89.5,0.4,142.7,0,0.0,360,720
3.83,77.9,296.7,4.15,3.21,3.08,62.3,0.67,40.9,0,0.0,360,720
3.38,26.8,78.1,3.17,0.09,1.87,33.3,0.55,71.7,0,0.0,359,720
2.58,27.5,54.0,0.76,9.12,0.45,22.7,0.23,59.8,0,0.0,359,720
2.78,37.1,106.7,3.53,7.62,0.13,18.1,0.79,78.6,0,0.0,360,720
2.44,17.1,57.6,1.24,1.12,2.15,21.8,0.42,43.1,0,0.0,360,720
1.55,36.5,135.8,1.96,7.03,2.42,66.0,0.94,103.6,0,0.0,360,720
2.67,1.6,9.1,2.37,0.25,4.12,79.1,0.42,42.8,0,0.0,360,720
3.19,1.9,52.4,2.37,0.33,2.08,26.8,1.0,94.3,0,0.0,360,720
3.97,21.4,93.3,3.15,5.28,1.42,45.2,0.57,60.1,0,0.0,353,720
2.97,27.9,120.5,2.68,1.01,2.32,41.6,0.22,45.2,0,0.0,360,720
3.5,76.6,141.7,0.46,9.65,1.21,63.3,0.26,107.3,0,0.0,360,720
0.97,3.9,38.3,1.64,8.94,0.47,28.7,0.27,145.1,0,0.0,360,720
2.24,60.5,245.2,2.7,6.52,0.58,86.5,0.24,131.7,0,0.0,360,720
0.34,8.3,74.2,1.07,0.68,1.61,69.6,0.41,22.2,0,0.0,360,720
1.34,17.5,64.2,1.13,3.28,0.08,86.6,0.46,73.6,0,0.0,359,720
3.35,13.3,55.0,0.59,3.75,1.12,35.8,0.29,107.3,0,0.0,360,720
4.47,17.9,97.5,1.49,4.83,3.94,59.1,0.55,88.8,0,0.0,356,720
0.72,5.7,26.4,9.83,1.73,1.19,69.9,0.49,111.7,0,0.0,350,720
1.99,24.5,84.9,1.04,5.8,0.57,68.3,0.71,146.5,0,0.0,354,720
3.66,56.6,157.5,1.97,4.39,4.75,16.6,0.36,57.9,0,0.0,360,720
1.16,20.4,79.2,3.29,9.48,3.12,89.9,0.93,117.9,0,0.0,358,720
2.63,23.6,71.2,0.33,9.37,0.32,84.6,0.61,23.2,0,0.0,359,720
3.38,66.1,242.3,5.38,5.68,0.33,24.0,0.7,131.8,0,0.0,354,720
2.89,42.9,136.6,1.38,6.46,3.07,55.8,0.23,119.0,0,0.0,360,720
1.09,23.6,73.5,4.77,1.42,2.71,38.6,0.65,82.9,0,0.0,355,720
1.79,10.4,84.6,0.39,2.27,0.36,80.9,0.49,124.9,1,0.31,59,160
3.59,75.7,150.7,0.65,9.01,1.14,67.3,0.94,103.3,0,0.0,353,720
2.63,30.1,73.7,1.16,7.01,4.65,31.8,0.91,87.3,0,0.0,356,720
0.32,8.7,34.8,1.23,1.93,2.87,17.5,0.71,142.4,0,0.0,355,720
3.5,11.0,38.6,4.44,5.72,2.21,36.9,0.81,28.2,0,0.0,360,720
0.45,56.9,198.1,0.32,9.35,1.27,17.9,0.72,149.0,0,0.05,358,720
3.43,1.6,8.6,2.55,3.48,0.69,25.6,0.21,31.6,0,0.0,360,720
1.15,169.4,400.0,0.61,1.9,2.03,62.7,0.76,77.2,1,0.66,37,263
4.32,4.9,33.7,4.11,9.42,4.61,70.9,0.34,42.4,0,0.0,360,720
1.85,55.6,123.4,3.62,4.64,0.26,50.1,0.75,48.1,0,0.0,360,720
1.67,17.6,104.5,1.82,4.2,4.96,60.0,0.21,98.5,0,0.0,354,720
0.93,23.7,87.4,0.83,2.71,1.05,26.7,0.45,14.9,0,0.0,360,720
1.58,74.4,283.4,2.51,8.92,2.06,38.8,0.61,141.7,0,0.0,360,720
3.98,18.6,39.1,0.67,8.46,0.24,68.5,0.47,49.1,0,0.0,360,720
4.48,27.0,112.0,0.76,4.06,2.93,42.4,0.76,48.2,0,0.0,360,720
1.85,1.8,24.4,2.47,0.35,2.43,41.2,0.62,130.9,0,0.0,360,720
2.18,0.1,4.5,10.72,4.49,3.34,29.5,0.97,117.1,0,0.0,352,720
3.33,9.8,73.7,5.18,1.85,2.72,59.6,0.49,104.0,0,0.0,357,720
4.02,39.9,150.8,2.28,1.47,2.0,75.7,0.78,30.5,0,0.0,357,720
2.79,4.5,25.4,2.0,3.96,3.69,50.2,0.87,117.7,0,0.0,358,720
1.94,4.2,58.9,14.44,1.04,0.14,23.7,0.4,60.5,0,0.0,355,720
2.03,18.5,91.9,2.04,9.58,2.71,77.9,0.8,149.1,0,0.0,355,720
3.22,36.5,86.3,1.5,0.52,0.59,20.4,0.51,104.0,1,0.79,71,197
0.31,43.6,87.9,5.59,4.04,2.19,50.4,0.3,127.0,0,0.0,351,720
2.9,6.9,43.2,0.89,1.67,3.96,34.6,0.2,112.7,1,0.21,68,153
1.79,2.9,42.0,0.53,6.9,0.73,85.2,0.8,93.2,0,0.0,360,720
3.64,98.7,277.9,2.51,0.83,4.68,70.3,0.35,110.3,0,0.0,357,720
0.69,10.6,50.0,0.52,5.49,4.44,57.5,0.24,93.6,0,0.0,360,720
2.77,67.2,154.4,1.33,7.74,2.09,65.1,0.6,17.2,0,0.0,358,720
2.32,69.7,123.4,1.51,9.5,0.05,55.0,0.48,58.4,0,0.0,360,720
3.0,51.8,222.3,2.04,7.0,3.95,26.1,0.75,54.3,0,0.0,355,720
0.57,6.5,66.0,10.83,1.04,4.41,68.2,0.29,110.0,0,0.0,351,720
2.74,60.4,153.7,0.85,0.93,0.89,52.0,0.31,90.7,1,0.76,37,197
2.66,51.3,220.3,1.34,7.33,4.58,62.6,0.52,95.5,0,0.0,351,720
2.65,31.8,64.7,0.61,2.19,4.57,18.4,0.62,128.6,1,0.33,50,138
2.83,14.4,90.9,2.36,4.5,2.37,25.7,0.86,83.5,0,0.0,354,720
3.14,10.7,71.0,3.16,9.77,3.99,59.2,0.67,40.6,0,0.0,354,720
3.68,4.5,21.1,1.75,8.21,2.24,49.5,0.92,11.7,0,0.0,360,720
1.43,24.9,112.2,0.92,8.47,2.83,32.0,0.37,32.3,0,0.0,360,720
3.77,30.8,140.9,2.43,8.61,1.61,33.1,0.68,14.3,0,0.0,352,720
2.39,15.6,56.7,2.0,6.21,0.81,62.4,0.72,43.2,0,0.0,360,720
0.62,22.6,87.0,0.71,7.45,3.74,19.4,0.78,98.9,0,0.0,359,720
0.55,15.8,33.8,1.44,3.62,0.03,47.6,0.99,31.2,0,0.0,350,720
1.7,35.9,105.5,1.56,9.98,2.91,54.2,0.57,21.5,0,0.0,360,720
3.6,81.0,187.9,9.22,2.83,4.33,38.1,0.5,145.9,0,0.0,360,720
3.27,6.3,53.6,4.46,5.92,1.12,76.5,0.88,149.6,0,0.0,358,720
3.61,16.8,56.2,3.22,2.86,1.68,19.3,0.34,99.2,0,0.0,359,720
2.47,5.3,46.0,5.13,1.17,2.95,79.9,0.23,25.2,0,0.0,357,720
2.15,34.3,71.6,3.23,5.7,1.25,69.2,0.55,125.0,0,0.0,360,720
0.92,45.7,121.6,5.44,3.57,4.24,48.5,0.4,85.5,0,0.0,359,720
1.68,94.0,280.3,0.42,5.85,1.85,84.3,0.52,35.5,0,0.12,359,720
2.12,11.4,64.0,1.64,5.61,2.92,67.7,0.99,90.6,0,0.0,356,720
0.67,105.0,400.0,3.32,5.45,1.15,84.8,0.48,15.5,0,0.0,360,720
1.23,2.3,55.0,2.23,1.28,0.23,50.4,0.77,146.1,0,0.0,359,720
2.81,32.3,150.9,0.72,4.43,0.89,49.0,0.4,125.6,0,0.0,360,720
3.39,2.1,37.1,1.22,8.13,0.25,54.8,0.44,46.5,0,0.0,360,720
4.49,78.5,298.0,1.14,3.19,2.35,19.9,0.39,68.6,0,0.13,347,720
4.22,26.4,132.4,0.97,4.47,2.94,83.1,0.66,65.3,0,0.0,358,720
3.0,38.7,103.8,1.22,4.96,0.24,65.1,0.38,130.6,0,0.0,354,720
2.07,62.3,195.0,1.89,8.63,0.47,61.3,0.77,59.6,0,0.0,360,720
2.97,5.7,37.7,4.55,6.57,2.44,84.5,0.74,16.7,0,0.0,354,720
3.6,1.4,28.3,3.28,1.05,4.0,89.5,0.54,40.1,0,0.0,360,720
0.8,73.9,183.4,4.27,8.66,3.15,27.3,0.22,40.2,0,0.0,360,720
2.02,13.2,47.1,5.03,8.33,0.54,71.2,0.22,142.9,0,0.0,360,720
3.83,4.8,52.1,1.48,7.55,4.44,58.5,0.63,139.4,0,0.0,360,720
1.91,22.1,80.1,1.23,4.69,4.59,49.6,0.87,52.1,0,0.0,358,720
2.7,31.9,112.5,0.43,7.59,1.64,88.3,0.68,10.4,0,0.0,359,720
2.77,1.1,7.8,6.17,4.81,3.09,78.8,0.55,82.4,0,0.0,353,720
1.07,11.3,78.7,0.45,7.38,2.47,67.3,0.91,121.6,0,0.0,360,720
1.82,1.2,17.9,3.27,8.81,4.71,43.7,0.36,47.6,0,0.0,360,720
1.7,19.1,93.3,1.34,8.91,2.55,65.0,0.49,71.5,0,0.0,356,720
0.41,78.9,247.6,6.84,4.57,4.8,54.9,0.65,34.2,0,0.0,360,720
0.4,141.9,295.6,1.5,8.6,1.01,33.7,0.43,55.8,0,0.0,359,720
3.79,35.5,138.4,4.03,1.06,1.74,48.8,1.0,116.2,0,0.0,360,720
1.45,6.2,47.6,1.03,1.06,3.91,30.9,0.56,70.0,0,0.0,357,720
2.48,82.7,337.9,1.08,5.51,3.92,52.5,0.24,72.6,0,0.0,352,720
1.55,25.4,122.5,2.29,6.54,3.67,69.0,0.34,120.5,0,0.0,354,720
4.25,5.8,54.8,13.95,1.57,4.3,17.7,0.63,116.8,0,0.0,348,720
1.39,89.2,257.7,1.9,4.75,3.52,72.4,0.64,36.2,0,0.0,360,720
2.1,49.6,124.4,6.36,0.99,3.19,16.5,0.99,68.1,0,0.0,360,720
3.97,46.0,74.5,3.69,6.04,2.31,53.8,0.68,128.8,0,0.0,360,720
3.84,43.2,106.9,3.8,8.56,2.35,58.0,0.73,73.9,0,0.0,357,720
1.08,7.8,58.3,1.56,7.39,2.04,72.1,0.37,102.6,0,0.0,359,720
3.67,8.3,51.9,1.38,3.81,3.11,72.1,0.29,52.8,0,0.0,360,720
2.22,40.8,127.9,0.77,9.94,2.05,46.3,0.68,18.3,0,0.0,357,720
2.33,8.7,35.1,7.61,6.65,0.75,20.0,0.89,33.1,0,0.0,358,720
0.86,20.2,91.9,7.35,8.16,0.55,67.0,0.67,66.2,0,0.0,360,720
0.64,53.3,171.2,3.32,6.71,4.62,53.3,0.55,59.5,0,0.0,354,720
3.36,53.6,102.9,1.07,9.89,0.14,40.0,0.66,135.4,0,0.0,360,720
2.39,21.1,85.0,0.92,8.22,0.55,32.6,0.58,86.4,0,0.0,352,720
2.13,55.0,109.4,10.15,5.22,2.24,24.0,0.31,97.8,0,0.0,360,720
3.36,63.8,158.3,0.45,3.7,1.33,37.1,0.79,106.4,1,0.42,39,208
3.52,37.2,91.2,4.38,6.84,2.04,49.4,0.63,84.4,0,0.0,360,720
0.97,9.1,64.0,1.27,5.92,0.6,50.8,0.52,117.8,0,0.0,357,720
2.86,11.2,26.2,1.49,6.31,0.67,58.7,0.65,119.6,0,0.0,359,720
0.87,13.2,55.5,4.22,3.46,4.01,42.2,0.39,59.2,0,0.0,359,720
3.46,4.3,60.2,0.51,4.32,3.8,84.0,0.54,21.9,0,0.0,360,720
3.06,11.2,71.5,1.26,5.6,0.54,52.2,0.7,148.1,0,0.0,350,720
4.32,8.2,32.0,6.98,8.4,3.35,46.8,0.38,100.0,0,0.0,360,720
0.59,21.3,71.4,2.94,7.64,3.05,18.6,0.8,109.2,0,0.0,360,720
0.54,83.7,224.4,3.39,1.23,3.57,59.9,0.62,115.9,0,0.0,357,720
1.49,3.9,21.1,3.42,2.49,2.38,60.2,0.89,95.8,0,0.0,359,720
1.4,44.6,110.9,0.44,0.32,1.36,58.7,0.88,75.9,1,0.69,24,112
1.34,40.7,78.6,0.8,0.13,3.33,81.6,0.6,147.9,1,0.51,52,124
4.11,3.5,27.9,1.79,2.28,1.87,72.2,0.36,111.9,0,0.0,360,720
1.35,89.5,267.8,1.31,8.0,1.11,80.1,0.79,128.4,0,0.0,360,720
1.44,29.4,121.7,1.46,9.05,2.05,19.5,0.53,71.6,0,0.0,360,720
3.49,15.8,94.0,3.65,3.95,3.82,38.9,0.68,136.7,0,0.0,360,720
2.19,49.4,166.4,0.33,5.65,2.39,38.9,0.29,112.5,0,0.0,355,720
3.56,10.4,35.7,2.68,7.08,1.51,64.3,0.71,114.5,0,0.0,360,720
0.57,41.4,145.2,0.3,9.53,4.16,48.6,0.5,22.2,0,0.0,360,720
2.35,1.4,16.8,0.44,9.13,4.41,73.3,0.47,96.4,0,0.0,357,720
0.44,64.0,239.1,1.45,0.62,2.18,43.8,0.98,56.9,0,0.0,360,720
0.56,20.8,76.5,4.34,2.52,1.89,31.6,0.55,103.7,0,0.0,358,720
4.11,35.4,80.7,0.64,0.54,3.07,36.8,0.74,89.5,1,1.74,21,165
0.88,8.8,44.7,2.08,6.18,0.31,28.7,0.7,25.6,0,0.0,357,720
2.54,39.6,100.6,2.8,7.12,3.46,29.8,0.28,84.2,0,0.0,357,720
2.03,51.8,147.5,0.87,3.12,3.92,31.3,0.8,73.2,0,0.0,360,720
1.76,22.4,119.5,1.88,8.55,2.0,16.2,0.46,118.7,0,0.0,359,720
4.08,33.7,100.6,5.63,4.56,0.89,68.7,0.84,80.4,0,0.0,360,720
0.39,21.3,109.3,1.88,9.98,0.16,45.0,0.69,77.4,0,0.0,360,720
3.09,78.6,156.9,0.68,0.05,3.19,16.7,0.45,110.7,1,1.85,26,176
4.35,24.1,98.0,2.47,1.14,1.36,42.8,0.49,103.6,0,0.0,358,720
2.65,64.5,153.8,2.27,3.05,2.33,82.9,0.79,148.9,0,0.0,359,720
4.23,56.6,146.8,0.36,0.3,1.94,53.3,0.64,59.3,1,2.33,15,182
0.52,18.5,70.6,0.51,7.83,0.89,89.0,0.73,106.4,0,0.0,358,720
2.06,9.2,52.6,0.68,0.58,2.55,55.5,0.33,33.4,1,0.44,62,136
1.39,18.2,61.2,0.62,7.5,2.31,87.2,0.83,122.6,0,0.0,360,720
3.37,61.2,191.9,0.96,0.57,3.13,30.1,0.46,120.1,1,1.34,44,227
4.42,9.0,15.0,1.63,2.56,1.27,36.7,0.7,111.6,0,0.0,359,720
1.38,26.0,53.8,1.32,8.42,1.09,67.5,0.29,26.7,0,0.0,359,720
3.05,57.4,104.7,5.17,9.51,4.08,89.0,0.46,148.3,0,0.0,360,720
1.13,15.3,76.9,2.38,4.17,3.52,76.9,0.72,142.0,0,0.0,358,720
2.67,36.0,127.0,4.9,9.7,3.87,56.5,0.42,61.8,0,0.0,357,720
2.25,9.9,71.2,1.95,6.29,0.63,21.4,0.9,90.8,0,0.0,360,720
4.38,4.1,27.6,0.51,4.19,1.14,42.3,0.73,134.4,0,0.15,358,720
2.86,55.4,159.8,1.67,8.04,2.89,21.5,0.9,79.3,0,0.0,359,720
1.77,3.6,52.6,4.1,2.99,4.29,38.3,0.52,93.9,0,0.0,360,720
0.78,11.1,53.0,0.77,2.69,4.46,34.4,0.23,94.5,0,0.0,360,720
0.94,67.6,176.8,0.51,6.58,4.16,44.1,0.66,100.9,0,0.0,360,720
1.25,14.9,85.0,1.18,3.94,0.24,77.8,0.47,90.6,0,0.0,360,720
1.35,126.5,231.2,1.38,1.4,4.11,26.3,0.56,66.8,0,0.0,356,720
3.87,136.5,222.9,1.1,0.72,4.5,38.0,0.74,85.5,1,1.61,26,234
2.66,10.9,57.8,0.62,7.89,0.3,34.6,0.76,132.0,0,0.0,353,720
2.5,1.5,39.8,0.94,6.78,2.09,37.2,0.22,131.0,0,0.0,355,720
0.78,42.7,85.8,2.82,4.15,2.69,42.0,0.82,118.2,0,0.0,360,720
3.91,21.0,43.7,1.37,8.97,1.18,33.3,0.59,68.0,0,0.0,359,720
3.34,3.7,51.4,2.5,4.14,2.59,85.7,0.65,120.0,0,0.0,353,720
0.58,43.0,87.9,1.99,7.12,4.43,46.5,0.44,64.3,0,0.0,350,720
3.27,1.1,11.9,2.05,9.1,4.34,23.6,0.54,103.0,0,0.0,353,720
2.58,71.5,282.8,0.93,8.42,4.7,50.1,0.77,89.4,0,0.0,356,720
0.64,5.2,53.6,1.92,5.14,2.43,28.8,0.82,52.0,0,0.0,360,720
2.22,4.8,16.5,0.35,6.82,2.06,31.2,0.51,73.4,0,0.0,358,720
2.34,6.8,54.4,1.54,4.17,3.34,36.4,0.75,126.3,0,0.0,360,720
1.0,112.9,372.6,2.17,6.49,2.1,24.4,0.41,137.8,0,0.0,355,720
4.27,41.4,139.3,0.74,2.61,0.23,69.1,0.87,38.7,1,1.02,56,217
3.87,56.6,151.1,0.95,4.38,3.61,74.4,0.69,73.9,0,0.0,359,720
3.11,17.7,109.5,0.85,2.13,1.42,44.6,0.82,70.7,1,0.21,66,211
2.24,14.3,49.2,0.46,0.43,0.26,66.7,0.58,78.5,1,0.97,33,122
2.03,9.4,38.9,1.24,5.91,0.12,44.2,0.38,146.7,0,0.0,360,720
3.03,22.9,101.5,8.8,8.65,4.66,27.3,0.54,82.6,0,0.0,353,720
2.59,28.1,139.2,1.26,0.3,1.28,44.8,0.51,126.2,1,0.66,60,193
0.56,35.0,136.3,1.66,2.0,2.25,56.8,0.47,103.0,0,0.0,355,720
2.45,10.4,67.4,2.63,4.63,4.75,18.1,0.37,25.0,0,0.0,360,720
3.69,103.9,316.1,2.6,6.68,2.35,64.1,0.81,107.4,0,0.0,359,720
2.23,6.5,55.5,6.89,1.75,0.41,70.7,0.27,100.6,0,0.0,355,720
0.52,118.0,400.0,4.59,0.61,2.77,79.5,0.91,116.2,0,0.0,359,720
3.6,0.5,23.2,3.78,5.21,0.46,22.7,0.34,20.4,0,0.0,360,720
1.15,23.0,100.0,6.96,8.2,0.49,15.0,0.98,43.8,0,0.0,355,720
1.39,14.2,63.9,0.88,0.4,4.26,20.5,0.99,117.7,0,0.1,360,720
0.99,20.9,90.4,2.41,3.53,1.46,84.3,0.52,61.9,0,0.0,359,720
1.69,29.6,88.5,5.1,6.65,3.4,72.4,0.99,137.5,0,0.0,357,720
3.48,20.0,76.1,2.45,1.35,2.55,77.7,0.9,82.5,0,0.0,354,720
2.48,18.8,43.5,8.64,2.4,1.13,53.8,0.27,10.1,0,0.0,360,720
1.16,46.2,129.6,0.53,5.38,2.6,54.5,0.96,107.8,0,0.0,358,720
3.99,40.5,182.2,1.57,9.53,0.36,37.4,0.23,81.9,0,0.0,345,720
3.99,62.7,155.1,8.63,2.91,1.75,78.2,0.35,54.4,0,0.0,360,720
3.96,10.1,54.4,1.35,4.9,2.62,77.2,0.67,12.9,0,0.0,360,720
1.3,32.9,102.5,3.26,4.03,1.16,44.4,0.26,37.8,0,0.0,360,720
2.2,30.8,75.5,0.37,8.98,3.31,39.7,0.33,32.6,0,0.0,360,720
4.44,16.2,75.7,2.91,0.77,0.28,70.4,0.96,91.6,0,0.14,360,720
3.54,23.3,85.8,6.3,5.68,2.43,17.0,1.0,117.7,0,0.0,358,720
0.41,13.2,60.3,1.36,8.47,3.58,79.5,0.84,42.8,0,0.0,358,720
0.57,5.4,43.3,0.35,9.88,2.16,48.5,0.61,107.7,0,0.0,360,720
2.25,8.4,43.5,0.36,7.0,4.38,48.1,0.92,136.0,0,0.0,359,720
4.12,3.9,47.6,5.2,3.83,3.17,65.2,0.29,97.0,0,0.0,353,720
2.56,40.2,81.8,3.12,4.15,4.79,63.4,0.95,118.6,0,0.0,358,720
2.39,37.8,122.6,0.55,3.55,1.43,34.9,0.48,38.6,0,0.0,360,720
0.74,105.3,349.4,0.42,6.06,4.7,85.7,0.89,20.5,1,0.25,65,251
3.06,45.8,101.7,3.89,7.41,3.04,89.0,0.73,61.2,0,0.0,360,720
3.75,1.9,28.0,3.95,8.2,3.73,54.4,0.97,109.3,0,0.0,360,720
1.9,75.5,232.1,0.58,4.2,4.51,57.1,0.89,106.1,1,0.17,56,234
3.56,69.5,292.5,1.09,7.18,2.76,56.6,0.91,143.7,0,0.0,359,720
4.35,20.5,86.4,3.63,9.17,4.31,51.4,0.71,98.2,0,0.0,359,720
1.16,30.9,112.5,1.94,9.21,2.72,85.9,0.87,67.6,0,0.0,360,720
2.5,130.7,400.0,7.2,7.06,3.0,33.4,0.81,121.6,0,0.0,360,720
1.51,26.6,114.0,1.74,6.39,2.24,23.1,0.33,31.4,0,0.0,360,720
3.63,82.5,289.1,2.79,5.34,0.75,84.7,0.72,123.8,0,0.0,360,720
2.73,3.0,29.6,1.87,1.87,2.78,31.0,0.32,61.2,0,0.0,357,720
2.97,7.4,57.6,6.6,1.28,4.89,71.2,0.9,31.6,0,0.0,355,720
3.65,20.3,110.1,1.42,4.88,3.94,30.3,0.25,32.7,0,0.0,356,720
1.96,30.8,119.1,0.87,1.64,3.74,87.0,0.99,147.7,0,0.15,360,720
4.14,59.3,229.6,1.17,5.79,3.22,74.3,0.52,97.3,0,0.0,360,720
2.54,155.6,400.0,4.51,6.47,1.75,83.9,0.34,34.4,0,0.0,360,720
0.96,17.2,52.8,1.82,5.28,0.86,86.3,0.95,47.6,0,0.0,359,720
3.22,1.7,18.1,1.26,0.41,1.14,21.3,0.24,62.1,1,0.63,70,150
3.63,56.5,217.9,2.03,0.62,0.05,47.5,0.58,17.8,1,0.65,63,259
1.63,32.5,77.4,0.61,1.18,3.37,63.6,0.82,25.2,1,0.17,45,123
3.9,7.7,65.8,0.31,1.58,4.06,75.2,0.45,116.6,1,1.29,25,177
4.11,23.9,91.0,1.02,9.9,1.36,33.1,0.62,120.2,0,0.0,346,720
1.46,47.5,193.0,2.34,3.48,0.48,83.6,0.76,148.4,0,0.0,360,720
4.43,51.5,113.3,3.04,2.96,1.69,31.6,0.96,19.5,0,0.0,349,720
0.89,24.2,129.2,4.15,0.57,1.47,80.0,0.28,134.5,0,0.0,357,720
1.15,12.7,78.3,6.05,6.37,2.27,53.5,0.33,54.4,0,0.0,360,720
1.07,127.4,270.8,1.47,6.54,1.34,53.7,0.61,55.9,0,0.0,360,720
4.05,38.1,139.8,3.27,1.8,1.71,43.1,0.53,27.8,0,0.0,353,720
3.05,18.4,67.8,0.47,9.2,4.54,22.8,0.53,148.1,0,0.0,360,720
0.94,11.5,55.2,0.43,8.01,1.69,41.0,0.44,147.3,0,0.0,360,720
2.15,46.0,122.7,0.59,2.34,3.93,47.0,0.65,131.1,1,0.29,49,161
2.88,9.7,39.1,1.61,4.88,3.14,50.9,0.91,22.7,0,0.0,360,720
0.65,6.6,28.7,0.82,4.61,1.7,70.4,0.33,127.8,0,0.0,355,720
4.01,26.4,59.4,1.04,3.52,4.09,41.4,0.37,98.8,0,0.0,360,720
3.68,12.0,71.0,2.6,8.19,2.98,45.5,0.74,28.0,0,0.0,360,720
2.42,34.7,129.3,1.28,1.14,0.06,83.0,0.24,46.6,0,0.02,358,720
4.36,4.4,61.3,2.09,4.18,0.36,71.4,0.74,106.5,0,0.0,360,720
2.05,37.2,114.2,1.47,4.31,3.77,16.7,0.45,122.5,0,0.0,360,720
4.43,11.7,65.9,0.71,4.71,2.24,75.9,0.49,128.7,0,0.0,360,720
3.11,0.0,9.3,0.47,8.62,2.04,89.2,0.52,86.1,0,0.0,355,720
2.97,4.8,49.4,0.89,2.22,0.75,85.5,0.48,84.8,0,0.07,360,720
1.0,94.9,170.8,0.43,1.07,0.8,77.7,0.87,105.8,1,0.52,21,111
4.0,70.7,227.1,2.42,6.2,3.99,62.2,0.96,118.9,0,0.0,360,720
2.1,9.3,53.4,3.79,1.78,4.15,35.9,0.64,33.9,0,0.0,347,720
0.98,52.7,98.1,1.21,0.8,2.81,64.1,0.67,113.6,0,0.0,357,720
0.35,32.8,83.1,1.38,4.3,1.49,67.2,0.26,57.8,0,0.0,360,720
2.65,123.8,350.7,4.03,2.24,4.66,36.1,0.77,63.7,0,0.0,360,720
2.52,16.4,57.7,0.85,3.64,3.13,34.1,0.67,20.9,0,0.0,350,720
3.32,40.0,128.1,0.58,2.63,3.99,44.8,0.24,92.4,1,0.39,46,181
4.04,2.3,8.8,1.83,0.97,0.04,63.1,0.36,23.1,1,0.72,105,199
0.63,17.7,51.9,2.59,5.63,2.26,37.0,0.36,137.8,0,0.0,360,720
3.37,116.2,199.3,2.31,0.32,4.36,56.7,0.34,96.9,0,0.08,360,720
1.09,27.1,122.2,3.05,9.67,1.7,82.4,0.73,148.6,0,0.0,360,720
3.9,11.9,49.4,0.43,3.45,3.64,37.1,0.94,44.4,1,0.32,45,158
3.74,4.5,50.6,1.53,6.97,3.3,87.4,0.81,105.1,0,0.0,358,720
2.57,42.6,141.5,0.9,8.11,0.78,50.5,0.58,145.0,0,0.0,360,720
3.28,36.2,123.8,3.43,2.83,3.88,22.6,0.52,51.8,0,0.0,356,720
1.62,16.4,76.7,4.84,7.5,0.58,19.1,0.51,23.5,0,0.0,360,720
2.28,105.5,315.0,1.03,8.33,3.65,40.4,0.68,98.8,0,0.0,360,720
3.75,0.8,32.4,0.52,2.45,4.96,34.4,0.49,61.3,1,0.45,53,170
2.23,12.7,84.5,0.94,9.93,4.79,78.3,0.38,48.2,0,0.0,349,720
1.8,88.9,203.8,0.54,0.26,4.01,70.3,0.68,149.1,1,1.2,23,161
2.38,13.5,49.4,1.16,2.21,2.68,81.3,0.51,115.6,0,0.0,360,720
3.78,10.2,63.1,2.0,7.81,3.38,59.2,0.21,78.0,0,0.0,349,720
1.71,26.7,83.3,8.3,1.98,3.65,47.7,0.22,17.0,0,0.0,357,720
1.03,60.8,215.9,1.42,7.0,0.06,35.3,0.42,36.8,0,0.0,351,720
3.29,3.8,21.0,0.85,8.56,0.53,58.7,0.61,51.8,0,0.0,359,720
3.77,100.3,221.2,0.7,9.59,2.99,61.4,0.48,78.2,0,0.0,357,720
0.72,55.5,192.8,0.72,4.77,0.05,44.5,0.22,79.6,0,0.0,352,720
1.31,7.0,33.4,0.77,9.71,4.55,85.2,0.38,13.5,0,0.0,360,720
0.9,43.6,176.5,3.46,4.15,2.46,63.0,0.28,142.1,0,0.0,355,720
1.76,17.0,79.9,0.44,2.22,1.3,77.8,0.96,86.0,0,0.12,360,720
2.19,18.0,75.1,13.4,5.16,1.98,61.5,0.45,12.8,0,0.0,360,720
3.45,53.5,97.2,1.93,6.52,4.26,38.7,0.21,108.2,0,0.0,359,720
3.03,115.2,231.9,2.03,4.61,4.64,70.2,0.73,20.0,0,0.0,360,720
2.91,4.7,55.4,1.27,5.69,0.6,32.3,0.39,111.0,0,0.0,360,720
1.78,19.1,93.7,2.88,4.19,3.89,59.7,0.65,108.2,0,0.0,360,720
3.83,23.0,77.2,1.7,5.27,2.9,45.2,0.32,147.9,0,0.0,360,720
2.28,16.5,62.0,1.18,9.53,2.94,26.2,0.99,57.9,0,0.0,358,720
4.41,15.8,54.5,0.98,5.02,3.9,46.0,0.98,30.2,0,0.0,360,720
2.96,1.9,26.9,6.02,2.57,1.13,38.3,0.72,22.9,0,0.0,360,720
0.83,40.5,182.2,1.06,7.6,2.66,23.4,0.77,20.0,0,0.0,343,720
3.14,20.1,60.8,1.56,3.41,1.61,76.8,0.54,123.4,0,0.0,360,720
1.67,7.6,59.9,1.25,8.17,0.49,52.4,0.97,110.6,0,0.0,355,720
3.18,59.3,243.8,0.5,0.62,0.54,41.0,0.54,146.6,1,2.0,23,219
0.59,56.8,92.7,0.75,3.36,0.7,52.9,0.39,53.3,0,0.0,351,720
1.03,23.3,73.3,0.76,0.99,3.08,71.6,0.29,122.4,0,0.0,360,720
3.89,12.4,49.4,2.9,0.9,0.55,16.4,0.37,23.0,0,0.0,353,720
1.25,35.6,148.9,1.45,6.6,2.86,56.0,0.66,136.5,0,0.0,360,720
3.82,11.9,48.4,3.65,3.88,2.95,50.9,0.4,17.3,0,0.0,359,720
1.47,9.4,64.6,3.02,8.72,4.52,82.0,0.72,120.3,0,0.0,359,720
3.0,45.9,131.9,0.77,5.19,3.14,56.7,0.51,53.0,0,0.0,354,720
3.22,1.4,18.2,2.12,2.99,4.93,25.3,0.91,35.4,0,0.0,360,720
2.45,3.5,16.5,3.29,7.22,0.17,44.2,0.65,108.6,0,0.0,359,720
1.58,0.2,47.0,2.51,6.26,3.53,61.6,0.7,135.4,0,0.0,360,720
1.19,5.8,46.4,2.32,8.01,0.15,18.4,0.65,117.0,0,0.0,350,720
0.44,2.5,54.4,3.26,6.45,3.65,81.3,0.91,53.8,0,0.0,356,720
1.58,180.0,400.0,0.43,1.71,1.94,20.1,0.25,59.5,1,0.7,26,271
3.04,11.9,58.2,3.19,6.72,3.06,17.3,0.25,36.5,0,0.0,352,720
4.24,5.7,25.8,1.0,3.95,1.56,15.2,0.76,125.4,0,0.0,360,720
3.96,9.7,34.4,2.17,4.66,0.81,66.3,0.81,25.0,0,0.0,357,720
3.52,96.3,370.3,0.91,9.22,3.62,49.2,0.55,136.4,0,0.0,356,720
3.61,25.7,91.5,4.32,3.63,4.53,22.7,0.48,94.2,0,0.0,360,720
3.09,15.9,48.8,1.74,6.14,0.93,79.2,0.42,92.4,0,0.0,360,720
1.39,72.3,181.0,2.57,3.67,4.61,30.2,0.39,127.3,0,0.0,354,720
4.11,17.6,59.3,3.78,0.99,0.72,39.5,0.93,103.5,0,0.0,360,720
3.12,14.3,69.6,5.26,4.56,3.68,28.3,0.44,52.6,0,0.0,360,720
2.65,8.1,60.7,3.2,5.99,4.8,84.5,0.72,58.9,0,0.0,350,720
0.77,16.6,47.3,0.65,4.1,0.75,71.9,0.83,34.2,0,0.0,358,720
2.18,13.3,62.4,4.54,3.94,2.19,69.3,0.22,75.0,0,0.0,360,720
2.23,39.6,100.0,2.42,8.21,1.7,18.3,0.23,25.4,0,0.0,359,720
3.93,12.0,44.3,2.37,0.35,1.95,54.2,0.47,101.4,0,0.1,343,720
2.6,30.1,135.2,5.89,2.99,3.77,58.2,0.76,33.7,0,0.0,360,720
1.9,2.4,54.3,0.93,8.13,3.31,43.7,0.41,131.0,0,0.0,360,720
4.4,7.4,22.2,0.9,9.21,4.84,39.1,0.2,108.1,0,0.0,360,720
0.77,18.3,84.5,1.88,4.15,0.94,78.9,0.43,134.8,0,0.0,360,720
2.07,96.7,340.1,3.36,8.89,2.73,16.7,0.27,22.2,0,0.0,360,720
0.48,16.6,63.1,1.6,2.03,2.26,61.9,0.38,121.8,0,0.0,352,720
3.41,38.2,172.1,2.51,2.25,4.6,44.6,0.47,133.3,0,0.0,360,720
4.16,10.3,44.9,1.63,8.47,0.07,64.9,0.3,16.2,0,0.0,360,720
1.48,4.8,51.3,2.37,9.04,4.95,29.8,0.77,149.9,0,0.0,352,720
3.91,2.1,40.9,4.1,2.27,2.41,32.9,0.4,52.1,0,0.0,360,720
1.53,12.8,76.2,0.74,0.64,3.14,59.0,0.73,39.6,0,0.04,360,720
4.13,6.0,18.9,2.92,0.95,1.81,88.5,0.68,68.1,0,0.0,360,720
3.47,6.7,21.9,3.71,2.65,4.27,88.1,0.92,11.2,0,0.0,360,720
3.68,50.1,187.8,1.6,7.63,2.82,33.7,0.27,134.0,0,0.0,355,720
0.38,0.6,13.2,1.16,5.12,3.32,22.7,0.37,47.6,0,0.0,357,720
4.34,28.6,117.5,0.33,4.58,3.25,59.3,0.89,83.0,1,0.18,52,218
3.35,16.7,81.6,3.81,5.86,1.83,46.5,0.86,97.3,0,0.0,360,720
1.58,24.7,62.2,1.17,8.91,0.4,72.1,0.35,120.8,0,0.0,357,720
3.78,29.0,86.5,1.27,0.95,4.04,54.6,0.29,45.0,1,0.59,55,191
1.48,13.2,46.4,1.2,6.96,1.46,53.3,0.88,110.4,0,0.0,360,720
3.97,12.2,64.6,1.82,9.27,4.25,63.5,0.34,26.5,0,0.0,360,720
0.77,46.3,170.2,2.97,2.17,3.05,24.5,0.9,108.6,0,0.0,360,720
3.26,71.8,235.4,3.55,8.39,1.78,65.8,0.97,138.7,0,0.0,352,720
2.57,7.5,71.3,1.4,7.0,2.98,51.6,0.38,21.9,0,0.0,360,720
0.71,3.6,40.1,2.69,0.19,3.23,76.5,0.87,26.3,0,0.0,360,720
1.32,79.8,255.7,3.11,2.35,3.54,25.4,0.54,88.0,0,0.0,360,720
0.35,15.1,73.3,1.08,6.08,4.12,37.6,0.83,16.5,0,0.0,358,720
2.27,28.1,98.1,0.52,5.05,0.82,86.3,0.53,36.2,0,0.0,360,720
1.57,15.6,53.4,5.25,5.3,4.72,56.5,0.26,36.6,0,0.0,360,720
2.81,4.7,10.7,2.79,2.36,2.07,84.7,0.77,77.4,0,0.0,359,720
1.55,31.1,73.6,2.6,6.77,4.31,66.7,0.32,44.8,0,0.0,360,720
1.56,26.1,94.5,0.43,2.7,1.12,84.5,0.94,76.6,0,0.04,360,720
3.42,7.9,50.7,4.05,3.92,0.16,38.8,0.53,83.0,0,0.0,355,720
0.5,21.0,82.0,2.14,3.72,2.88,21.8,0.27,112.3,0,0.0,360,720
4.09,55.8,151.4,4.44,6.74,1.64,75.2,0.38,142.4,0,0.0,359,720
3.88,31.2,149.6,8.38,0.95,4.92,75.3,0.89,80.5,0,0.0,359,720
3.1,3.6,27.1,7.23,2.1,0.54,61.4,0.46,59.7,0,0.0,359,720
2.79,27.8,104.8,4.56,2.04,0.26,58.5,0.89,46.2,0,0.0,360,720
4.05,42.5,161.3,0.32,1.13,0.24,83.6,0.34,98.9,1,2.2,28,216
1.08,55.1,160.9,5.07,2.12,1.1,28.2,0.57,142.0,0,0.0,360,720
0.63,34.7,134.6,0.47,6.09,2.9,61.2,0.9,117.1,0,0.0,360,720
1.31,5.8,25.8,4.49,7.34,2.54,18.7,0.24,38.9,0,0.0,359,720
3.64,43.3,159.7,1.02,6.62,1.76,25.6,0.44,135.1,0,0.0,360,720
0.45,39.6,179.9,2.37,4.78,0.46,47.8,0.93,113.0,0,0.0,357,720
2.75,0.9,49.9,0.39,0.57,1.18,76.6,0.68,27.9,1,1.14,31,116
4.48,18.6,85.3,3.54,9.59,0.94,70.0,0.77,109.8,0,0.0,360,720
3.89,14.2,76.3,0.56,1.72,3.73,88.1,0.87,50.5,1,0.72,37,173
2.49,38.7,78.9,1.46,6.7,3.9,18.4,0.62,78.8,0,0.0,360,720
0.57,8.5,39.9,4.04,9.13,3.89,43.6,0.88,52.0,0,0.0,353,720
3.79,31.3,112.8,2.91,6.99,4.85,26.9,0.71,21.8,0,0.0,356,720
2.82,85.5,252.4,0.31,2.22,4.42,17.8,0.75,117.6,1,1.0,29,212
0.78,55.9,231.4,1.43,3.19,2.5,34.8,0.32,126.0,0,0.0,355,720
0.69,89.0,195.2,0.39,0.35,2.09,33.3,0.95,42.5,1,0.56,24,134
4.12,134.4,400.0,2.76,6.15,4.58,46.5,0.84,43.5,0,0.0,353,720
3.11,0.4,42.2,7.94,6.15,3.06,25.5,0.4,70.2,0,0.0,355,720
3.78,34.1,132.8,2.64,7.27,1.49,51.6,0.66,123.6,0,0.0,357,720
3.99,18.6,85.0,0.86,0.16,2.83,84.0,0.5,20.8,1,1.63,41,192
2.7,68.8,278.8,1.27,8.19,4.96,71.1,0.73,123.2,0,0.0,360,720
2.47,10.2,25.7,8.57,7.4,4.25,78.2,0.99,139.2,0,0.0,360,720
2.11,138.8,400.0,0.86,1.45,1.42,75.4,0.24,88.6,1,0.4,27,272
1.63,33.3,90.2,2.11,3.51,4.77,44.2,0.96,18.5,0,0.0,357,720
2.13,55.2,118.6,1.43,6.4,4.91,68.2,0.26,47.7,0,0.0,360,720
3.55,3.1,49.8,3.52,4.98,1.17,71.6,0.57,25.6,0,0.0,360,720
2.83,7.1,67.4,4.74,1.2,4.48,30.4,0.59,46.3,0,0.0,353,720
4.05,49.7,154.8,1.22,0.92,4.42,79.5,0.41,123.6,1,0.9,57,227
2.16,0.8,49.0,2.68,7.83,0.22,49.3,0.65,17.8,0,0.0,357,720
2.85,59.4,192.1,2.05,1.6,3.36,16.2,0.87,49.7,0,0.0,360,720
2.95,0.5,6.6,1.02,1.76,1.54,63.3,0.44,82.4,0,0.13,357,720
2.79,37.5,167.8,1.0,8.32,3.38,65.8,0.26,132.4,0,0.0,355,720
3.25,15.9,43.8,2.0,6.14,4.57,56.4,0.71,45.0,0,0.0,360,720
1.3,33.1,141.2,0.67,6.07,2.5,30.9,0.8,119.0,0,0.0,360,720
2.45,41.7,108.1,3.96,4.82,2.08,51.2,0.96,91.7,0,0.0,360,720
0.74,14.7,59.1,0.46,5.71,4.61,45.0,0.33,104.7,0,0.0,354,720
1.91,4.0,51.0,0.52,6.04,4.87,88.1,0.92,130.6,0,0.0,359,720
2.35,2.5,34.5,1.22,9.68,0.33,76.9,0.59,13.7,0,0.0,357,720
3.04,31.1,122.2,0.58,2.27,4.62,72.1,0.39,84.2,1,0.43,44,162
4.29,25.7,89.4,1.72,2.18,0.43,28.6,0.97,114.6,1,0.29,86,229
2.82,47.4,107.1,1.42,0.62,1.7,39.8,0.39,133.8,1,0.39,59,190
3.42,24.9,61.4,3.11,6.6,3.82,43.5,0.79,28.6,0,0.0,360,720
2.43,19.2,67.2,7.03,5.51,3.89,51.9,0.83,57.8,0,0.0,360,720
2.96,17.8,101.4,3.38,1.16,3.63,17.3,0.54,21.0,0,0.0,358,720
0.6,0.9,4.0,0.74,3.68,0.21,59.5,0.75,126.9,0,0.0,360,720
1.37,14.3,62.4,6.33,1.83,0.68,41.8,0.66,130.0,0,0.0,358,720
1.82,130.6,400.0,1.4,3.35,4.68,57.1,0.35,77.7,0,0.0,356,720
2.28,72.4,255.3,1.71,9.52,0.43,15.7,0.81,12.9,0,0.0,355,720
0.49,14.0,53.8,1.5,6.85,0.41,39.1,0.94,24.3,0,0.0,360,720
0.89,31.0,89.5,1.02,0.13,4.18,72.6,0.59,97.4,0,0.0,356,720
1.46,65.8,246.1,5.26,2.56,3.21,52.6,1.0,147.6,0,0.0,360,720
4.38,20.4,78.5,1.19,0.15,1.77,74.2,0.54,127.4,1,1.86,54,199
1.69,0.6,15.0,2.2,7.16,0.85,67.4,0.58,121.7,0,0.0,360,720
2.32,2.7,29.9,0.9,4.72,4.42,79.1,0.74,68.5,0,0.0,360,720
1.12,25.0,93.3,3.81,9.94,4.94,15.6,0.35,147.9,0,0.0,360,720
2.87,122.1,400.0,3.57,7.35,0.27,34.6,0.92,125.5,0,0.0,360,720
1.48,41.4,103.9,1.07,5.2,2.78,56.2,0.84,57.0,0,0.0,360,720
1.17,2.6,31.1,2.82,8.06,1.32,85.6,0.9,114.8,0,0.0,359,720
2.47,7.3,57.7,2.98,7.06,4.17,66.0,0.69,70.6,0,0.0,359,720
0.32,51.6,186.4,2.12,2.48,1.74,49.2,0.91,102.5,0,0.0,360,720
0.33,64.5,216.6,2.32,5.33,3.58,24.8,0.74,145.8,0,0.0,354,720
1.22,33.7,148.9,2.18,5.58,2.71,52.0,0.61,44.5,0,0.0,351,720
0.45,36.2,81.6,0.49,4.54,2.72,48.1,0.95,121.3,0,0.0,353,720
0.75,1.0,45.4,2.74,1.83,4.29,73.4,0.55,92.7,0,0.0,358,720
1.72,61.7,196.7,1.7,2.27,2.36,46.0,0.6,143.0,0,0.0,355,720
3.67,54.3,143.1,1.57,2.85,4.23,38.9,0.34,28.8,0,0.0,360,720
2.7,10.5,46.1,4.63,0.15,1.83,21.7,0.96,110.8,0,0.0,353,720
2.45,43.2,105.8,0.35,9.17,0.89,18.5,0.38,15.2,0,0.0,353,720
1.53,8.5,18.2,0.94,6.88,2.29,47.9,0.36,44.5,0,0.0,351,720
4.21,1.4,34.2,0.58,6.91,2.5,41.0,0.28,54.9,0,0.0,357,720
1.97,7.9,59.5,0.38,5.74,2.4,56.6,0.56,70.5,0,0.0,358,720
0.67,6.9,31.1,1.01,6.91,4.05,68.4,0.42,145.1,0,0.0,360,720
2.89,14.4,38.6,10.12,9.82,2.83,18.0,0.79,19.5,0,0.0,360,720
0.78,19.0,64.3,0.99,3.88,4.44,52.2,0.45,33.7,0,0.0,357,720
1.75,24.9,92.6,2.7,7.14,2.58,79.6,0.78,38.4,0,0.0,355,720
2.43,22.7,62.0,0.58,3.63,1.14,49.1,0.36,69.4,0,0.01,360,720
3.97,11.0,39.2,2.33,8.55,0.66,54.1,0.38,18.5,0,0.0,356,720
2.37,1.0,17.1,9.46,8.59,4.34,51.5,0.84,145.2,0,0.0,360,720
3.25,32.5,129.0,1.06,9.03,0.3,44.2,0.5,88.4,0,0.0,353,720
4.47,17.6,75.9,4.45,0.1,0.61,23.3,0.29,123.9,0,0.0,356,720
0.85,12.4,39.3,13.54,3.02,0.34,24.5,0.97,118.1,0,0.0,360,720
1.45,70.6,165.5,2.25,1.38,2.13,28.4,0.34,102.5,0,0.0,360,720
1.96,48.1,112.5,1.11,4.57,2.67,74.4,0.32,136.6,0,0.0,353,720
2.07,68.3,246.7,2.76,4.98,0.12,35.6,0.49,136.3,0,0.0,360,720
2.03,23.9,89.5,4.4,2.6,2.59,86.1,0.28,27.9,0,0.0,360,720
4.11,4.9,39.4,0.71,7.25,1.98,75.8,0.32,136.3,0,0.0,360,720
3.3,41.7,89.7,1.63,2.73,3.87,66.3,0.88,83.3,0,0.0,360,720
2.85,8.1,42.9,1.15,8.55,4.15,69.0,0.34,47.5,0,0.0,350,720
1.6,20.4,102.8,1.03,1.82,3.43,18.6,0.29,95.2,0,0.0,360,720
3.76,2.4,21.1,4.64,3.7,2.38,57.6,0.9,49.3,0,0.0,360,720
4.31,61.1,230.5,1.5,6.24,1.1,85.6,0.56,77.1,0,0.0,360,720
3.75,4.7,17.6,1.21,6.07,4.24,17.9,0.33,124.3,0,0.0,360,720
0.31,81.7,230.3,2.34,0.83,1.72,36.8,0.67,14.5,0,0.0,356,720
2.97,69.9,182.3,0.84,8.47,1.79,18.9,0.23,35.6,0,0.0,358,720
0.51,21.9,70.9,0.87,6.0,4.58,57.7,0.54,143.9,0,0.0,348,720
1.38,47.7,97.7,1.92,8.71,4.88,23.7,0.67,72.3,0,0.0,360,720
0.55,33.8,93.6,1.46,8.68,4.49,50.9,0.97,52.5,0,0.0,356,720
2.84,56.9,138.5,1.07,5.48,4.99,69.0,0.46,139.3,0,0.0,359,720
3.18,19.8,58.5,0.42,9.11,4.35,27.3,0.81,137.6,0,0.0,360,720
0.78,53.9,159.0,1.92,8.49,3.53,71.7,0.31,16.2,0,0.0,357,720
1.91,21.7,98.1,4.03,9.58,1.48,19.5,0.55,60.7,0,0.0,355,720
2.22,99.0,318.2,4.49,8.51,4.77,26.2,0.38,137.8,0,0.0,360,720
1.85,23.3,89.6,0.89,8.22,4.39,36.0,0.59,35.2,0,0.0,351,720
0.81,21.7,78.8,2.31,4.72,1.22,74.7,0.53,90.9,0,0.0,360,720
2.06,53.8,185.8,4.56,2.16,2.46,78.8,0.98,54.9,0,0.0,360,720
3.45,60.3,184.6,1.46,9.11,0.37,31.5,0.93,113.1,0,0.0,357,720
0.6,28.3,68.4,6.22,7.24,4.77,22.2,0.67,32.2,0,0.0,358,720
0.64,6.9,34.8,5.43,2.85,2.87,78.6,0.34,93.4,0,0.0,355,720
1.79,22.1,84.2,0.81,3.44,1.24,63.7,0.65,10.0,0,0.0,358,720
4.26,120.6,400.0,0.96,6.88,1.48,26.8,0.83,45.4,0,0.0,359,720
3.11,48.9,106.9,0.74,4.8,4.9,56.8,0.23,32.7,0,0.0,358,720
3.15,58.3,126.9,0.78,0.86,3.09,80.4,0.55,39.4,1,0.83,42,171
1.82,1.2,8.5,5.55,1.46,2.12,20.2,0.23,130.5,0,0.0,351,720
2.79,22.1,89.9,6.19,7.47,2.51,21.3,0.4,138.1,0,0.0,355,720
0.34,36.4,111.6,0.42,3.32,0.51,35.5,0.27,115.7,0,0.0,360,720
2.97,62.0,125.6,2.28,5.1,0.39,63.9,0.97,92.6,0,0.0,360,720
4.14,1.8,22.0,2.13,7.68,2.97,28.4,0.34,42.3,0,0.0,356,720
2.87,67.0,155.8,1.39,7.52,2.57,76.2,0.32,48.5,0,0.0,360,720
3.97,27.8,94.3,2.5,1.71,1.81,71.3,0.98,53.4,0,0.0,354,720
3.34,7.7,59.7,6.78,1.03,2.84,57.1,0.61,118.8,0,0.0,358,720
0.81,13.4,76.0,0.71,5.93,0.38,23.7,0.81,45.4,0,0.0,360,720
4.09,11.6,66.6,0.58,7.43,4.72,89.1,0.46,146.3,0,0.0,357,720
0.58,26.5,101.1,0.37,1.53,1.48,51.8,0.63,121.5,0,0.13,358,720
2.54,1.9,27.7,1.3,3.75,0.38,48.9,0.21,150.0,0,0.0,353,720
0.9,6.0,33.4,1.21,8.71,0.86,89.7,0.53,74.3,0,0.0,360,720
0.35,58.6,265.5,1.54,9.45,0.5,79.8,0.64,92.5,0,0.0,356,720
2.07,5.0,31.7,1.84,4.57,0.91,49.2,0.61,49.3,0,0.0,357,720
1.54,9.3,44.3,3.42,0.84,2.1,46.4,0.52,94.5,0,0.0,356,720
2.34,21.1,122.8,1.4,2.61,3.7,22.2,0.83,146.3,0,0.0,356,720
2.72,25.5,49.3,1.18,2.37,1.38,84.5,0.6,14.3,0,0.0,360,720
0.48,50.5,167.5,4.16,2.43,2.19,78.3,0.71,50.5,0,0.0,360,720
0.82,20.8,125.1,4.47,4.96,4.65,38.3,0.35,49.4,0,0.0,360,720
2.65,54.6,204.1,0.88,5.85,1.49,71.5,0.89,147.5,0,0.0,359,720
1.74,33.7,125.3,1.13,1.27,3.98,72.2,0.49,28.6,0,0.0,359,720
3.36,4.2,32.6,4.14,8.9,0.81,32.1,0.59,123.7,0,0.0,360,720
3.04,5.9,26.5,0.48,6.22,0.91,61.0,0.48,48.4,0,0.0,360,720
3.85,20.1,83.6,1.17,5.99,2.29,34.1,0.91,130.5,0,0.0,360,720
3.21,17.7,97.0,1.61,9.87,1.19,74.2,0.92,78.3,0,0.0,359,720
2.11,47.6,150.7,0.76,6.3,4.52,26.5,0.38,43.9,0,0.0,360,720
3.13,30.4,131.9,0.74,9.29,0.27,65.2,0.8,109.4,0,0.0,360,720
1.46,17.2,86.3,1.52,2.9,2.99,39.5,0.28,127.8,0,0.0,360,720
1.59,6.6,51.6,3.39,2.44,3.03,17.7,0.22,75.8,0,0.0,360,720
3.61,9.0,70.3,4.33,5.19,0.35,24.3,0.87,110.0,0,0.0,360,720
2.17,30.0,81.4,8.82,5.11,3.67,64.1,0.3,35.4,0,0.0,360,720
3.65,19.3,71.6,0.47,2.3,2.36,33.0,0.32,141.3,1,0.76,54,170
3.75,25.3,120.8,0.84,7.01,3.62,62.3,0.69,23.5,0,0.0,358,720
3.9,6.6,33.7,3.41,0.34,4.14,46.1,0.85,41.1,0,0.0,360,720
4.15,38.1,97.9,2.01,6.92,1.63,67.0,0.35,50.4,0,0.0,360,720
2.11,67.0,141.5,1.17,4.6,2.43,52.0,0.29,31.4,0,0.0,360,720
1.64,10.4,66.7,0.81,6.91,1.32,38.1,0.26,66.9,0,0.0,356,720
2.75,23.7,92.6,1.02,4.8,1.02,25.9,0.22,74.1,0,0.0,360,720
1.86,129.9,400.0,1.53,9.77,0.02,40.6,0.29,82.6,0,0.0,360,720
2.82,14.2,71.1,0.73,3.38,4.82,62.6,0.95,15.7,0,0.0,360,720
3.26,31.6,120.1,7.63,9.83,2.22,70.5,0.28,40.7,0,0.0,355,720
3.19,3.3,9.6,0.55,0.7,0.09,27.0,0.68,123.1,1,1.66,45,116
1.87,32.6,66.7,9.63,6.85,0.06,64.8,0.94,123.5,0,0.0,348,720
1.0,3.3,12.4,4.36,4.57,1.46,28.4,0.7,56.2,0,0.0,359,720
2.11,112.0,204.1,1.51,8.23,0.09,31.6,0.23,74.6,0,0.0,360,720
0.9,44.0,173.0,3.26,7.91,1.89,54.8,0.68,35.7,0,0.0,358,720
4.04,54.3,146.3,2.75,8.01,0.33,36.7,0.92,125.1,0,0.0,360,720
1.75,42.6,137.4,0.83,0.99,0.22,64.6,0.46,143.9,1,0.41,53,159
0.95,31.2,119.1,1.21,8.23,3.35,86.7,0.45,50.8,0,0.0,355,720
0.41,20.9,53.7,1.88,2.18,4.54,26.2,0.4,119.5,0,0.0,360,720
3.01,68.4,266.2,2.53,0.31,2.06,57.8,0.6,59.3,0,0.0,360,720
2.97,110.0,209.3,2.02,2.22,4.19,84.2,0.39,10.4,0,0.0,351,720
1.73,24.2,75.2,1.71,4.82,0.17,28.2,0.78,94.0,0,0.0,360,720
0.6,93.9,251.0,1.59,7.43,3.89,42.5,0.72,67.5,0,0.0,360,720
2.02,30.6,97.6,1.82,2.23,0.33,24.3,0.52,116.2,0,0.0,360,720
1.61,27.1,125.2,1.55,1.17,4.2,63.2,0.78,114.8,0,0.0,360,720
3.14,21.2,78.7,2.01,6.48,4.41,65.2,0.28,142.4,0,0.0,358,720
2.84,8.2,34.2,5.12,9.84,3.93,64.8,0.8,71.3,0,0.0,360,720
1.83,0.1,46.1,2.5,6.03,4.11,55.7,0.68,77.6,0,0.0,359,720
1.22,9.7,57.0,3.12,6.93,2.82,71.0,0.7,66.1,0,0.0,360,720
4.45,24.9,119.0,2.3,5.63,1.34,17.7,0.25,51.6,0,0.0,360,720
2.21,16.7,62.8,2.57,7.83,3.22,86.8,0.69,99.3,0,0.0,360,720
3.19,20.8,69.0,2.2,9.76,2.21,31.7,0.6,125.9,0,0.0,360,720
0.89,138.1,400.0,0.36,5.46,0.05,24.1,0.59,32.1,1,0.39,62,281
2.34,15.1,74.2,15.0,4.2,2.39,85.6,0.46,147.5,0,0.0,357,720
0.42,21.1,67.6,0.38,8.61,3.26,77.3,0.21,105.7,0,0.0,360,720
2.42,5.0,45.8,1.41,9.7,0.09,72.4,0.54,119.2,0,0.0,360,720
4.35,1.7,15.5,0.54,1.34,3.11,22.9,0.52,149.8,1,1.43,35,162
1.91,52.3,206.4,0.52,5.8,3.27,75.6,0.54,80.6,0,0.0,360,720
0.46,29.6,134.1,3.77,7.93,0.81,60.7,0.69,20.0,0,0.0,353,720
0.43,50.1,231.2,1.52,5.36,2.17,69.9,0.44,120.6,0,0.0,360,720
1.93,5.7,27.2,3.85,4.12,4.82,88.4,0.42,131.9,0,0.0,360,720
0.97,29.7,129.8,1.0,6.57,4.42,29.6,0.6,32.7,0,0.0,357,720
0.4,10.2,68.5,0.95,2.74,2.07,52.8,0.67,13.4,0,0.0,358,720
3.48,9.1,57.3,0.94,3.52,1.76,71.5,0.65,29.0,0,0.0,360,720
2.23,0.4,28.1,2.41,9.92,0.64,47.5,0.91,55.4,0,0.0,360,720
1.51,4.9,57.9,4.01,6.38,0.2,19.1,0.82,139.4,0,0.0,360,720
4.08,13.0,69.1,1.62,8.74,1.5,23.4,0.24,10.3,0,0.0,355,720
0.79,4.4,39.3,1.35,8.09,4.7,60.2,0.65,122.5,0,0.0,360,720
4.31,149.1,239.4,8.29,6.54,4.79,36.4,0.53,129.7,0,0.0,359,720
1.62,12.9,39.1,0.57,8.42,4.07,25.3,0.49,123.5,0,0.0,360,720
4.03,4.9,8.7,1.77,2.91,1.77,40.5,0.97,21.5,0,0.0,358,720
2.83,7.8,75.1,1.46,6.39,0.74,30.1,0.57,105.1,0,0.0,359,720
3.77,31.0,130.9,0.53,5.93,2.99,16.8,0.78,143.5,0,0.0,360,720
4.43,2.3,27.0,0.99,6.24,3.24,26.4,0.97,26.9,0,0.0,357,720
1.51,69.4,283.5,0.36,1.73,2.13,81.2,0.32,14.4,1,0.34,43,212
4.34,114.0,400.0,4.91,2.81,3.46,15.9,0.24,132.3,0,0.0,355,720
1.94,9.9,53.4,2.36,2.9,3.74,73.0,0.45,100.3,0,0.0,360,720
1.92,20.9,80.9,4.01,6.04,3.92,71.5,0.24,100.5,0,0.0,360,720
1.73,0.8,43.7,1.92,9.73,2.52,57.3,0.29,145.0,0,0.0,360,720
2.57,35.8,116.0,2.31,9.54,3.96,30.6,0.99,117.8,0,0.0,347,720
0.95,18.7,45.3,2.96,2.31,0.15,80.9,0.97,65.6,0,0.0,352,720
2.63,11.0,34.3,5.55,3.08,3.41,50.6,0.75,71.0,0,0.0,357,720
2.58,8.1,33.5,0.51,0.41,1.19,28.0,0.8,30.3,1,1.09,43,116
3.5,37.1,82.3,1.18,4.02,1.37,47.2,0.31,52.6,0,0.0,359,720
3.8,18.8,97.8,3.02,8.36,0.47,29.6,0.68,72.4,0,0.0,358,720
2.15,6.9,26.8,7.29,9.16,0.98,43.2,0.32,46.6,0,0.0,360,720
1.57,40.9,132.8,9.0,2.4,4.96,52.3,0.5,138.2,0,0.0,356,720
1.39,29.1,108.2,2.54,2.69,2.09,42.0,0.48,11.7,0,0.0,360,720
1.12,68.5,188.3,0.77,2.25,4.64,64.3,0.69,92.2,0,0.0,360,720
0.54,4.4,37.5,0.58,3.53,0.83,85.2,0.26,118.0,0,0.0,360,720
1.74,53.9,245.6,6.72,8.06,1.04,41.1,0.28,112.5,0,0.0,360,720
1.44,39.2,181.6,1.55,6.49,2.8,41.7,0.69,100.1,0,0.0,359,720
4.36,4.3,56.5,0.78,7.87,1.76,70.4,0.71,67.4,0,0.0,360,720
2.64,41.5,140.0,6.28,5.85,3.23,54.8,0.47,138.6,0,0.0,355,720
1.76,20.4,109.9,0.54,2.61,2.12,47.2,0.32,56.1,0,0.02,354,720
2.74,101.5,270.4,3.18,2.32,4.06,76.0,0.91,115.0,0,0.0,360,720
0.88,5.3,43.7,2.46,0.14,2.17,81.8,0.24,139.7,0,0.0,360,720
2.16,36.0,77.6,0.5,7.82,2.87,59.3,0.77,28.0,0,0.0,360,720
2.93,16.8,56.9,1.21,8.48,1.62,28.9,0.31,142.6,0,0.0,360,720
2.35,110.0,371.5,0.66,7.69,3.53,50.0,0.71,118.6,0,0.0,360,720
1.99,14.0,68.0,2.34,0.79,3.28,52.8,0.73,96.3,0,0.0,360,720
4.47,114.6,400.0,1.73,7.63,2.0,47.4,0.84,62.3,0,0.0,358,720
4.0,81.1,272.4,0.31,0.51,1.39,34.7,0.52,136.6,1,2.45,15,259
2.92,11.0,40.7,8.48,1.1,3.08,50.4,0.22,16.2,0,0.0,360,720
2.69,57.0,93.9,1.25,4.43,4.72,48.5,0.85,70.5,0,0.0,354,720
2.91,180.0,400.0,0.96,4.79,0.68,30.7,0.56,115.9,1,0.31,67,340
1.15,10.2,29.2,0.85,8.17,4.0,82.8,0.88,123.6,0,0.0,360,720
1.96,20.1,57.5,0.68,6.81,2.72,81.4,0.82,38.3,0,0.0,360,720
0.47,25.7,136.7,15.0,1.58,2.64,72.0,0.6,16.7,0,0.0,360,720
2.3,12.2,58.9,1.07,2.3,4.81,45.1,1.0,122.4,0,0.0,360,720
2.58,0.5,7.9,1.44,2.89,3.04,42.8,0.57,69.1,0,0.0,360,720
1.26,8.7,50.1,4.81,1.28,4.16,68.7,0.76,30.1,0,0.0,358,720
4.35,11.6,49.7,2.56,2.91,2.58,60.6,0.74,22.0,0,0.0,360,720
4.12,20.5,44.9,1.31,7.3,1.26,60.0,0.61,99.7,0,0.0,353,720
3.33,6.6,25.5,5.33,2.45,3.48,24.3,0.67,91.6,0,0.0,357,720
2.54,72.3,195.3,3.35,8.36,4.62,61.4,0.84,129.6,0,0.0,357,720
3.95,42.7,155.9,0.87,4.72,4.21,82.6,0.66,14.4,0,0.0,356,720
0.85,3.1,40.5,2.57,3.26,1.01,21.4,0.56,131.6,0,0.0,351,720
3.62,36.8,167.7,5.92,4.15,1.6,40.4,0.73,134.2,0,0.0,360,720
0.82,37.1,88.1,1.81,7.11,2.59,53.2,0.23,72.5,0,0.0,360,720
3.64,109.5,235.1,3.21,5.19,2.87,66.5,0.29,20.7,0,0.0,357,720
1.46,0.1,42.4,8.1,0.12,0.99,21.7,0.3,142.5,0,0.0,360,720
3.98,10.0,32.2,2.88,9.23,1.17,80.5,0.54,20.1,0,0.0,359,720
4.26,92.0,183.8,0.54,0.71,3.8,18.0,0.9,92.7,1,2.23,18,217
0.92,94.2,254.6,0.92,9.39,3.66,79.3,0.71,79.0,0,0.0,355,720
2.24,44.6,116.3,2.29,0.33,4.2,17.1,0.98,126.9,0,0.0,360,720
4.42,50.8,139.4,1.01,7.72,4.67,26.5,0.23,80.4,0,0.0,357,720
2.33,3.4,22.3,7.25,5.37,1.56,75.0,0.78,75.7,0,0.0,355,720
3.93,25.2,123.9,1.44,5.08,4.3,79.5,0.45,133.3,0,0.0,360,720
2.77,9.2,57.5,1.64,0.77,3.34,88.7,0.22,145.0,0,0.01,356,720
1.88,7.0,27.3,2.96,2.43,4.79,23.7,0.86,86.9,0,0.0,360,720
1.5,58.2,252.3,1.93,7.79,1.37,54.5,0.33,73.7,0,0.0,356,720
1.15,5.1,20.6,1.36,8.92,1.36,20.8,0.37,126.4,0,0.0,352,720
3.5,22.1,47.8,0.48,5.31,3.53,26.7,0.47,126.4,0,0.0,360,720
1.92,97.6,192.4,2.3,3.57,4.64,28.1,0.83,54.7,0,0.0,358,720
2.45,7.2,58.8,4.75,0.65,4.13,19.8,0.7,90.7,0,0.0,352,720
2.37,133.6,368.4,2.85,6.84,3.64,82.0,0.41,31.6,0,0.0,360,720
2.72,180.0,400.0,1.36,2.82,1.95,24.5,0.33,99.0,0,0.0,353,720
3.94,28.4,72.9,0.6,0.6,3.59,62.2,0.29,126.8,1,1.71,18,139
4.42,6.5,45.1,4.03,6.68,4.01,61.9,0.32,36.3,0,0.0,360,720
2.01,13.3,48.2,6.55,4.88,3.77,29.9,0.89,55.2,0,0.0,360,720
3.78,19.3,83.9,1.38,0.17,3.39,89.9,0.94,72.9,1,1.15,58,200
3.51,13.0,70.7,3.17,1.15,0.25,41.1,0.97,128.3,0,0.0,360,720
2.71,11.5,21.8,1.46,7.01,3.31,82.9,0.87,112.4,0,0.0,360,720
4.32,125.4,363.7,1.83,0.68,2.4,86.1,0.91,54.4,1,1.06,45,340
1.14,5.8,30.5,4.28,8.67,4.81,86.2,0.85,44.0,0,0.0,359,720
0.76,46.3,154.9,0.49,3.15,3.04,71.5,0.97,107.4,0,0.0,357,720
3.89,0.0,32.3,1.96,0.93,3.05,34.0,0.88,77.2,0,0.0,360,720
2.14,31.7,83.3,0.83,7.61,4.97,24.0,0.57,93.1,0,0.0,360,720
3.86,86.7,326.2,1.21,5.27,0.49,57.7,0.46,100.8,0,0.0,354,720
4.05,11.9,47.6,2.57,3.1,1.4,42.0,0.67,88.2,0,0.0,358,720
0.56,7.2,35.2,0.36,4.09,3.29,77.3,0.69,95.8,0,0.0,359,720
4.01,36.9,152.5,2.28,0.26,1.59,70.9,0.66,134.3,1,0.59,79,266
2.18,43.6,125.6,1.03,6.64,1.74,35.7,0.77,131.5,0,0.0,357,720
2.44,40.8,115.4,2.74,3.69,4.47,16.3,0.76,30.9,0,0.0,353,720
2.93,13.5,62.7,0.64,7.15,2.91,32.8,0.27,92.1,0,0.0,358,720
4.19,10.2,39.7,3.23,6.3,0.53,57.5,0.43,71.5,0,0.0,359,720
0.38,109.3,303.9,2.58,6.53,1.57,20.9,0.91,50.0,0,0.0,358,720
2.3,89.9,277.8,8.11,7.94,0.4,64.4,0.67,98.4,0,0.0,360,720
3.19,21.4,127.6,5.63,6.33,2.79,65.4,0.46,81.5,0,0.0,353,720
3.34,65.5,188.5,1.03,4.22,0.88,27.7,0.88,118.5,0,0.0,360,720
3.21,21.1,84.2,0.36,3.93,4.29,59.7,0.4,23.1,0,0.15,351,720
0.86,19.3,109.4,2.64,1.24,2.9,60.5,0.53,52.4,0,0.0,360,720
1.56,6.0,27.6,2.33,7.81,0.32,50.8,0.42,13.6,0,0.0,349,720
1.81,19.5,76.8,0.36,7.62,1.52,86.5,0.9,114.4,0,0.0,356,720
3.68,27.0,112.2,0.59,2.5,3.09,23.1,0.78,137.7,1,0.61,48,200
1.47,0.8,8.1,2.23,8.63,1.69,45.5,0.57,92.2,0,0.0,353,720
1.18,20.6,98.6,5.64,5.91,2.58,81.2,0.95,96.4,0,0.0,353,720
4.32,53.2,173.2,5.51,4.81,4.55,44.0,0.94,16.5,0,0.0,360,720
0.34,39.9,182.5,0.66,0.22,1.76,46.8,0.77,80.5,0,0.0,352,720
4.49,35.3,114.4,1.37,3.86,1.69,65.1,0.91,83.8,0,0.0,359,720
3.14,84.1,239.8,0.4,6.42,4.1,64.9,0.78,15.5,0,0.06,360,720
3.78,0.6,31.5,1.69,0.94,1.61,16.7,0.7,119.5,0,0.14,360,720
1.54,28.5,67.7,3.38,4.62,0.41,49.2,0.54,49.0,0,0.0,360,720
0.36,54.2,152.4,3.73,9.93,0.92,40.0,0.42,111.3,0,0.0,356,720
3.4,27.3,110.7,1.82,7.18,4.75,62.1,0.25,66.4,0,0.0,356,720
3.8,13.7,58.5,0.52,5.49,4.67,56.7,0.84,149.4,0,0.0,359,720
3.41,5.1,18.4,1.36,5.35,1.14,63.8,0.3,39.7,0,0.0,350,720
0.9,76.5,173.5,6.22,0.49,2.78,64.0,0.53,18.2,0,0.0,360,720
3.46,22.3,78.7,0.87,9.58,0.7,34.1,0.39,147.2,0,0.0,360,720
3.53,73.7,203.4,1.15,9.29,3.38,33.5,0.56,44.1,0,0.0,351,720
3.07,30.9,101.7,3.32,6.84,0.94,42.8,0.45,98.9,0,0.0,360,720
3.52,39.3,116.0,3.21,1.04,0.27,33.1,0.86,62.4,0,0.0,360,720
3.85,57.1,158.0,5.65,2.12,4.13,66.2,0.98,99.5,0,0.0,360,720
2.88,37.7,82.3,1.38,1.88,1.64,60.2,0.95,93.4,0,0.0,360,720
0.67,17.8,73.2,1.89,5.22,0.56,31.2,0.7,109.0,0,0.0,360,720
2.35,25.2,97.2,1.69,2.12,4.17,81.3,0.98,12.6,0,0.0,360,720
0.63,56.9,193.3,6.08,6.97,3.82,49.5,0.52,127.1,0,0.0,360,720
2.01,16.4,48.9,3.53,5.48,3.43,24.5,0.62,77.0,0,0.0,360,720
2.01,17.2,93.5,4.22,0.23,4.56,31.0,0.41,82.6,0,0.0,357,720
0.58,3.5,56.5,0.61,7.45,2.46,55.5,0.92,67.5,0,0.0,351,720
1.77,86.1,218.2,3.75,1.93,0.66,40.4,0.34,148.5,0,0.0,351,720
0.77,3.3,30.1,1.55,8.26,0.33,78.8,0.69,122.2,0,0.0,360,720
3.69,36.6,121.1,0.35,3.58,1.61,52.1,0.84,53.6,1,0.46,47,207
4.28,18.7,92.6,0.44,3.42,0.45,83.6,0.68,119.6,1,0.96,45,205
0.6,18.2,58.5,2.79,0.17,2.69,22.6,0.26,71.2,0,0.0,359,720
4.31,39.8,135.7,1.32,9.88,0.09,65.1,0.69,131.8,0,0.0,360,720
2.49,2.4,26.6,4.76,6.14,2.23,81.4,0.81,14.3,0,0.0,360,720
1.56,31.5,120.1,3.22,4.26,0.91,37.0,0.35,59.8,0,0.0,357,720
0.62,51.7,161.2,0.35,1.01,1.85,25.2,0.79,70.2,1,0.32,34,121
2.4,61.7,105.0,2.85,7.01,3.38,49.2,0.9,114.2,0,0.0,360,720
3.64,6.5,27.7,0.77,2.86,1.77,87.1,0.99,35.5,0,0.07,360,720
3.27,79.7,133.2,1.51,9.88,1.72,62.5,0.53,50.1,0,0.0,356,720
0.51,37.4,123.4,2.46,9.51,4.95,63.3,0.22,111.3,0,0.0,360,720
0.61,74.8,294.1,4.83,7.37,3.6,65.4,0.54,20.8,0,0.0,360,720
1.99,23.2,89.5,1.64,9.71,2.58,18.0,0.73,38.2,0,0.0,360,720
1.54,27.3,79.1,3.94,1.1,2.91,48.4,0.91,115.5,0,0.0,360,720
1.28,88.0,365.3,3.66,2.84,3.11,20.8,0.95,132.6,0,0.0,360,720
1.48,80.6,302.6,1.48,2.57,0.14,38.7,0.93,112.0,0,0.0,360,720
3.67,20.8,86.2,1.83,0.77,0.42,76.6,0.73,83.8,1,0.58,80,199
4.2,11.2,43.2,2.95,9.72,3.25,64.2,0.75,23.9,0,0.0,353,720
2.0,17.5,69.2,0.37,0.65,1.84,89.7,0.2,125.8,1,1.0,35,112
4.11,17.2,71.0,5.17,8.57,0.3,27.9,0.49,27.4,0,0.0,359,720
1.65,11.8,32.9,3.53,7.69,1.5,44.8,0.93,63.9,0,0.0,360,720
2.3,10.9,67.7,0.93,3.79,0.67,75.7,0.75,17.1,0,0.0,360,720
1.25,69.1,205.1,9.04,0.24,4.58,31.2,0.57,109.4,0,0.0,351,720
2.99,2.5,36.2,0.73,0.11,1.03,26.5,0.28,80.5,1,1.37,44,134
4.41,39.6,188.4,5.7,2.08,0.74,47.1,0.4,137.1,0,0.0,359,720
2.83,6.6,51.6,1.16,4.96,3.14,43.8,0.64,29.4,0,0.0,355,720
1.8,14.8,51.8,3.47,4.61,2.62,88.5,0.92,124.7,0,0.0,358,720
3.02,2.2,40.4,1.64,5.87,2.89,49.2,0.28,81.5,0,0.0,354,720
0.82,11.0,69.9,3.23,7.73,2.19,79.6,0.32,61.3,0,0.0,358,720
4.03,51.2,93.0,0.67,3.8,2.35,81.6,0.72,100.1,0,0.0,355,720
2.41,75.7,210.9,0.99,1.65,3.9,26.8,0.44,120.7,1,0.27,50,204
2.19,8.8,32.8,0.53,8.01,1.12,68.6,0.34,71.6,0,0.0,360,720
2.76,21.8,94.4,4.71,3.36,1.99,35.8,0.34,42.6,0,0.0,360,720
2.92,22.2,95.8,1.07,2.9,4.79,22.1,0.59,138.2,0,0.0,360,720
0.6,72.4,289.4,2.91,7.65,0.97,80.6,0.67,53.8,0,0.0,360,720
3.17,50.4,115.2,4.08,9.34,1.48,36.9,0.92,149.8,0,0.0,360,720
1.32,25.2,115.0,5.4,9.15,0.97,40.9,0.62,117.4,0,0.0,360,720
3.3,38.9,92.1,0.55,1.42,0.12,39.3,0.75,106.3,1,1.38,34,155
3.75,65.8,236.5,5.22,5.06,1.36,30.0,0.34,11.7,0,0.0,360,720
3.68,0.3,44.3,0.78,0.97,0.25,47.6,0.77,72.8,1,1.32,51,171
2.62,18.0,85.6,3.24,9.61,0.79,47.1,0.72,80.3,0,0.0,360,720
2.48,83.2,265.3,3.17,2.19,1.83,45.7,0.37,62.7,0,0.0,359,720
0.9,47.2,127.7,0.32,2.01,0.12,83.7,0.74,31.0,0,0.05,360,720
3.56,27.4,102.6,0.85,8.89,3.77,40.5,0.37,61.4,0,0.0,360,720
1.44,26.4,116.6,1.79,9.68,3.98,17.3,0.67,20.5,0,0.0,360,720
2.39,15.0,81.2,1.5,6.99,2.07,28.4,0.74,50.7,0,0.0,358,720
1.49,25.7,110.3,5.82,1.25,4.92,69.1,0.75,21.7,0,0.0,360,720
0.86,37.3,189.4,1.28,4.88,3.4,59.3,0.93,115.3,0,0.0,360,720
2.94,19.0,77.8,6.38,8.18,3.72,86.4,0.96,104.0,0,0.0,360,720
0.53,43.8,107.1,1.65,5.75,0.98,67.1,0.85,141.6,0,0.0,351,720
3.44,69.1,166.0,7.63,1.37,4.19,29.6,0.9,63.2,0,0.0,360,720
1.63,5.9,47.0,3.24,1.76,4.73,24.0,0.22,120.1,0,0.0,357,720
0.3,21.0,88.3,4.19,8.65,1.2,54.1,0.49,92.3,0,0.0,357,720
2.45,18.3,98.6,0.54,5.29,3.44,64.9,0.23,100.5,0,0.0,356,720
0.5,40.7,134.8,2.24,7.07,3.74,27.4,0.38,86.6,0,0.0,360,720
1.46,10.1,37.0,0.64,3.76,1.54,60.1,0.51,119.1,0,0.0,348,720
3.27,35.8,137.5,1.08,5.35,2.39,79.9,0.89,15.9,0,0.0,359,720
0.56,73.5,262.3,2.45,9.77,0.51,69.6,0.61,21.3,0,0.0,351,720
3.83,19.0,63.7,3.15,3.33,0.88,64.8,0.72,23.4,0,0.0,357,720
0.32,84.7,315.9,0.39,6.76,0.33,74.2,0.49,50.4,0,0.0,359,720
1.34,174.5,400.0,1.97,1.77,2.81,22.8,0.68,92.8,0,0.0,358,720
3.41,3.9,43.8,2.13,1.26,3.13,30.3,0.85,100.4,0,0.0,360,720
1.63,9.3,45.3,0.48,7.85,4.58,17.9,0.44,109.8,0,0.0,360,720
0.73,105.1,377.7,1.83,8.45,2.72,25.9,0.95,49.3,0,0.0,360,720
1.81,111.2,246.0,3.05,6.7,1.32,83.5,0.37,101.0,0,0.0,360,720
1.44,3.6,57.5,0.42,1.62,0.32,31.7,0.94,26.5,0,0.1,360,720
3.84,0.5,23.6,3.44,2.44,4.43,64.7,0.22,11.4,0,0.0,360,720
1.62,6.1,39.8,2.19,9.12,2.4,66.9,0.63,107.3,0,0.0,358,720
3.61,180.0,400.0,4.24,2.92,3.69,63.4,0.99,110.2,0,0.0,360,720
4.05,6.9,60.2,0.84,8.2,0.09,56.5,0.69,97.1,0,0.0,349,720
2.12,24.4,87.6,4.24,2.9,2.45,51.5,0.64,46.2,0,0.0,360,720
4.12,66.0,268.7,0.52,9.4,1.64,46.5,0.75,139.8,0,0.0,360,720
1.88,0.7,21.3,1.44,9.15,0.17,83.8,0.43,132.6,0,0.0,360,720
4.35,32.5,88.7,0.79,0.48,3.88,15.7,0.24,82.2,1,1.82,30,165
0.68,11.4,72.3,4.89,7.72,2.57,19.0,0.4,148.5,0,0.0,359,720
3.19,69.4,195.7,2.99,1.74,1.68,51.9,0.34,51.8,0,0.0,360,720
2.37,11.7,82.6,0.36,2.19,4.03,39.8,0.94,78.8,1,0.46,38,138
1.93,40.6,119.3,0.32,4.63,2.25,45.6,0.88,139.9,0,0.03,358,720
2.96,39.3,179.0,1.06,5.78,0.04,89.8,0.45,74.7,0,0.0,360,720
3.26,8.8,63.1,0.64,3.29,4.72,73.1,0.87,75.9,0,0.08,360,720
0.32,1.2,44.6,2.49,5.78,1.29,80.8,0.37,21.1,0,0.0,360,720
1.0,18.4,87.1,2.7,1.75,4.16,42.6,0.36,39.6,0,0.0,360,720
3.29,11.9,41.2,6.56,0.27,4.09,33.0,0.81,32.1,0,0.0,358,720
3.1,57.9,131.1,6.98,5.73,0.83,72.6,0.46,89.1,0,0.0,360,720
4.36,56.4,168.6,2.67,5.2,2.38,75.6,0.25,54.6,0,0.0,353,720
3.5,21.4,69.7,0.31,6.91,0.22,56.2,0.78,20.8,1,0.38,73,197
4.29,32.6,144.9,1.28,6.52,1.79,82.2,0.99,81.4,0,0.0,357,720
3.25,32.4,101.0,1.88,8.98,3.66,87.5,0.65,103.7,0,0.0,360,720
1.55,61.4,184.1,1.82,4.62,1.2,50.3,0.41,113.1,0,0.0,356,720
0.74,19.4,80.8,2.33,0.13,0.6,31.7,0.5,127.3,0,0.0,360,720
3.58,11.3,39.2,7.41,6.32,2.55,53.8,0.72,77.5,0,0.0,360,720
3.01,10.8,37.4,5.06,6.77,2.69,89.2,0.76,64.7,0,0.0,351,720
0.5,26.9,98.7,0.55,5.24,3.39,37.0,0.91,105.8,0,0.0,357,720
1.81,20.9,89.2,0.98,6.91,3.8,61.3,0.93,11.9,0,0.0,360,720
4.32,20.3,74.8,4.24,3.27,3.49,67.0,0.89,98.7,0,0.0,360,720
2.4,3.3,24.7,4.13,1.53,4.23,31.0,0.72,66.8,0,0.0,357,720
2.12,44.4,151.0,1.01,6.66,1.13,59.1,0.56,73.4,0,0.0,360,720
2.22,8.4,58.0,3.19,2.49,2.86,38.6,0.74,51.5,0,0.0,360,720
1.18,7.7,46.4,2.75,4.59,1.81,79.1,0.73,27.8,0,0.0,358,720
1.85,18.6,83.4,1.71,4.94,4.81,68.6,0.37,66.2,0,0.0,360,720
1.85,9.0,40.0,0.79,4.8,2.21,77.0,0.61,53.1,0,0.0,360,720
0.52,30.7,105.7,5.13,6.0,4.8,30.0,0.37,144.4,0,0.0,358,720
3.52,16.3,78.2,2.79,0.34,3.85,17.6,0.92,142.1,0,0.0,354,720
2.05,20.9,111.9,0.71,9.9,3.6,78.8,0.46,100.1,0,0.0,360,720
3.75,27.0,89.4,2.98,7.18,2.47,44.0,0.84,136.5,0,0.0,360,720
3.87,8.0,48.8,3.28,4.28,2.23,28.5,0.5,115.2,0,0.0,359,720
1.19,5.9,24.3,5.09,1.95,2.64,21.9,0.81,58.4,0,0.0,360,720
3.06,74.3,288.2,0.85,0.85,1.48,53.7,0.38,94.5,1,1.03,36,258
2.28,19.9,105.1,10.17,6.74,4.52,26.3,0.81,40.8,0,0.0,360,720
4.0,18.6,88.5,0.67,3.2,3.98,57.5,0.34,106.2,1,0.26,50,187
1.21,1.3,13.7,2.32,2.33,4.01,69.5,0.59,16.3,0,0.0,358,720
3.15,24.1,81.4,2.66,3.83,2.18,55.1,0.29,126.4,0,0.0,360,720
2.85,28.3,99.7,1.49,5.95,0.37,82.8,0.62,91.7,0,0.0,360,720
1.54,28.6,120.9,1.72,6.73,3.42,26.7,0.86,18.2,0,0.0,358,720
0.87,43.0,122.9,5.17,6.47,1.88,52.0,0.8,132.0,0,0.0,358,720
3.04,6.8,42.0,2.58,8.64,4.35,27.2,0.24,132.9,0,0.0,360,720
3.4,10.2,61.6,1.81,2.23,3.91,80.7,0.59,129.4,0,0.0,360,720
1.63,58.3,158.5,0.6,6.39,0.74,84.9,0.88,118.4,0,0.0,360,720
3.01,102.9,276.3,0.32,1.06,3.02,45.0,0.72,104.9,1,1.65,15,235
1.96,5.1,38.0,0.59,5.5,3.47,37.9,0.25,65.6,0,0.0,359,720
3.3,24.1,71.9,7.18,5.86,2.85,35.9,0.46,29.1,0,0.0,360,720
1.14,8.4,42.4,3.48,2.2,2.58,79.5,0.65,50.4,0,0.0,348,720
4.04,2.2,46.5,7.81,3.95,1.15,66.2,0.34,58.6,0,0.0,352,720
1.51,13.8,29.4,0.38,8.28,1.19,81.0,0.75,60.1,0,0.0,351,720
1.84,5.4,28.8,2.81,1.53,3.84,23.8,0.71,89.2,0,0.0,360,720
0.54,43.3,147.4,0.4,4.37,0.11,50.7,0.36,39.2,0,0.0,355,720
0.77,26.7,85.2,3.65,9.33,3.9,65.7,0.64,36.6,0,0.0,354,720
2.47,5.4,21.0,1.36,5.07,2.64,82.3,0.85,110.4,0,0.0,360,720
1.42,0.3,14.5,0.52,7.27,4.68,43.7,0.5,11.1,0,0.0,354,720
3.81,57.8,109.7,2.15,8.28,4.99,38.5,0.4,30.9,0,0.0,360,720
0.36,6.8,45.3,1.02,2.08,3.32,83.5,0.76,70.9,0,0.0,360,720
1.89,32.6,84.4,2.67,2.22,2.07,18.6,0.26,30.9,0,0.0,358,720
1.72,14.4,61.4,2.66,7.6,2.39,51.0,0.87,144.4,0,0.0,350,720
0.38,30.8,84.3,2.99,7.55,1.04,49.4,0.95,103.8,0,0.0,358,720
0.82,13.3,55.9,11.05,0.65,0.51,26.0,0.97,70.6,0,0.0,360,720
2.04,3.2,26.2,1.38,3.26,2.9,44.6,0.55,25.7,0,0.0,360,720
2.37,8.8,74.1,1.68,4.02,4.03,69.2,0.7,63.9,0,0.0,360,720
2.0,7.3,44.4,3.89,8.3,1.32,42.5,0.89,101.1,0,0.0,357,720
2.53,19.6,83.2,2.2,4.25,2.11,38.2,0.38,145.6,0,0.0,359,720
2.8,37.6,120.2,0.38,9.26,2.78,73.6,0.22,76.2,0,0.0,348,720
0.34,10.7,78.2,4.37,9.97,4.54,89.2,0.51,106.9,0,0.0,360,720
2.25,0.4,50.4,0.42,7.82,0.71,73.5,0.91,37.4,0,0.0,353,720
4.35,25.6,84.4,0.71,6.68,1.2,78.5,0.6,97.3,0,0.0,360,720
2.48,32.6,90.4,0.54,3.95,4.59,85.5,0.62,43.5,0,0.0,356,720
3.15,115.3,221.9,0.48,0.72,0.22,75.1,0.75,37.7,1,1.87,17,202
1.61,31.2,107.4,0.36,5.75,3.29,88.5,0.66,81.3,0,0.0,360,720
3.55,22.3,92.9,0.42,3.65,3.2,71.0,0.24,39.6,1,0.28,53,200
3.55,29.8,120.2,1.59,3.54,1.93,64.6,0.65,111.0,0,0.0,356,720
2.49,92.0,392.7,0.94,6.89,2.35,67.0,0.72,141.2,0,0.0,360,720
4.4,61.7,110.7,0.6,4.66,4.28,82.5,0.71,65.1,0,0.06,357,720
0.83,13.7,57.8,2.67,7.53,0.84,66.2,0.78,55.1,0,0.0,355,720
0.37,9.5,72.0,0.86,4.01,1.17,72.1,0.62,34.6,0,0.0,360,720
3.53,10.7,76.3,0.34,1.55,2.57,31.2,0.92,64.7,1,1.13,23,160
3.69,24.6,114.5,1.49,4.64,2.06,83.4,0.57,88.3,0,0.0,360,720
0.8,47.7,169.9,1.12,9.51,2.88,48.5,0.61,62.2,0,0.0,359,720
1.42,24.5,85.7,1.14,8.03,4.61,27.1,0.82,97.2,0,0.0,356,720
0.37,2.5,31.8,1.6,2.1,4.59,75.0,0.87,102.7,0,0.0,360,720
1.53,45.0,118.3,2.73,3.94,1.17,41.7,0.72,23.7,0,0.0,360,720
3.55,57.4,167.6,2.41,9.28,1.52,28.8,0.3,107.7,0,0.0,360,720
2.48,12.0,32.2,6.39,1.28,0.83,34.2,0.47,136.0,0,0.0,354,720
1.76,38.2,127.4,1.9,2.58,4.64,17.6,0.22,13.7,0,0.0,357,720
1.86,19.5,68.8,1.71,2.66,2.0,21.8,0.44,87.2,0,0.0,360,720
0.31,77.0,214.8,0.83,5.73,2.26,59.4,0.66,94.5,0,0.0,359,720
1.56,65.3,155.3,3.4,4.14,4.02,80.0,0.84,109.4,0,0.0,360,720
3.02,26.1,100.6,0.63,0.84,2.57,48.6,0.67,64.0,1,1.03,44,170
4.39,41.2,166.7,1.79,6.31,0.62,62.0,0.23,124.6,0,0.0,360,720
3.86,75.2,185.9,1.5,1.04,2.2,75.7,0.41,85.6,1,0.47,47,223
0.4,24.0,78.2,2.66,6.08,3.16,41.8,0.66,67.3,0,0.0,358,720
4.07,13.2,80.4,5.79,5.09,3.6,64.1,0.77,110.7,0,0.0,360,720
3.59,49.0,101.4,6.75,4.96,3.23,41.3,0.89,139.8,0,0.0,360,720
3.58,8.7,68.0,0.7,0.72,0.61,63.2,0.97,123.7,1,1.69,41,154
2.22,17.2,46.2,0.97,6.41,1.54,31.3,0.91,140.3,0,0.0,360,720
1.97,70.3,255.3,3.97,4.34,3.67,88.3,0.57,47.2,0,0.0,354,720
1.57,45.1,199.7,1.91,4.14,4.4,20.7,0.8,26.6,0,0.0,359,720
0.58,18.1,88.9,1.63,5.98,0.25,52.9,0.39,84.8,0,0.0,360,720
1.26,8.5,34.4,3.03,6.08,0.23,36.5,0.25,16.2,0,0.0,360,720
1.34,15.4,105.3,2.33,0.2,3.22,60.1,0.24,104.4,0,0.0,358,720
2.33,11.7,67.7,8.07,1.3,2.75,47.1,0.39,43.6,0,0.0,358,720
3.44,6.8,72.8,2.23,2.4,0.79,38.0,0.23,73.6,0,0.0,359,720
2.29,47.6,110.4,1.68,6.8,2.75,33.8,0.88,101.8,0,0.0,360,720
0.54,10.2,42.6,2.02,5.79,4.87,28.7,0.59,77.6,0,0.0,349,720
4.32,21.2,87.2,3.94,7.59,3.16,73.7,0.85,43.0,0,0.0,360,720
4.26,17.1,63.6,2.39,7.42,2.26,31.7,0.95,133.3,0,0.0,360,720
3.6,140.8,243.8,2.59,8.54,4.14,73.0,1.0,117.0,0,0.0,360,720
4.46,17.4,51.1,8.12,3.8,1.08,51.4,0.95,94.2,0,0.0,358,720
2.59,2.9,12.2,2.42,3.48,2.08,20.4,0.77,107.8,0,0.0,360,720
4.34,3.3,24.5,1.35,8.32,2.65,27.4,0.55,68.1,0,0.0,360,720
0.62,31.3,83.3,2.89,2.41,2.53,82.0,0.68,62.6,0,0.0,351,720
1.84,32.0,157.0,2.67,4.64,4.61,60.2,0.85,32.4,0,0.0,360,720
1.25,19.0,84.4,0.33,1.98,1.48,28.8,0.92,122.5,1,0.32,51,119
1.12,19.8,104.5,1.69,9.14,0.3,67.8,0.97,63.3,0,0.0,360,720
0.89,1.9,52.7,3.29,4.11,4.58,76.7,0.78,106.9,0,0.0,353,720
2.91,25.4,77.0,1.82,2.16,1.1,39.8,0.63,52.0,0,0.0,357,720
3.58,24.6,110.6,3.63,6.94,1.91,56.7,0.97,121.4,0,0.0,360,720
2.73,5.7,30.1,1.62,2.48,2.66,37.0,0.97,24.7,0,0.0,360,720
0.92,3.8,19.9,9.31,9.44,4.88,21.0,0.58,97.5,0,0.0,360,720
3.71,4.6,28.2,1.06,3.71,2.69,45.0,0.72,123.1,0,0.0,358,720
2.97,3.7,37.6,0.51,6.66,2.25,71.4,0.85,102.4,0,0.0,360,720
1.93,32.9,112.7,1.54,3.49,2.93,49.4,0.55,107.5,0,0.0,359,720
3.13,7.7,43.0,2.02,8.08,4.85,45.4,0.86,83.6,0,0.0,360,720
1.39,10.1,42.1,1.24,8.97,4.09,42.5,0.29,88.3,0,0.0,359,720
1.75,6.7,55.4,0.91,7.89,0.86,49.4,0.58,19.2,0,0.0,360,720
4.15,110.8,303.6,2.75,8.49,4.02,38.9,0.59,45.1,0,0.0,360,720
1.52,67.5,229.2,1.34,1.06,4.21,60.9,0.75,111.1,0,0.0,360,720
2.27,9.2,53.5,2.5,9.24,3.46,19.8,0.29,142.4,0,0.0,360,720
4.04,13.9,85.9,3.62,6.26,3.29,75.6,0.28,85.8,0,0.0,358,720
3.27,8.2,68.2,3.45,8.7,2.22,28.0,0.92,111.6,0,0.0,360,720
0.56,23.7,66.2,1.34,6.86,3.22,62.5,0.44,105.7,0,0.0,355,720
0.92,0.7,20.8,2.15,2.06,3.69,48.7,0.46,149.9,0,0.0,354,720
0.33,38.9,142.0,1.61,6.12,0.63,73.0,0.82,121.3,0,0.0,359,720
2.95,25.9,63.4,4.8,0.95,1.3,77.0,0.53,97.9,0,0.0,360,720
2.18,80.1,232.4,4.94,6.97,0.99,30.3,0.87,26.1,0,0.0,355,720
0.86,6.3,40.8,1.23,4.12,4.21,65.8,0.52,60.8,0,0.0,360,720
4.32,57.1,143.7,0.51,1.56,3.41,29.2,0.81,45.1,1,1.32,23,179
2.52,55.0,187.0,0.7,9.79,2.26,24.3,0.62,129.5,0,0.0,359,720
1.32,4.8,59.0,1.31,9.02,4.13,84.8,0.95,72.5,0,0.0,360,720
2.4,17.8,66.8,2.13,8.94,3.59,27.3,0.46,84.9,0,0.0,356,720
3.15,6.5,17.6,2.65,7.9,4.57,32.1,0.49,145.1,0,0.0,354,720
0.62,10.3,43.0,1.19,6.94,0.4,24.8,0.98,127.1,0,0.0,360,720
1.45,10.7,42.6,2.72,6.57,2.56,50.3,0.79,120.6,0,0.0,356,720
3.69,28.4,104.3,6.41,1.11,3.54,84.0,0.82,29.9,0,0.0,360,720
2.23,18.6,55.5,2.62,9.01,1.05,34.8,0.44,13.2,0,0.0,360,720
2.6,103.3,395.7,0.68,8.82,1.65,55.6,0.63,27.6,0,0.0,360,720
2.12,4.7,64.8,2.21,7.49,2.11,45.9,0.45,113.6,0,0.0,353,720
0.48,127.3,287.0,2.02,9.28,3.98,40.2,0.41,67.5,0,0.0,360,720
1.0,9.2,36.8,4.8,5.55,2.48,57.9,0.63,26.4,0,0.0,355,720
2.17,51.9,170.6,1.25,4.5,2.47,56.9,0.99,113.5,0,0.0,359,720
1.18,14.5,97.2,1.51,9.68,2.17,42.0,0.37,37.2,0,0.0,356,720
0.51,5.4,63.9,2.31,4.67,1.16,78.8,0.39,92.5,0,0.0,360,720
3.84,68.3,255.5,1.94,6.43,4.62,19.0,0.39,113.8,0,0.0,360,720
4.42,12.9,54.0,3.09,3.76,1.6,21.4,0.83,95.1,0,0.0,360,720
3.63,37.6,144.4,0.39,6.38,2.85,89.3,0.61,149.1,0,0.0,360,720
3.89,29.3,108.2,2.12,7.21,0.76,71.1,0.51,70.8,0,0.0,360,720
1.32,22.3,80.0,0.59,6.27,2.18,75.3,0.88,53.7,0,0.0,360,720
4.33,24.0,101.8,1.13,5.17,4.52,60.2,0.44,38.2,0,0.0,360,720
1.13,46.1,165.3,2.68,3.04,4.98,46.5,0.51,80.5,0,0.0,360,720
4.3,3.2,16.4,0.68,6.46,1.82,62.2,0.26,129.3,0,0.0,360,720
4.48,38.6,183.7,1.11,9.09,0.79,21.9,0.3,142.6,0,0.0,360,720
3.29,79.2,204.3,2.97,0.12,1.59,71.8,0.31,146.1,0,0.0,360,720
4.42,2.1,44.0,2.61,1.38,1.65,55.6,0.48,84.4,0,0.0,360,720
2.69,5.3,46.4,0.51,1.24,3.23,86.8,0.62,94.7,1,0.75,44,138
1.39,44.1,150.4,2.19,9.24,2.49,62.8,0.2,91.4,0,0.0,360,720
2.14,20.1,76.0,0.65,6.64,3.85,26.4,0.35,75.2,0,0.0,360,720
2.79,18.1,101.1,0.94,9.52,3.51,50.8,0.34,31.3,0,0.0,360,720
0.61,5.2,57.9,1.65,5.85,1.27,19.3,0.4,19.2,0,0.0,360,720
2.91,24.7,66.1,0.55,4.64,3.93,70.9,0.33,71.1,0,0.0,360,720
4.42,4.7,45.8,11.43,7.93,4.24,52.6,0.36,36.1,0,0.0,360,720
1.1,22.7,102.2,0.7,1.65,3.0,42.7,0.99,134.1,0,0.03,360,720
3.63,50.5,214.1,3.64,3.84,4.64,87.6,0.68,116.6,0,0.0,353,720
4.11,10.5,79.7,4.2,4.69,3.92,85.5,0.81,96.6,0,0.0,360,720
4.26,22.9,84.2,11.73,3.02,2.99,86.5,0.86,16.6,0,0.0,360,720
4.33,169.1,322.4,1.53,3.74,4.53,31.6,0.73,97.1,0,0.0,356,720
2.49,40.6,94.5,4.86,0.83,3.01,69.6,0.76,96.9,0,0.0,360,720
4.4,64.4,188.2,7.25,2.02,2.62,85.9,0.71,71.5,0,0.0,360,720
3.48,18.8,86.1,0.72,3.39,1.79,57.8,0.72,102.1,0,0.06,360,720
0.98,51.1,206.4,1.74,7.97,4.42,31.1,0.94,130.1,0,0.0,356,720
2.3,1.4,28.3,0.44,1.87,0.63,76.3,0.35,116.1,1,0.47,49,119
3.32,4.6,57.9,2.43,3.5,2.38,81.0,0.42,76.3,0,0.0,360,720
1.34,7.9,39.1,2.22,0.7,2.7,67.7,0.27,46.7,0,0.0,351,720
2.99,18.0,75.0,0.8,5.59,2.78,37.0,0.87,76.9,0,0.0,360,720
3.1,65.4,173.7,3.82,6.13,3.27,29.3,0.56,142.4,0,0.0,357,720
0.98,14.9,48.8,0.38,8.66,2.54,61.8,0.93,124.8,0,0.0,360,720
2.67,37.2,113.3,3.91,8.2,1.3,51.2,0.53,13.8,0,0.0,354,720
3.54,43.2,143.4,0.36,2.89,4.29,65.2,0.55,119.6,1,0.56,50,193
2.4,30.9,102.0,2.65,1.41,3.29,23.4,0.56,33.9,0,0.0,359,720
0.35,15.5,51.2,0.48,1.6,4.29,25.2,0.69,90.0,0,0.0,359,720
0.34,30.1,69.7,0.94,9.69,1.39,42.2,0.81,122.9,0,0.0,358,720
1.8,14.7,50.1,3.12,6.75,3.19,34.4,0.48,88.6,0,0.0,357,720
4.19,3.1,53.2,1.02,0.47,3.58,61.5,0.7,66.5,1,1.35,50,162
1.26,172.7,262.3,1.87,1.41,1.93,42.6,0.36,55.0,0,0.0,360,720
2.96,4.8,53.8,5.73,4.88,4.06,66.3,0.64,52.7,0,0.0,351,720
1.23,2.6,31.2,0.41,2.12,0.03,72.7,0.64,127.2,0,0.02,356,720
1.65,73.8,208.4,3.97,8.05,2.98,29.0,0.91,125.5,0,0.0,360,720
3.86,12.6,37.8,0.45,5.75,3.08,84.0,0.92,125.3,0,0.0,360,720
3.36,36.8,146.4,0.6,6.15,2.68,74.0,0.59,49.6,0,0.0,357,720
0.7,14.0,57.3,0.58,4.66,3.16,62.0,0.22,121.8,0,0.0,354,720
2.1,17.4,80.7,11.59,2.6,0.85,83.2,0.88,15.1,0,0.0,354,720
0.42,10.6,85.3,0.74,5.91,3.43,34.9,0.2,38.9,0,0.0,360,720
2.32,14.7,81.4,5.3,7.18,1.69,46.6,0.58,82.0,0,0.0,356,720
3.08,18.5,76.7,10.65,3.74,2.27,21.4,0.22,66.9,0,0.0,360,720
0.8,44.6,199.6,1.37,5.07,1.68,49.2,0.48,25.7,0,0.0,355,720
1.51,25.1,97.4,2.49,8.4,2.38,53.0,0.71,15.8,0,0.0,359,720
1.97,100.6,323.7,3.62,1.53,3.12,61.2,0.5,95.6,0,0.0,360,720
4.16,1.5,24.0,1.4,5.47,4.19,19.8,0.94,53.9,0,0.0,356,720
4.47,24.5,77.0,0.69,3.52,2.43,17.4,0.71,12.2,0,0.06,360,720
0.49,30.7,117.0,1.55,7.04,1.63,46.5,0.72,70.3,0,0.0,349,720
3.5,88.5,206.3,3.55,0.24,2.45,29.2,0.5,52.9,0,0.0,360,720
1.86,1.8,33.2,3.64,6.72,3.45,71.9,0.23,90.7,0,0.0,360,720
1.95,29.8,62.0,0.88,1.07,1.75,65.2,0.79,140.2,1,0.27,58,154
3.47,67.3,200.3,0.72,0.69,2.08,39.4,0.77,53.1,1,1.36,29,232
4.16,9.7,34.5,5.87,7.26,2.82,18.4,0.62,149.6,0,0.0,360,720
4.29,73.1,257.0,0.4,6.42,1.48,28.7,0.53,22.0,1,0.27,75,313
2.72,0.7,50.0,3.22,8.95,1.06,66.9,0.63,22.4,0,0.0,353,720
1.8,46.1,199.7,0.4,5.22,0.72,89.3,0.8,109.8,0,0.0,360,720
3.61,94.7,261.9,4.3,5.32,1.78,39.5,0.77,114.8,0,0.0,351,720
1.35,37.5,152.5,5.49,7.08,0.26,75.1,0.73,69.2,0,0.0,357,720
2.67,20.2,84.6,1.08,3.27,2.93,80.0,0.92,50.0,0,0.0,360,720
1.81,1.6,15.1,0.47,0.42,0.9,18.6,0.69,121.2,1,0.82,55,128
3.06,88.5,315.6,1.74,2.34,1.9,83.7,0.21,143.9,0,0.0,354,720
1.31,22.2,101.2,1.08,2.42,1.36,50.0,0.69,148.6,0,0.0,359,720
1.1,1.0,5.4,1.49,3.39,3.16,87.3,0.69,98.8,0,0.0,360,720
4.16,41.0,128.4,2.71,9.44,4.25,55.4,0.26,113.6,0,0.0,355,720
0.73,23.0,105.2,0.82,8.06,3.17,32.6,0.54,125.1,0,0.0,349,720
2.43,4.6,35.2,1.27,9.36,2.72,88.1,0.72,121.8,0,0.0,360,720
1.23,8.4,48.2,3.66,9.99,3.35,33.2,0.76,149.1,0,0.0,355,720
0.46,2.3,30.5,2.57,4.37,0.17,81.2,0.91,123.5,0,0.0,357,720
0.45,29.9,129.4,1.17,2.31,0.63,28.0,0.87,102.8,0,0.0,360,720
1.04,34.1,151.5,2.7,5.62,0.49,65.6,0.29,62.7,0,0.0,360,720
3.94,24.7,67.0,3.49,8.82,0.51,45.8,0.69,93.7,0,0.0,360,720
1.49,59.5,190.2,2.27,4.68,1.32,87.9,0.68,133.3,0,0.0,359,720
4.29,69.1,144.6,0.9,5.08,2.67,28.9,0.44,52.8,0,0.0,360,720
2.74,33.5,151.3,0.3,1.39,0.59,45.7,0.35,14.3,1,1.06,19,155
2.13,0.4,10.2,3.87,4.23,4.68,63.0,0.36,55.8,0,0.0,360,720
2.74,41.6,71.0,4.1,3.9,4.27,88.3,0.34,144.4,0,0.0,357,720
2.47,18.9,101.9,2.93,3.55,4.86,37.8,0.85,121.2,0,0.0,360,720
3.49,29.2,116.4,0.48,8.88,0.23,44.8,0.32,36.2,0,0.05,359,720
1.49,36.7,109.0,2.24,0.64,4.26,49.6,0.41,11.7,0,0.0,360,720
1.78,15.1,62.8,4.09,9.72,4.02,34.0,0.37,103.7,0,0.0,360,720
4.06,87.2,202.7,1.39,0.13,4.51,76.3,0.77,91.1,1,1.67,34,248
4.28,5.0,40.5,0.79,9.46,2.65,21.9,0.33,21.6,0,0.0,360,720
4.05,39.0,96.4,2.25,5.5,3.94,67.9,0.22,145.2,0,0.0,360,720
2.06,0.2,30.3,4.15,7.04,0.28,55.0,0.5,96.5,0,0.0,356,720
3.58,90.5,297.6,0.41,1.91,0.4,33.1,0.44,101.2,1,1.66,18,270
2.3,4.2,28.3,2.3,6.56,0.61,52.0,0.52,129.5,0,0.0,353,720
2.39,3.5,52.0,2.57,8.83,4.58,77.2,0.8,57.2,0,0.0,360,720
1.16,14.2,66.8,2.33,1.44,0.32,48.4,0.21,88.2,0,0.0,358,720
2.78,16.4,97.4,2.61,1.31,0.52,24.1,0.23,90.7,0,0.0,360,720
1.08,8.4,25.8,2.5,3.07,4.65,18.1,0.4,145.4,0,0.0,360,720
1.69,30.8,119.9,0.61,1.66,0.55,73.3,0.91,28.4,0,0.12,357,720
3.89,20.5,71.6,0.89,1.15,4.35,39.8,0.34,116.2,1,0.97,44,189
1.17,1.2,41.5,2.42,6.8,3.95,84.8,1.0,90.5,0,0.0,358,720
0.6,13.5,59.8,0.34,2.18,0.22,61.3,0.84,128.4,1,0.16,65,122
0.59,58.2,187.6,2.52,6.69,0.13,47.7,0.56,126.5,0,0.0,360,720
4.25,41.0,147.3,2.71,8.63,2.68,57.3,0.8,11.7,0,0.0,360,720
2.43,45.2,159.3,0.9,6.54,4.99,49.3,0.62,45.9,0,0.0,355,720
2.02,41.9,80.0,2.31,1.24,4.4,82.9,0.65,35.3,0,0.0,352,720
3.71,13.0,92.2,1.98,5.76,1.56,49.4,0.66,74.6,0,0.0,355,720
3.81,3.7,33.3,0.96,3.97,1.94,22.8,0.72,136.7,0,0.0,360,720
1.7,11.1,75.9,1.67,3.47,1.95,59.8,0.25,10.7,0,0.0,360,720
3.21,62.4,194.3,5.59,3.22,3.68,61.7,0.69,78.3,0,0.0,360,720
3.54,137.8,244.9,1.52,9.3,1.72,72.4,0.77,133.9,0,0.0,360,720
3.05,23.8,125.0,2.49,7.44,0.76,85.0,0.45,139.7,0,0.0,352,720
0.94,0.3,12.8,0.38,1.38,3.74,48.2,0.98,102.0,0,0.12,359,720
3.98,5.3,21.0,0.48,4.79,2.3,41.4,0.32,126.2,0,0.0,360,720
2.56,13.6,77.9,0.49,3.22,0.4,51.8,0.93,55.4,1,0.28,66,162
1.49,30.2,61.8,3.61,9.78,3.95,82.5,0.74,50.0,0,0.0,360,720
2.09,2.7,15.2,1.25,9.78,2.93,88.5,0.73,16.9,0,0.0,360,720
0.46,100.5,273.7,0.87,3.23,2.46,87.8,0.9,80.4,0,0.0,360,720
0.84,15.9,70.4,3.33,3.55,3.37,32.2,0.87,73.8,0,0.0,360,720
3.52,85.3,166.8,0.71,6.01,2.54,52.3,0.48,62.1,0,0.0,354,720
0.3,53.1,116.4,0.92,4.82,3.25,34.5,0.76,25.9,0,0.0,358,720
2.05,49.3,132.7,1.54,2.17,4.34,42.6,0.24,42.3,0,0.0,352,720
2.49,32.7,145.8,1.19,6.62,3.08,17.4,0.57,38.5,0,0.0,360,720
0.53,34.5,162.7,2.24,3.37,3.3,27.0,0.95,142.2,0,0.0,360,720
4.39,35.6,129.6,1.21,6.55,3.08,44.8,0.42,145.3,0,0.0,354,720
1.25,34.7,125.1,1.4,3.87,2.67,42.4,0.24,10.5,0,0.0,358,720
1.58,28.2,66.2,4.67,7.02,0.88,35.9,0.67,33.9,0,0.0,351,720
1.58,150.5,255.3,5.05,6.69,1.69,32.3,0.48,134.4,0,0.0,359,720
1.27,46.1,132.0,4.17,5.11,3.47,71.2,0.5,15.4,0,0.0,356,720
0.31,52.5,194.1,4.7,7.06,2.14,37.1,0.67,142.1,0,0.0,354,720
3.36,72.1,267.6,2.16,4.64,2.04,68.0,0.7,63.2,0,0.0,360,720
4.36,8.5,25.4,2.59,1.21,3.8,42.6,0.55,85.4,0,0.0,360,720
1.24,3.1,32.2,2.09,1.86,0.05,75.1,0.61,116.9,0,0.0,360,720
3.08,23.1,71.6,3.69,2.5,3.4,27.5,0.99,44.1,0,0.0,359,720
3.42,25.3,117.7,2.06,0.68,2.46,26.8,0.97,24.1,0,0.0,360,720
3.86,61.9,180.5,0.56,7.13,1.9,66.0,0.77,123.4,0,0.0,360,720
2.08,20.5,93.5,3.95,3.71,1.72,83.6,0.33,147.8,0,0.0,360,720
1.57,29.6,90.5,3.45,0.98,0.88,25.7,0.49,102.2,0,0.0,358,720
1.67,26.2,130.9,4.08,8.21,1.68,20.5,0.91,125.5,0,0.0,360,720
3.29,1.4,39.7,0.76,6.85,1.97,85.1,0.54,141.8,0,0.0,355,720
3.73,33.4,132.8,1.0,4.55,2.2,23.8,0.96,42.0,0,0.0,360,720
1.06,61.6,184.4,1.07,2.51,3.37,33.8,0.59,59.1,0,0.0,360,720
1.86,6.0,62.2,1.86,1.56,2.28,84.7,0.89,40.7,0,0.0,360,720
4.09,31.6,111.0,0.62,4.61,3.99,75.2,0.23,18.6,0,0.0,357,720
3.69,31.5,135.4,1.37,8.86,3.21,40.7,0.55,112.5,0,0.0,360,720
4.44,6.3,17.9,0.74,1.92,0.96,86.6,0.76,30.4,1,0.87,51,165
3.47,4.6,10.7,0.98,5.71,1.4,57.6,0.89,23.0,0,0.0,359,720
1.95,137.0,356.1,3.0,9.62,0.41,20.4,0.69,60.1,0,0.0,360,720
2.78,17.5,62.8,4.55,6.39,4.73,67.7,0.34,18.5,0,0.0,358,720
3.08,9.0,53.2,0.35,4.43,4.44,55.3,0.91,35.1,0,0.1,354,720
0.63,6.6,50.0,2.14,7.18,0.44,57.9,0.66,19.8,0,0.0,357,720
2.59,38.5,123.6,0.38,8.25,2.88,89.6,0.29,132.8,0,0.0,360,720
3.28,32.9,55.7,0.5,5.93,4.8,26.4,0.57,119.2,0,0.0,355,720
1.0,36.1,137.8,2.99,8.72,3.74,64.3,0.76,130.3,0,0.0,360,720
3.58,3.2,28.5,3.23,5.17,2.47,49.4,0.56,131.6,0,0.0,356,720
2.75,78.4,276.6,4.0,8.31,1.22,35.4,0.9,142.2,0,0.0,360,720
4.3,17.3,44.2,1.71,9.52,1.41,67.0,0.54,36.1,0,0.0,360,720
0.48,13.2,74.8,4.62,5.04,3.69,65.1,0.67,136.0,0,0.0,356,720
1.41,21.7,97.6,0.7,6.07,3.91,79.2,0.37,83.5,0,0.0,350,720
2.83,17.3,71.6,0.93,6.11,2.65,80.9,0.61,33.3,0,0.0,360,720
1.55,69.7,165.4,0.62,7.83,0.62,57.1,0.38,101.8,0,0.0,353,720
3.3,92.7,245.9,3.81,8.24,4.67,39.4,0.38,55.8,0,0.0,356,720
3.49,12.7,59.8,0.87,0.32,4.23,54.7,0.42,16.5,1,1.21,49,150
0.73,69.8,278.6,0.67,7.35,0.72,41.9,0.24,21.0,0,0.0,360,720
2.46,53.2,135.5,2.45,7.85,0.3,35.8,0.33,69.3,0,0.0,348,720
2.44,93.5,244.2,0.48,7.02,2.69,56.4,0.54,125.7,0,0.0,358,720
1.85,9.9,35.8,0.4,7.15,1.44,64.3,0.3,53.5,0,0.0,360,720
4.22,30.1,80.4,0.55,0.46,1.43,59.3,0.31,117.3,1,2.18,34,201
3.78,11.2,80.4,0.3,4.45,0.45,86.6,0.97,17.8,1,0.52,52,190
3.23,60.8,161.6,2.93,8.19,4.77,37.4,0.54,65.1,0,0.0,360,720
3.3,0.2,40.4,2.12,9.34,4.15,42.9,0.52,27.8,0,0.0,357,720
2.24,29.1,97.4,0.82,2.33,0.59,65.1,0.41,130.9,0,0.03,360,720
4.17,14.5,67.5,0.88,5.81,4.39,60.0,0.61,145.5,0,0.0,355,720
3.22,13.6,91.4,3.96,8.05,3.42,15.1,0.68,55.6,0,0.0,359,720
3.36,36.2,163.2,1.83,7.54,1.64,38.4,0.53,148.4,0,0.0,360,720
3.92,66.7,275.7,2.94,6.21,4.36,34.0,0.52,115.3,0,0.0,360,720
1.45,32.9,111.2,1.63,0.24,3.0,78.0,0.76,10.2,0,0.0,360,720
3.69,67.1,177.4,0.9,7.25,4.25,80.0,0.96,77.9,0,0.0,358,720
1.12,10.8,71.3,8.04,7.74,2.36,36.3,0.9,126.8,0,0.0,357,720
1.75,25.7,91.3,2.13,7.24,2.51,22.7,0.29,84.7,0,0.0,360,720
1.71,21.0,121.0,0.61,7.67,1.47,30.4,0.72,87.0,0,0.0,360,720
4.41,0.4,26.1,1.45,4.34,1.95,28.2,0.21,72.7,0,0.0,358,720
3.9,28.5,114.3,1.18,9.94,2.85,32.8,0.71,65.3,0,0.0,360,720
3.24,37.9,141.4,0.83,7.72,4.74,32.6,0.57,13.8,0,0.0,360,720
3.35,31.4,114.0,6.26,5.81,3.01,51.0,0.59,97.0,0,0.0,353,720
2.66,46.7,129.8,4.98,9.35,0.75,39.0,0.67,117.3,0,0.0,360,720
4.28,29.6,103.9,0.79,9.09,0.05,57.0,0.79,120.6,1,0.22,111,264
2.38,2.4,32.2,1.26,8.15,4.26,40.8,0.78,97.4,0,0.0,357,720
1.9,4.3,64.8,3.46,5.66,1.83,76.1,0.24,57.8,0,0.0,355,720
0.98,31.8,118.3,0.81,5.29,1.59,86.3,0.79,13.2,0,0.0,359,720
3.6,11.3,34.8,2.27,3.32,4.01,45.3,0.86,135.4,0,0.0,358,720
3.38,2.9,50.9,2.95,2.55,4.73,18.7,0.25,70.1,0,0.0,359,720
1.91,19.6,46.1,2.63,5.15,3.75,33.0,0.46,94.2,0,0.0,351,720
0.41,28.3,97.4,3.0,5.8,0.89,22.6,0.83,37.2,0,0.0,360,720
3.82,14.0,43.5,3.0,2.48,1.97,40.9,0.59,29.9,0,0.0,354,720
0.35,44.6,133.0,7.66,9.23,3.8,63.4,0.76,22.2,0,0.0,360,720
3.26,36.1,126.3,1.24,5.59,4.54,53.9,0.6,121.8,0,0.0,358,720
4.38,14.2,58.3,4.94,5.29,4.99,33.2,0.98,100.5,0,0.0,359,720
2.14,49.2,149.2,0.35,4.38,2.57,72.5,0.95,97.0,1,0.2,62,185
1.29,36.6,124.2,1.05,0.63,4.12,24.9,0.42,138.7,0,0.12,360,720
3.26,35.5,141.2,0.41,8.83,0.25,32.1,0.51,32.2,1,0.22,99,278
3.73,28.2,105.1,2.62,3.2,1.44,65.7,0.55,33.8,0,0.0,360,720
2.6,0.4,47.0,0.53,6.44,1.87,29.8,0.28,36.5,0,0.0,360,720
4.36,41.7,110.0,4.41,6.09,4.88,65.9,0.52,69.3,0,0.0,360,720
0.52,16.5,96.1,2.59,5.87,0.04,88.3,0.82,132.4,0,0.0,360,720
2.42,100.0,354.3,0.36,5.28,1.55,77.4,0.88,133.4,1,0.44,60,317
3.32,59.6,214.5,3.06,1.86,4.65,27.0,0.91,92.7,0,0.0,358,720
3.92,31.0,132.1,4.66,2.84,1.55,54.0,0.21,102.1,0,0.0,359,720
1.05,10.2,72.1,2.68,5.27,1.14,46.7,0.83,135.7,0,0.0,358,720
3.66,8.0,24.3,0.37,7.9,3.66,89.4,0.6,97.4,0,0.0,360,720
2.62,14.6,67.9,4.59,4.35,3.73,87.3,0.36,42.2,0,0.0,356,720
1.97,22.7,56.4,3.2,2.08,2.37,24.5,0.6,108.7,0,0.0,360,720
0.85,12.3,62.6,1.35,0.93,4.74,83.2,0.88,117.8,0,0.0,360,720
3.93,25.3,83.4,1.18,6.65,1.03,29.5,0.55,98.9,0,0.0,360,720
0.96,6.3,53.3,1.74,4.26,4.57,39.0,0.99,48.3,0,0.0,351,720
1.6,133.1,231.1,4.74,1.3,3.78,41.5,0.69,66.0,0,0.0,360,720
1.52,4.0,35.0,0.94,6.76,1.85,36.5,0.59,75.9,0,0.0,357,720
3.96,94.1,216.8,0.53,2.12,4.04,79.0,0.44,30.3,1,0.71,31,252
3.13,85.7,265.7,4.7,5.11,0.68,39.7,0.21,73.3,0,0.0,360,720
3.65,26.1,108.0,0.36,3.1,0.67,76.3,0.69,32.6,1,0.74,51,200
1.35,45.2,165.7,5.62,9.32,4.65,89.6,0.66,79.9,0,0.0,352,720
2.92,20.0,37.6,1.1,2.32,0.49,78.1,0.61,17.1,0,0.0,360,720
2.7,34.8,76.6,1.86,4.23,0.04,41.0,0.63,142.8,0,0.0,360,720
3.8,14.6,56.8,0.61,9.6,1.96,68.3,0.87,44.5,0,0.0,355,720
4.11,12.5,73.6,5.42,3.22,0.54,55.0,0.45,75.4,0,0.0,359,720
0.35,30.2,88.4,3.35,6.46,4.32,74.0,0.64,14.6,0,0.0,357,720
3.13,24.1,66.3,5.97,3.2,4.62,26.5,0.74,37.0,0,0.0,360,720
0.52,30.3,67.5,2.83,1.15,2.42,62.9,0.37,107.1,0,0.0,354,720
2.61,11.8,51.6,0.75,6.29,2.14,73.0,0.94,25.7,0,0.0,352,720
1.51,16.0,50.3,1.11,9.16,2.7,72.1,0.79,97.9,0,0.0,360,720
1.59,3.1,52.8,1.77,4.55,1.15,87.3,0.24,10.3,0,0.0,360,720
1.78,1.9,8.4,2.36,6.28,1.5,19.4,0.89,75.1,0,0.0,354,720
2.91,10.2,45.6,6.04,6.11,0.52,40.9,0.94,111.0,0,0.0,360,720
1.7,2.7,24.3,1.37,4.18,2.24,50.7,0.83,139.7,0,0.0,354,720
3.38,3.8,41.6,2.97,6.17,3.07,38.2,0.54,79.0,0,0.0,360,720
2.0,58.7,217.6,7.44,2.63,4.65,38.2,1.0,127.7,0,0.0,360,720
0.59,1.4,8.9,0.66,3.81,3.7,28.2,0.3,122.4,0,0.0,356,720
3.59,37.6,163.3,4.67,4.45,3.62,76.0,0.63,51.4,0,0.0,357,720
1.5,11.1,40.7,1.5,8.65,1.55,83.1,0.34,132.5,0,0.0,358,720
2.12,71.8,280.9,3.2,3.52,4.44,21.2,0.55,99.6,0,0.0,355,720
3.18,23.2,65.5,1.06,6.37,4.74,26.6,0.94,24.6,0,0.0,360,720
1.7,12.8,53.0,1.19,2.17,4.66,32.1,0.84,141.5,0,0.0,360,720
0.54,25.5,86.5,0.36,2.56,0.21,53.2,0.83,34.7,0,0.0,358,720
1.87,16.8,100.3,8.12,6.5,3.03,74.3,0.48,75.9,0,0.0,358,720
4.27,29.1,83.8,3.99,7.63,3.22,20.4,0.95,75.3,0,0.0,354,720
3.0,4.3,42.2,0.52,4.65,1.49,62.8,0.49,97.5,0,0.0,359,720
3.12,180.0,400.0,15.0,3.38,4.96,26.2,0.23,103.1,0,0.0,360,720
2.96,19.4,79.9,2.34,9.11,1.47,87.9,0.71,42.6,0,0.0,360,720
1.14,15.0,60.2,4.53,1.4,1.1,82.4,0.49,59.3,0,0.0,356,720
2.06,43.4,201.7,0.45,7.22,2.43,86.2,0.32,30.2,0,0.0,352,720
3.45,15.8,36.1,1.39,6.92,1.63,23.0,0.95,27.6,0,0.0,355,720
0.73,62.7,227.3,2.74,6.92,4.62,51.6,0.71,125.5,0,0.0,360,720
1.47,21.2,74.9,0.55,9.36,2.21,27.4,0.95,115.1,0,0.0,360,720
1.46,44.5,158.9,1.78,7.3,2.06,60.0,0.67,72.0,0,0.0,360,720
2.11,4.0,34.9,1.59,3.05,3.14,32.5,0.25,23.4,0,0.0,360,720
4.42,65.5,179.5,0.84,3.57,0.42,72.8,0.22,73.0,1,0.62,65,273
0.58,46.6,201.1,1.09,3.94,3.79,63.3,0.92,51.2,0,0.0,352,720
2.48,8.3,32.5,7.81,0.36,3.85,57.9,0.23,118.9,0,0.0,348,720
1.05,5.5,50.3,1.05,9.14,2.38,76.9,0.69,23.5,0,0.0,360,720
4.38,13.3,49.5,0.83,0.78,4.78,52.5,0.44,73.2,1,1.4,37,171
0.78,130.6,292.9,1.99,7.01,2.91,35.2,0.75,92.8,0,0.0,360,720
2.0,10.4,80.9,2.75,7.32,3.48,61.6,0.43,148.0,0,0.0,360,720
3.4,21.3,110.6,3.14,8.44,4.62,86.8,0.23,22.5,0,0.0,360,720
3.26,1.1,41.0,3.39,5.56,3.34,60.1,0.78,26.0,0,0.0,358,720
2.08,17.7,51.7,0.38,7.27,2.17,62.2,0.45,148.3,0,0.0,355,720
1.76,29.6,112.5,1.4,3.06,0.14,85.1,0.64,66.8,0,0.0,355,720
1.97,107.1,296.0,3.57,7.47,3.65,53.6,0.82,114.1,0,0.0,360,720
1.41,25.5,68.4,5.48,3.47,4.83,89.7,0.76,119.7,0,0.0,360,720
1.16,59.8,236.5,2.33,9.03,2.36,27.0,0.48,54.0,0,0.0,359,720
2.33,27.7,102.0,0.42,1.68,1.71,55.3,0.8,40.0,1,0.43,36,142
1.43,1.5,30.4,1.41,3.19,2.61,31.0,0.94,48.7,0,0.0,360,720
1.51,13.2,70.3,0.47,5.01,3.65,49.0,0.69,117.0,0,0.0,353,720
3.06,30.0,106.3,3.34,7.77,0.02,27.8,0.76,127.7,0,0.0,360,720
4.37,105.3,365.6,0.44,7.5,4.44,31.7,0.89,107.9,1,0.32,86,380
2.84,68.6,173.0,0.75,2.15,4.43,30.8,0.87,71.8,1,0.5,45,210
0.62,9.1,55.2,1.49,1.49,2.72,39.0,0.48,46.8,0,0.0,360,720
0.62,8.7,60.1,1.67,3.07,0.63,25.1,0.99,69.5,0,0.0,360,720
4.3,7.9,35.7,1.45,4.86,3.37,75.7,0.22,138.0,0,0.0,360,720
1.55,89.5,159.6,1.67,5.41,0.71,31.6,0.99,130.8,0,0.0,351,720
0.69,67.0,147.4,3.05,4.32,2.55,46.2,0.4,55.3,0,0.0,360,720
2.82,52.2,103.3,1.31,6.65,0.49,16.2,0.55,55.9,0,0.0,360,720
2.92,17.5,54.8,2.05,4.3,2.95,22.9,0.91,119.2,0,0.0,357,720
3.02,24.6,72.4,1.1,9.47,1.6,82.2,0.4,69.7,0,0.0,360,720
1.42,21.8,96.6,1.26,2.65,4.16,77.8,0.38,90.2,0,0.0,360,720
0.36,10.2,47.8,2.39,6.29,4.0,78.1,0.71,69.1,0,0.0,360,720
4.35,24.6,89.5,1.78,6.13,4.99,45.9,0.76,43.9,0,0.0,360,720
1.35,1.1,17.8,3.12,2.85,1.3,25.6,0.21,36.4,0,0.0,360,720
3.14,4.9,48.8,2.11,4.15,0.33,23.1,0.56,29.5,0,0.0,360,720
3.27,76.2,284.4,3.88,3.69,2.23,60.4,0.59,11.6,0,0.0,360,720
2.86,48.8,111.1,1.59,1.77,0.44,77.1,0.42,49.3,0,0.0,360,720
1.61,19.2,58.2,1.79,4.8,0.91,82.5,0.64,34.0,0,0.0,360,720
1.44,25.5,43.5,2.74,3.9,2.99,36.7,0.32,46.1,0,0.0,360,720
2.81,16.2,71.1,0.85,1.82,2.97,39.1,0.46,20.6,0,0.12,360,720
3.94,47.3,128.7,1.37,4.53,0.24,22.6,0.77,57.8,0,0.0,350,720
4.28,53.7,98.1,2.46,4.25,2.23,73.1,0.9,82.8,0,0.0,359,720
0.74,50.4,148.1,0.36,1.36,2.66,35.7,0.67,142.2,1,0.42,33,124
0.95,44.9,78.3,1.56,1.36,1.35,51.1,0.26,58.6,0,0.0,360,720
4.27,8.0,41.1,2.31,6.49,4.36,84.7,0.74,14.3,0,0.0,357,720
3.39,14.4,89.6,7.83,7.08,0.82,71.4,0.92,60.7,0,0.0,360,720
4.01,22.2,96.9,4.91,9.41,1.28,19.0,0.6,124.4,0,0.0,358,720
1.15,14.1,48.8,1.02,0.92,0.8,15.6,0.59,57.6,0,0.0,360,720
2.77,49.2,133.6,1.86,1.22,0.6,74.1,0.99,50.8,0,0.0,360,720
3.24,14.0,45.3,0.43,0.57,4.4,56.4,0.71,138.7,1,1.67,20,133
3.16,5.2,12.6,0.91,5.35,1.4,69.0,0.84,51.6,0,0.0,360,720
2.01,17.8,109.5,3.58,6.25,3.62,26.8,0.72,145.8,0,0.0,358,720
0.36,136.8,291.2,0.59,4.07,2.15,80.4,0.38,126.6,0,0.0,360,720
2.75,9.0,49.0,0.96,7.99,3.19,73.0,0.43,105.8,0,0.0,360,720
1.36,33.2,109.2,6.64,6.88,4.64,81.8,0.73,93.8,0,0.0,354,720
2.19,19.9,73.7,4.12,9.86,4.23,40.6,0.56,41.5,0,0.0,355,720
4.32,2.6,17.4,3.65,1.42,0.36,35.7,0.52,112.3,0,0.0,356,720
1.98,23.4,69.8,4.7,0.63,4.23,26.4,0.22,58.6,0,0.0,357,720
3.83,42.4,126.1,3.35,2.78,2.27,84.8,0.91,78.0,0,0.0,357,720
1.09,25.2,117.7,0.58,0.24,1.76,28.3,0.91,24.6,1,0.2,56,137
3.12,72.0,189.8,1.9,9.33,3.37,23.9,0.57,51.5,0,0.0,360,720
4.4,11.9,65.4,1.59,3.07,4.75,29.5,0.76,84.1,0,0.0,356,720
0.73,3.2,11.7,1.12,5.55,0.49,72.9,0.34,75.5,0,0.0,358,720
0.33,96.5,317.3,4.25,3.21,3.85,81.7,0.6,58.1,0,0.0,348,720
2.12,16.6,57.9,1.67,2.5,1.03,75.8,0.55,76.1,0,0.0,360,720
0.69,30.1,111.6,0.44,1.57,1.91,57.2,0.73,114.3,0,0.06,360,720
3.44,55.0,92.7,1.01,3.24,4.37,89.5,0.58,74.3,0,0.0,360,720
4.14,13.7,47.4,0.87,6.17,2.74,20.2,0.6,80.9,0,0.0,360,720
2.12,44.1,152.1,5.11,9.72,0.36,80.0,0.44,108.2,0,0.0,360,720
1.39,5.1,21.1,2.59,5.6,2.55,47.1,0.24,127.8,0,0.0,348,720
2.12,12.1,49.3,2.11,5.35,3.95,49.1,0.93,83.8,0,0.0,357,720
3.34,5.5,42.3,1.85,0.4,2.65,24.6,0.21,142.7,1,0.41,108,206
0.34,58.4,169.9,2.61,8.41,0.85,17.5,0.43,59.5,0,0.0,360,720
2.78,8.8,33.1,3.39,0.5,2.24,38.7,0.56,45.4,0,0.0,360,720
2.88,44.2,108.1,2.08,9.07,4.62,28.1,0.46,107.0,0,0.0,360,720
2.98,100.4,373.1,6.43,5.41,3.3,51.3,0.64,34.6,0,0.0,360,720
1.32,26.3,85.1,8.58,1.73,3.65,26.0,0.57,136.0,0,0.0,355,720
3.3,27.2,129.4,12.11,4.54,3.93,25.3,0.4,64.1,0,0.0,360,720
0.68,21.6,36.6,2.74,9.95,0.47,80.8,0.27,107.7,0,0.0,355,720
1.14,13.8,27.9,6.23,3.09,2.92,84.1,0.31,89.8,0,0.0,360,720
3.99,22.6,84.4,1.44,2.73,1.89,87.3,0.59,17.6,0,0.0,356,720
3.4,32.3,119.5,4.62,1.22,0.71,66.0,0.88,109.3,0,0.0,351,720
0.36,149.4,400.0,5.58,5.99,1.03,72.8,0.28,120.6,0,0.0,353,720
1.34,97.2,172.7,5.46,0.94,3.91,77.7,0.74,147.5,0,0.0,358,720
1.2,69.4,230.5,4.21,7.67,0.82,64.4,0.83,68.3,0,0.0,360,720
1.44,77.0,236.8,1.45,9.2,1.58,39.8,0.42,80.4,0,0.0,360,720
1.34,22.1,46.6,0.68,9.32,1.44,26.7,0.73,132.5,0,0.0,360,720
0.56,37.5,126.2,1.19,1.12,0.26,32.8,0.75,47.7,0,0.0,360,720
2.23,78.9,268.8,3.51,5.6,2.32,78.0,0.77,36.5,0,0.0,354,720
3.38,17.5,75.5,0.88,1.02,3.83,67.2,0.91,28.6,1,0.69,47,176
2.85,114.2,285.5,1.73,5.74,0.13,49.2,0.52,147.0,0,0.0,357,720
3.13,18.8,72.9,2.13,8.16,0.58,17.2,0.39,47.9,0,0.0,357,720
0.64,32.2,122.6,2.34,5.4,3.61,35.0,0.64,116.0,0,0.0,357,720
4.3,43.3,161.0,6.34,8.73,2.98,69.7,0.25,73.0,0,0.0,355,720
3.82,105.3,277.7,2.68,8.03,3.58,53.4,0.47,43.7,0,0.0,360,720
3.68,9.8,68.2,3.69,2.8,1.17,47.7,0.91,137.9,0,0.0,356,720
3.76,48.0,181.4,2.22,6.32,4.02,38.5,0.63,74.9,0,0.0,360,720
4.22,25.7,114.6,4.25,0.12,2.41,60.5,0.55,89.2,0,0.0,360,720
2.59,10.9,49.5,0.97,3.99,3.06,87.5,0.41,41.1,0,0.0,360,720
1.14,52.5,206.8,0.82,2.42,0.48,82.6,0.4,55.4,0,0.0,360,720
2.89,28.1,58.1,6.04,9.37,1.04,17.3,0.39,114.7,0,0.0,352,720
3.42,37.9,107.8,2.9,4.08,3.87,51.1,0.86,58.0,0,0.0,360,720
3.4,13.6,59.8,2.75,6.56,1.14,39.7,0.99,80.8,0,0.0,359,720
2.49,23.0,56.9,1.69,7.33,0.48,53.3,0.63,26.0,0,0.0,360,720
0.59,33.6,114.8,1.34,7.74,2.99,60.5,0.26,129.0,0,0.0,360,720
1.86,18.2,96.1,2.08,7.37,2.75,30.0,0.8,113.3,0,0.0,355,720
4.17,7.7,33.1,0.58,2.93,3.05,73.6,0.9,116.5,1,0.42,52,166
2.75,114.1,365.0,1.63,6.88,3.1,50.6,0.94,34.9,0,0.0,360,720
2.56,25.1,90.5,1.64,5.51,2.51,89.4,0.7,79.3,0,0.0,352,720
1.43,46.3,174.2,2.0,5.99,2.48,16.9,0.61,13.9,0,0.0,360,720
1.85,18.5,104.7,2.52,0.06,4.62,29.2,0.7,54.1,0,0.0,348,720
4.06,15.4,67.8,7.24,2.62,2.68,66.7,0.21,58.7,0,0.0,360,720
3.1,18.3,98.2,2.62,9.31,3.09,67.1,0.72,137.9,0,0.0,360,720
3.61,18.4,116.1,5.03,2.94,1.35,58.7,0.77,149.0,0,0.0,360,720
2.21,27.5,62.0,2.09,4.41,4.36,87.9,0.78,96.5,0,0.0,353,720
2.95,27.4,120.8,2.47,1.91,0.14,46.1,0.65,82.3,0,0.0,357,720
1.34,24.1,129.6,0.46,1.43,2.79,46.3,0.76,71.6,1,0.18,53,149
3.26,5.1,53.0,0.61,2.13,1.93,83.3,0.71,12.6,1,0.37,57,176
2.1,24.0,81.7,2.21,5.56,3.03,55.4,0.29,122.0,0,0.0,360,720
2.16,6.5,28.4,1.41,9.19,1.81,41.5,0.92,104.1,0,0.0,359,720
3.03,4.7,41.2,3.83,3.3,3.59,68.9,0.7,100.9,0,0.0,356,720
4.23,94.4,223.5,2.02,3.27,0.12,61.5,0.78,123.3,0,0.0,360,720
0.57,32.5,128.7,5.01,5.66,2.04,38.0,0.47,139.9,0,0.0,360,720
3.76,37.7,128.7,8.19,3.6,4.16,37.3,0.94,64.5,0,0.0,360,720
1.53,18.0,42.5,0.65,9.11,1.27,44.7,0.6,69.7,0,0.0,358,720
2.16,83.9,214.3,1.4,3.81,0.28,20.4,0.74,146.5,0,0.0,360,720
0.39,35.6,100.5,2.71,4.93,2.49,85.7,0.96,103.0,0,0.0,359,720
1.56,51.3,167.2,1.1,5.36,4.88,28.7,0.93,129.2,0,0.0,360,720
2.41,16.1,49.2,0.98,7.83,0.34,29.5,0.72,41.0,0,0.0,356,720
0.54,112.7,277.5,4.0,5.66,0.37,63.5,0.33,54.4,0,0.0,358,720
2.36,60.1,128.4,8.95,2.43,2.98,69.3,0.96,64.8,0,0.0,355,720
4.19,67.3,131.2,3.57,1.28,1.27,70.3,0.99,54.4,0,0.0,360,720
0.74,6.6,23.7,1.93,9.38,2.06,43.1,0.28,133.8,0,0.0,360,720
3.51,11.1,74.7,1.59,8.03,4.16,80.5,0.56,81.6,0,0.0,359,720
2.02,11.8,68.3,2.01,0.28,1.01,55.8,0.64,143.5,0,0.0,360,720
3.05,11.1,68.1,1.67,8.22,3.6,47.9,0.27,55.0,0,0.0,360,720
1.39,67.7,147.2,1.84,5.93,2.53,75.8,0.35,15.2,0,0.0,360,720
0.97,1.1,9.9,0.8,5.21,4.53,33.3,0.63,29.3,0,0.0,355,720
0.97,2.8,14.6,5.45,0.17,4.87,79.5,0.97,40.4,0,0.0,360,720
0.6,11.2,90.8,3.39,7.82,2.44,55.4,0.22,99.6,0,0.0,360,720
1.08,7.8,60.8,2.81,2.02,2.93,82.5,0.93,35.4,0,0.0,360,720
3.09,9.2,23.3,6.89,7.29,3.73,30.1,0.92,63.4,0,0.0,360,720
4.0,56.0,156.4,1.04,0.21,1.61,85.2,0.89,121.4,1,1.88,37,226
3.72,29.0,99.0,0.49,7.97,1.15,66.6,0.5,27.5,0,0.0,360,720
3.18,0.2,15.7,4.15,0.28,4.82,61.4,0.59,21.3,0,0.0,360,720
0.76,19.6,42.5,14.49,2.4,2.17,46.7,0.52,85.6,0,0.0,357,720
1.51,18.3,76.9,2.2,2.72,0.03,86.7,0.96,107.7,0,0.0,360,720
1.6,4.2,17.1,0.43,1.62,4.19,48.3,0.62,137.5,1,0.42,64,100
1.35,39.5,120.3,3.64,4.84,3.01,52.4,0.26,102.7,0,0.0,360,720
2.46,42.4,79.9,0.47,2.87,0.86,73.6,0.42,142.5,1,0.33,50,165
2.55,44.7,144.2,2.01,9.93,0.17,36.4,0.57,44.2,0,0.0,356,720
1.8,45.6,138.3,1.02,5.82,1.47,36.9,0.96,57.9,0,0.0,360,720
1.79,0.0,0.6,5.72,5.69,4.64,73.1,0.66,127.5,0,0.0,360,720
3.78,107.7,229.7,1.62,2.25,4.67,24.6,0.76,123.5,0,0.08,360,720
3.62,58.9,209.8,5.33,4.12,1.57,76.7,0.27,103.1,0,0.0,360,720
1.59,82.0,323.2,1.08,1.28,4.18,61.9,0.9,80.8,0,0.1,359,720
4.14,0.6,18.9,1.38,7.64,2.22,55.4,0.63,12.5,0,0.0,352,720
4.3,95.1,228.3,6.77,3.35,3.28,32.2,0.94,49.3,0,0.0,360,720
1.67,58.1,147.7,0.79,7.53,1.69,74.0,0.56,32.2,0,0.0,360,720
1.79,63.5,172.1,2.2,3.75,2.59,75.4,0.75,17.2,0,0.0,349,720
2.42,3.4,17.6,1.38,9.89,1.48,51.2,0.58,118.7,0,0.0,360,720
4.25,47.0,202.5,3.57,1.75,0.32,44.2,0.31,28.4,0,0.0,360,720
3.98,112.6,400.0,0.6,0.07,0.71,33.5,0.42,60.0,1,2.85,15,314
0.73,39.7,114.2,1.56,5.97,1.47,71.6,0.25,146.8,0,0.0,360,720
1.95,29.6,85.7,2.94,9.53,4.88,63.0,0.55,67.3,0,0.0,360,720
2.62,101.9,303.3,1.45,6.49,4.83,30.5,0.72,29.8,0,0.0,360,720
2.41,20.5,85.0,0.43,0.9,4.14,74.6,0.39,106.6,1,0.93,34,128
1.11,32.0,123.1,2.99,5.43,1.18,81.2,0.59,123.4,0,0.0,360,720
3.91,22.6,73.2,1.84,9.1,2.22,19.4,0.57,49.1,0,0.0,356,720
3.14,94.5,258.6,0.33,0.11,2.21,72.9,0.63,123.3,1,2.16,15,237
3.82,2.8,11.2,2.39,1.71,1.95,79.0,0.35,48.0,0,0.0,360,720
3.91,24.3,116.0,5.85,8.15,0.24,89.4,0.63,107.0,0,0.0,357,720
3.44,40.6,168.5,0.56,8.94,2.68,32.8,0.49,27.5,0,0.0,359,720
2.14,54.9,108.0,2.27,7.09,0.38,42.8,0.43,69.9,0,0.0,360,720
2.86,30.6,53.6,3.17,9.92,4.01,87.5,0.67,82.9,0,0.0,360,720
0.97,83.9,321.4,0.46,0.95,3.46,22.1,0.32,111.5,1,0.57,23,203
3.13,99.7,301.3,0.35,5.48,1.78,54.3,0.92,101.0,1,0.49,60,269
1.05,2.3,43.4,1.67,6.87,3.24,53.0,0.95,129.5,0,0.0,359,720
3.21,18.0,69.9,3.75,7.04,1.18,60.5,0.73,35.8,0,0.0,360,720
1.26,0.8,32.8,0.69,7.95,1.34,39.8,0.44,102.6,0,0.0,358,720
0.79,14.0,43.9,4.29,9.18,1.58,84.4,0.7,27.9,0,0.0,348,720
0.99,26.9,127.9,2.65,3.65,3.99,35.3,0.68,76.9,0,0.0,360,720
0.31,84.6,195.1,1.19,0.48,1.07,63.7,0.51,83.4,0,0.0,360,720
3.32,65.6,180.0,1.9,3.66,2.82,52.2,0.43,13.8,0,0.0,355,720
3.38,4.8,55.2,7.71,6.73,1.02,35.0,0.33,19.8,0,0.0,354,720
2.46,3.4,27.0,0.84,2.17,1.44,29.2,0.37,127.5,0,0.0,360,720
0.98,31.1,151.5,1.82,8.11,1.19,86.7,0.72,50.2,0,0.0,359,720
0.65,26.6,143.1,2.45,2.24,3.23,57.1,0.91,58.5,0,0.0,360,720
0.38,10.8,74.1,0.63,0.15,2.64,60.3,0.51,99.7,0,0.0,357,720
1.0,80.4,134.2,0.4,5.11,3.61,73.7,0.3,40.9,0,0.0,360,720
4.04,91.8,195.4,0.33,7.28,1.12,21.1,0.21,37.0,0,0.03,355,720
1.31,18.0,55.7,1.16,3.53,0.07,68.5,0.52,69.0,0,0.0,360,720
1.79,77.4,184.6,0.47,7.5,3.41,27.4,0.39,18.3,0,0.0,360,720
0.74,17.0,63.3,3.88,4.41,0.59,70.5,0.46,138.4,0,0.0,350,720
1.23,46.7,198.4,13.33,1.76,1.25,25.6,0.39,141.6,0,0.0,360,720
2.48,22.6,65.5,0.44,0.95,1.54,77.4,0.73,72.7,1,0.81,30,142
2.85,4.6,18.1,1.55,7.12,3.74,66.1,0.71,39.3,0,0.0,360,720
1.33,92.1,369.3,0.36,3.89,3.14,43.9,0.93,75.9,1,0.47,52,285
0.54,21.2,94.3,0.62,9.13,0.94,41.9,0.76,24.0,0,0.0,359,720
1.94,46.4,116.9,1.16,5.43,3.0,26.2,0.33,65.7,0,0.0,360,720
1.28,16.0,51.0,1.4,3.52,3.55,82.8,0.8,20.3,0,0.0,350,720
1.22,0.7,36.1,6.48,3.52,1.96,23.9,0.35,108.9,0,0.0,360,720
4.33,3.7,11.0,1.41,1.36,1.24,50.4,0.65,48.6,1,0.25,85,209
2.89,24.0,75.5,1.81,5.96,3.4,32.7,0.26,82.9,0,0.0,358,720
2.64,41.0,83.1,0.92,5.84,3.06,89.7,0.24,11.9,0,0.0,360,720
2.05,14.3,95.8,0.3,8.01,0.41,58.9,0.57,83.4,0,0.0,360,720
2.1,41.6,134.0,5.35,2.05,3.34,26.2,0.28,10.5,0,0.0,348,720
2.57,42.0,109.3,0.49,2.94,2.45,65.1,0.45,139.5,1,0.3,50,155
3.23,42.6,175.1,7.63,1.02,3.77,89.4,0.47,80.2,0,0.0,354,720
3.25,23.7,69.1,0.61,2.99,0.97,60.4,0.82,24.0,1,0.24,51,161
1.02,86.2,214.3,2.34,4.31,1.31,49.3,0.47,57.7,0,0.0,359,720
2.4,23.5,126.0,15.0,9.64,2.73,37.0,0.6,16.4,0,0.0,359,720
2.03,20.9,53.0,0.63,6.55,2.42,21.9,0.82,84.3,0,0.0,360,720
3.96,7.8,35.2,1.51,7.84,1.94,32.1,0.36,27.1,0,0.0,356,720
2.95,12.9,35.5,3.64,3.29,3.74,56.5,0.84,76.2,0,0.0,358,720
2.54,1.5,41.8,0.37,1.49,2.83,71.5,0.87,52.8,1,0.63,50,143
0.78,35.1,94.8,2.88,2.6,3.56,80.8,0.99,116.6,0,0.0,359,720
2.84,10.0,25.9,0.48,2.6,0.78,74.5,0.56,77.5,1,0.36,52,137
0.79,12.7,68.1,0.89,5.85,3.65,24.4,0.5,128.7,0,0.0,360,720
1.72,51.6,165.8,0.68,3.45,2.32,73.0,0.76,141.8,0,0.0,360,720
0.9,13.9,54.9,5.53,8.58,0.19,58.6,0.25,145.7,0,0.0,360,720
3.21,9.7,50.0,0.74,9.89,1.19,50.2,0.23,46.4,0,0.0,360,720
1.17,6.5,26.1,0.39,3.47,0.15,58.0,0.47,117.5,0,0.0,354,720
1.95,52.2,199.9,2.25,7.07,2.3,15.6,0.78,71.3,0,0.0,357,720
4.06,4.9,63.4,1.23,6.59,1.64,20.1,0.29,69.7,0,0.0,360,720
1.16,21.2,70.5,1.44,1.98,4.94,54.4,0.71,131.6,0,0.0,345,720
2.43,24.7,103.1,0.58,9.18,4.35,28.0,0.42,30.4,0,0.0,357,720
2.06,40.7,161.4,3.33,2.03,4.13,55.9,0.72,76.9,0,0.0,354,720
0.38,35.1,134.1,2.32,7.38,2.52,41.6,0.57,93.0,0,0.0,360,720
3.63,58.3,192.4,1.3,3.51,4.04,83.1,0.29,19.3,0,0.0,360,720
0.59,1.6,38.4,0.71,3.7,1.35,86.2,0.4,131.0,0,0.0,360,720
2.29,12.3,28.0,2.28,4.58,2.81,88.5,0.38,54.0,0,0.0,358,720
2.65,11.5,69.2,3.62,8.65,1.98,82.4,0.33,102.0,0,0.0,355,720
2.94,5.5,59.9,1.12,1.45,0.87,88.9,0.57,139.9,1,0.32,77,176
3.19,11.9,47.0,0.36,0.59,0.38,68.0,0.96,110.8,1,1.83,25,126
1.36,13.0,44.4,0.83,4.05,2.8,87.0,0.73,134.0,0,0.0,360,720
0.34,25.8,84.2,2.82,0.6,0.51,63.1,0.87,19.7,0,0.0,357,720
3.34,38.1,120.7,10.24,6.89,3.6,75.7,0.98,79.0,0,0.0,360,720
2.55,16.8,83.8,0.33,7.62,4.61,24.9,0.63,89.1,0,0.0,360,720
3.81,44.5,137.7,1.1,8.55,0.83,66.2,0.39,106.5,0,0.0,358,720
3.75,14.3,38.8,0.44,7.45,2.37,84.8,0.94,26.4,0,0.0,360,720
3.84,12.0,56.7,1.14,9.17,3.7,55.5,0.76,102.0,0,0.0,360,720
2.34,27.3,111.5,1.45,7.5,1.45,29.0,0.97,30.4,0,0.0,360,720
1.7,0.8,12.3,5.88,9.36,4.61,54.5,0.72,19.5,0,0.0,360,720
3.62,2.9,21.2,0.48,1.97,4.44,68.0,0.82,75.7,1,0.75,42,139
2.2,18.9,83.0,3.6,5.02,0.54,72.7,0.91,94.1,0,0.0,354,720
1.07,100.2,381.4,1.41,9.94,0.16,54.3,0.81,144.1,0,0.0,357,720
3.89,44.7,192.1,3.97,6.83,4.88,31.3,0.65,107.8,0,0.0,360,720
4.01,3.2,50.5,1.88,8.79,4.78,84.5,0.58,92.8,0,0.0,358,720
2.26,65.6,194.0,0.39,0.35,2.12,73.0,0.86,40.0,1,1.23,20,165
0.62,46.1,193.5,6.73,8.72,0.27,35.3,0.82,31.3,0,0.0,360,720
1.93,33.0,139.7,0.49,6.99,3.1,75.9,0.49,95.0,0,0.0,353,720
3.67,60.1,232.9,2.3,1.75,1.48,41.1,0.6,41.2,0,0.0,360,720
4.09,18.1,61.8,4.92,0.31,4.68,38.4,0.71,108.9,0,0.0,357,720
1.15,8.8,46.1,0.48,2.64,3.98,79.7,0.22,26.0,0,0.0,360,720
0.58,25.1,105.6,2.08,9.16,3.25,80.5,0.4,57.5,0,0.0,356,720
3.98,27.9,110.7,4.13,6.7,1.44,44.9,0.4,118.2,0,0.0,356,720
1.94,27.1,100.5,9.74,9.2,3.51,15.7,0.91,126.3,0,0.0,355,720
2.58,29.1,99.5,3.13,4.49,1.46,29.0,0.47,58.3,0,0.0,353,720
4.37,104.0,274.2,1.02,9.37,0.21,83.2,0.64,38.9,0,0.14,353,720
0.58,81.4,282.9,2.95,4.66,2.55,82.4,0.87,144.1,0,0.0,360,720
3.02,73.0,277.1,2.99,2.08,2.45,49.0,0.41,116.6,0,0.0,355,720
0.61,56.6,134.0,2.95,1.56,3.82,37.8,0.3,123.0,0,0.0,360,720
1.88,100.5,317.1,4.54,9.94,4.33,37.7,0.96,41.2,0,0.0,360,720
3.68,3.6,29.3,0.5,3.37,1.79,82.3,0.76,69.4,1,0.19,64,164
2.12,10.8,65.9,0.55,1.64,2.26,39.4,0.34,19.5,1,0.2,53,151
4.49,23.9,102.9,2.55,0.13,2.36,53.4,0.86,25.3,1,0.31,96,259
2.65,65.6,173.8,7.07,2.89,1.63,69.8,0.83,40.9,0,0.0,355,720
1.65,24.6,98.5,1.68,8.9,3.72,30.7,0.87,52.5,0,0.0,346,720
1.22,48.2,150.0,7.41,5.36,2.62,34.0,0.42,149.6,0,0.0,360,720
1.77,5.2,48.8,6.42,6.34,4.57,41.9,0.56,69.1,0,0.0,356,720
1.86,10.2,35.4,5.43,9.23,3.26,64.1,0.75,107.7,0,0.0,360,720
0.59,46.1,174.0,5.59,5.15,1.08,76.3,0.51,136.6,0,0.0,360,720
1.85,6.3,69.2,5.33,8.39,0.84,56.0,0.26,44.4,0,0.0,360,720
2.25,15.2,66.1,4.07,3.27,1.87,25.0,0.31,30.3,0,0.0,360,720
3.34,10.8,68.4,2.91,9.77,1.75,48.5,0.68,44.1,0,0.0,358,720
3.06,15.1,90.6,0.35,0.83,2.05,24.6,0.5,133.5,1,1.38,35,155
3.28,43.1,130.2,0.61,7.26,0.93,21.6,0.2,103.2,0,0.0,357,720
0.34,16.1,55.1,0.62,6.62,4.89,59.2,0.81,73.2,0,0.0,360,720
1.21,28.4,84.4,0.35,1.96,0.75,86.7,0.53,124.8,1,0.36,42,107
3.08,3.7,50.4,0.57,3.92,3.27,77.8,0.45,43.1,0,0.0,360,720
2.33,57.2,100.3,5.85,3.16,0.09,73.1,0.77,43.5,0,0.0,354,720
0.32,16.2,41.3,2.7,0.99,2.05,69.5,0.56,89.4,0,0.0,360,720
3.68,36.6,156.6,1.12,5.87,1.56,82.3,0.76,120.6,0,0.0,360,720
3.55,45.2,146.1,3.77,9.94,1.92,71.5,0.21,46.3,0,0.0,360,720
2.6,8.2,33.9,1.77,5.62,2.5,62.0,0.21,39.4,0,0.0,360,720
0.58,75.6,258.9,0.64,5.48,3.01,42.4,0.65,76.4,0,0.0,360,720
3.52,33.5,72.1,5.05,0.45,2.93,22.6,0.99,28.8,0,0.0,360,720
2.75,19.6,117.9,1.21,1.44,3.16,49.6,0.42,114.7,0,0.06,360,720
3.58,7.0,49.1,2.94,5.16,4.23,84.4,0.75,90.8,0,0.0,360,720
3.46,99.8,303.4,1.06,9.85,4.44,58.7,0.34,81.8,0,0.0,360,720
3.67,49.2,195.3,1.83,8.77,3.69,28.8,0.45,132.1,0,0.0,360,720
2.48,8.2,60.6,4.03,3.44,0.41,63.7,0.26,112.6,0,0.0,359,720
0.89,14.4,79.6,0.68,5.45,4.81,49.9,0.9,30.9,0,0.0,358,720
3.12,58.1,197.6,8.62,5.55,4.74,84.9,0.45,68.9,0,0.0,360,720
2.91,41.6,88.2,0.46,6.87,3.56,27.1,0.38,55.0,0,0.0,360,720
3.42,50.8,197.2,1.98,6.89,2.6,68.4,0.78,122.3,0,0.0,360,720
1.01,20.4,69.7,5.75,7.91,1.27,66.1,0.36,110.7,0,0.0,351,720
1.12,44.1,170.2,6.71,0.3,3.79,88.8,0.39,76.1,0,0.0,360,720
4.04,17.1,71.4,0.88,9.44,4.39,57.4,0.28,125.3,0,0.0,360,720
3.45,8.3,61.4,0.64,0.75,3.33,80.4,0.97,67.4,1,1.24,40,152
4.11,35.1,89.6,3.14,4.79,3.15,16.9,0.4,122.5,0,0.0,360,720
3.49,130.6,277.5,0.39,9.2,0.98,24.2,1.0,14.5,1,0.56,103,335
2.81,13.0,36.3,1.76,4.9,1.8,40.9,0.34,28.8,0,0.0,355,720
3.05,21.6,62.9,3.8,0.68,3.62,61.4,0.22,115.8,0,0.0,360,720
4.03,39.2,132.1,2.11,2.33,0.1,48.7,0.92,26.0,0,0.0,360,720
2.73,27.3,97.3,0.76,5.81,3.21,30.2,0.66,105.7,0,0.0,350,720
2.96,64.9,165.7,1.77,0.92,3.84,59.2,0.48,111.3,0,0.0,360,720
0.96,50.2,105.0,5.89,4.27,1.69,57.5,0.61,102.7,0,0.0,353,720
2.29,2.1,21.8,2.41,3.32,0.4,54.3,0.41,124.6,0,0.0,360,720
3.31,180.0,400.0,3.11,8.16,4.1,21.8,0.71,81.6,0,0.0,360,720
1.44,48.9,159.2,1.2,1.15,0.73,84.5,0.69,135.6,0,0.0,360,720
1.15,69.8,245.2,0.76,6.84,1.87,59.4,0.26,89.7,0,0.0,358,720
1.62,36.9,116.5,0.95,4.1,3.54,34.8,0.93,81.1,0,0.0,358,720
1.31,67.9,226.9,1.98,5.9,4.09,66.6,0.57,81.3,0,0.0,350,720
1.2,4.2,16.0,1.02,2.1,4.31,38.8,0.36,137.7,0,0.0,360,720
2.08,15.0,73.3,2.02,6.12,2.66,52.9,0.45,44.1,0,0.0,352,720
4.11,73.2,265.1,3.01,6.76,2.39,40.6,0.89,107.3,0,0.0,353,720
2.43,7.9,39.1,3.22,0.75,4.24,81.0,0.51,44.0,0,0.0,358,720
1.09,2.9,19.6,0.7,8.25,2.82,89.5,0.65,22.9,0,0.0,354,720
0.62,54.3,184.5,3.35,8.62,2.9,27.1,0.96,143.5,0,0.0,355,720
3.22,63.2,218.4,2.76,0.68,2.18,16.8,0.72,28.2,0,0.0,360,720
1.91,6.2,42.9,0.33,6.05,1.88,31.4,0.74,106.1,0,0.0,360,720
3.75,67.4,166.1,0.43,5.96,2.41,59.2,0.4,69.4,0,0.0,360,720
3.07,40.6,134.5,2.59,0.17,1.84,28.0,0.73,127.2,0,0.0,360,720
3.64,25.7,118.9,1.36,3.46,1.73,75.9,0.52,118.2,0,0.0,360,720
1.44,62.1,116.7,0.65,9.69,4.97,45.7,0.93,30.1,0,0.0,360,720
3.21,19.0,51.7,0.4,5.58,1.69,60.8,0.3,75.5,0,0.0,357,720
1.41,7.5,27.3,0.68,9.34,1.3,49.2,0.43,13.9,0,0.0,356,720
4.24,11.7,63.1,7.25,6.77,1.78,82.7,0.25,70.1,0,0.0,360,720
2.97,24.6,54.4,3.16,0.33,2.96,17.6,0.5,108.0,0,0.0,354,720
1.66,26.5,119.8,1.95,0.82,4.56,69.7,0.32,42.5,0,0.0,360,720
1.43,57.3,184.2,6.55,7.24,3.94,63.9,0.88,123.4,0,0.0,358,720
1.1,54.8,116.5,2.42,5.57,4.21,63.7,0.94,17.4,0,0.0,356,720
3.22,30.5,88.6,3.15,1.32,4.3,46.0,0.74,14.8,0,0.0,356,720
1.22,53.1,128.9,1.03,6.16,4.6,16.2,0.28,13.8,0,0.0,360,720
2.8,7.5,63.9,2.26,8.11,1.19,66.7,0.47,49.2,0,0.0,356,720
1.41,1.8,8.9,0.64,7.54,2.3,77.2,0.97,75.4,0,0.0,359,720
3.08,72.4,193.7,1.44,2.5,1.94,21.4,0.31,25.0,0,0.0,358,720
3.72,2.7,32.2,0.37,2.62,1.92,48.1,0.65,149.5,1,0.67,51,169
3.57,9.9,61.8,0.84,9.68,3.27,27.2,0.48,149.9,0,0.0,360,720
3.5,41.6,153.5,0.47,8.88,2.02,60.8,1.0,82.8,0,0.0,360,720
1.09,18.4,95.5,1.38,3.22,3.09,73.9,0.43,89.5,0,0.0,358,720
0.67,73.2,281.7,4.37,8.25,1.92,65.0,0.24,139.8,0,0.0,360,720
3.24,12.4,70.4,1.34,1.66,1.57,38.9,0.76,117.8,0,0.0,355,720
1.85,0.4,9.9,4.22,2.01,1.78,25.5,0.46,33.5,0,0.0,360,720
2.12,12.5,65.6,2.65,1.85,4.02,74.6,0.73,120.9,0,0.0,351,720
0.43,30.2,50.4,1.87,0.92,3.01,39.3,0.28,42.3,0,0.0,360,720
1.39,16.5,85.0,0.89,8.55,4.87,16.7,0.62,70.2,0,0.0,360,720
0.44,26.8,125.8,5.92,5.81,4.17,57.9,0.5,84.6,0,0.0,360,720
3.99,73.2,239.7,0.42,2.63,2.44,33.5,0.63,110.4,1,0.96,37,239
1.32,85.3,215.5,2.87,8.49,1.23,78.1,0.88,31.0,0,0.0,360,720
2.64,10.8,22.7,2.44,8.04,3.38,25.7,0.98,20.7,0,0.0,356,720
0.46,21.7,81.9,1.58,1.05,3.64,47.6,0.8,131.3,0,0.0,360,720
3.1,27.9,110.3,0.9,6.46,2.33,34.0,0.81,125.8,0,0.0,360,720
1.66,104.2,229.4,1.54,7.23,1.17,66.7,0.62,83.3,0,0.0,360,720
4.07,180.0,400.0,4.84,7.17,2.8,56.1,0.28,102.7,0,0.0,360,720
4.03,9.4,62.0,4.29,7.25,1.28,74.3,0.73,110.7,0,0.0,355,720
1.67,45.4,194.6,6.54,1.74,4.7,49.4,0.32,76.7,0,0.0,360,720
4.08,16.6,101.8,1.11,3.19,3.15,15.4,0.4,46.0,0,0.0,354,720
4.48,0.3,8.3,1.38,8.45,1.47,31.1,0.77,77.4,0,0.0,360,720
3.77,0.3,32.3,0.34,8.99,1.09,89.9,0.73,143.1,0,0.0,356,720
3.85,21.6,73.0,6.6,2.83,3.59,45.4,0.45,127.3,0,0.0,358,720
1.35,23.5,106.1,1.18,0.28,3.54,61.5,0.82,75.2,0,0.0,360,720
2.72,0.8,38.6,1.44,8.6,2.99,82.9,0.95,41.6,0,0.0,360,720
0.58,40.6,145.8,5.54,3.8,3.08,16.5,0.64,134.5,0,0.0,360,720
0.7,12.2,59.1,1.95,3.33,3.03,64.5,0.74,99.4,0,0.0,360,720
4.5,28.7,103.6,2.14,3.5,1.81,36.6,0.42,66.7,0,0.0,360,720
1.67,12.5,50.9,0.73,4.19,4.69,35.9,0.98,25.6,0,0.0,360,720
3.44,6.4,37.9,1.82,3.81,2.41,31.9,0.42,115.2,0,0.0,351,720
3.69,18.3,86.6,5.81,5.69,0.12,76.7,0.91,54.4,0,0.0,360,720
3.9,9.3,72.3,2.1,0.84,1.75,43.0,0.94,94.9,0,0.0,359,720
4.49,26.8,94.4,0.95,9.72,0.67,20.0,0.78,89.7,0,0.0,358,720
1.31,7.8,64.0,0.37,9.37,1.83,22.3,0.85,107.9,0,0.0,360,720
0.47,24.9,72.3,1.2,9.35,3.05,26.1,0.57,85.3,0,0.0,346,720
2.03,6.0,64.3,2.17,8.8,0.13,82.4,0.94,98.3,0,0.0,360,720
0.85,38.9,124.4,0.4,6.62,4.35,47.1,0.79,21.4,0,0.0,349,720
0.39,49.1,209.9,2.37,2.25,3.06,83.7,0.46,103.1,0,0.0,360,720
1.81,4.1,45.9,1.93,0.54,1.49,76.3,0.23,37.2,0,0.0,357,720
3.59,22.1,69.2,3.67,1.04,1.57,77.8,0.63,64.9,0,0.0,345,720
2.68,2.6,26.4,0.36,3.27,2.34,36.5,0.87,81.8,1,0.24,64,155
1.61,31.9,60.0,3.64,5.06,1.26,35.3,0.89,106.2,0,0.0,354,720
3.05,10.7,75.9,1.92,9.93,0.04,57.0,0.87,113.9,0,0.0,360,720
1.27,26.2,74.6,1.32,4.38,0.15,46.3,0.37,108.7,0,0.0,355,720
0.36,25.5,86.3,7.7,5.27,1.8,53.2,0.54,23.3,0,0.0,358,720
3.51,90.4,242.0,0.68,6.97,0.64,19.0,0.69,64.2,1,0.31,75,299
2.92,27.9,95.9,2.01,1.85,0.13,87.9,0.73,49.3,0,0.0,360,720
3.5,30.6,85.4,1.15,9.33,4.3,19.4,0.47,65.8,0,0.0,357,720
0.46,18.0,86.7,1.95,5.31,1.39,28.4,0.75,100.6,0,0.0,358,720
3.82,104.2,388.4,2.07,2.8,2.53,65.9,0.67,37.0,0,0.0,360,720
2.9,52.5,186.1,0.51,9.35,0.91,26.7,0.65,80.3,0,0.0,352,720
2.67,11.8,49.1,2.68,6.27,0.25,23.0,0.73,133.9,0,0.0,360,720
2.92,65.1,118.5,2.51,4.86,3.73,26.5,0.68,112.4,0,0.0,357,720
3.93,19.8,97.1,3.53,5.82,0.64,19.6,0.33,111.6,0,0.0,360,720
2.77,61.7,153.7,0.51,7.5,0.15,33.8,0.9,128.8,0,0.15,358,720
2.74,60.6,222.6,1.08,1.59,2.94,35.3,0.39,65.9,0,0.15,358,720
4.46,7.3,71.5,2.61,8.66,0.09,52.4,0.8,116.3,0,0.0,353,720
3.48,42.3,145.5,0.62,9.6,2.19,47.9,0.34,18.2,0,0.0,352,720
2.16,12.0,56.0,2.79,5.69,1.46,50.5,0.73,17.9,0,0.0,360,720
3.27,12.4,47.5,0.43,6.84,1.61,61.2,0.92,56.5,0,0.0,360,720
1.93,12.3,33.5,1.2,8.61,0.04,32.3,0.21,37.6,0,0.0,357,720
1.26,45.3,178.1,4.43,3.78,4.82,25.1,0.98,82.6,0,0.0,360,720
2.81,9.1,54.7,3.57,9.93,2.59,80.9,0.22,35.6,0,0.0,360,720
4.2,0.0,15.6,2.58,6.82,2.87,62.5,0.21,146.6,0,0.0,360,720
4.2,44.0,77.8,4.8,4.27,3.34,19.5,0.89,129.2,0,0.0,360,720
1.74,6.6,46.7,3.02,6.79,3.99,87.1,0.77,147.6,0,0.0,360,720
2.52,3.9,10.6,1.91,5.24,3.05,67.0,0.28,123.1,0,0.0,357,720
1.19,9.5,60.5,8.88,1.16,3.82,26.4,0.95,143.2,0,0.0,360,720
4.48,16.7,74.0,2.91,7.97,2.25,87.7,0.74,61.5,0,0.0,360,720
4.42,22.6,82.5,2.32,5.67,1.87,42.4,0.29,79.7,0,0.0,357,720
3.03,1.6,18.7,1.46,7.97,4.12,88.8,0.89,43.6,0,0.0,360,720
3.68,123.4,363.1,5.42,1.59,4.33,22.7,0.58,99.0,0,0.0,360,720
3.3,44.1,102.2,1.07,5.41,0.71,27.0,0.42,120.4,0,0.0,357,720
2.79,13.7,77.8,0.32,7.68,2.72,64.3,0.86,79.8,0,0.0,360,720
0.52,13.4,50.1,0.78,9.88,3.42,16.7,0.79,51.5,0,0.0,360,720
2.21,20.8,102.4,0.56,8.85,0.44,16.4,0.7,81.1,0,0.0,360,720
3.13,34.4,107.0,1.15,8.65,4.65,74.4,0.92,18.8,0,0.0,360,720
3.15,5.5,26.1,4.15,2.51,2.61,27.6,0.89,111.0,0,0.0,360,720
1.87,7.3,61.0,2.62,8.39,3.23,83.9,0.38,73.2,0,0.0,360,720
4.26,68.7,167.8,0.71,1.73,0.91,46.9,0.9,135.8,1,1.54,35,226
1.0,10.4,28.5,3.72,2.02,1.34,80.5,0.5,139.3,0,0.0,353,720
2.4,16.7,65.2,1.84,1.15,0.62,46.3,0.55,27.6,0,0.0,360,720
3.2,71.8,143.0,1.88,8.58,1.33,54.8,0.98,149.5,0,0.0,360,720
3.23,38.1,149.8,1.29,1.13,2.47,38.7,0.81,145.8,1,0.56,58,212
3.02,14.6,77.7,4.7,1.42,4.17,64.4,0.46,97.8,0,0.0,355,720
1.46,40.3,112.2,1.14,2.5,2.68,38.9,0.72,125.6,0,0.0,355,720
0.96,0.7,35.3,0.52,5.75,1.24,31.7,0.63,12.6,0,0.0,360,720
2.97,46.6,147.7,1.09,8.81,0.24,21.1,0.29,145.9,0,0.0,360,720
2.82,23.4,79.6,3.06,4.21,3.12,19.3,0.91,73.9,0,0.0,353,720
1.05,58.7,213.0,2.66,5.49,2.11,37.9,0.86,137.4,0,0.0,353,720
3.26,108.3,367.0,0.76,1.71,4.92,70.2,0.82,63.9,1,0.94,35,295
2.21,91.0,325.5,0.56,2.7,3.9,30.4,0.65,120.3,1,0.53,38,269
3.1,84.0,266.0,2.68,1.38,4.05,37.4,0.38,68.5,0,0.0,359,720
3.82,25.1,116.9,2.78,4.13,0.08,82.9,0.91,60.8,0,0.0,360,720
1.01,15.6,74.9,1.3,5.92,3.89,62.9,0.48,142.5,0,0.0,360,720
0.38,21.9,36.8,4.37,2.88,0.99,84.0,0.22,107.9,0,0.0,351,720
3.57,41.0,137.9,8.72,8.47,2.94,83.3,0.99,127.6,0,0.0,355,720
2.86,75.4,251.9,0.81,9.81,2.25,19.8,0.89,86.1,0,0.0,360,720
3.24,8.1,61.7,2.19,1.25,2.87,86.6,0.7,138.6,0,0.0,360,720
3.82,87.6,261.5,0.31,0.23,0.68,18.8,0.21,113.6,1,2.85,15,241
3.67,59.1,125.2,3.05,7.91,2.3,84.4,0.38,20.1,0,0.0,360,720
4.34,135.0,400.0,1.48,1.95,0.2,56.0,0.56,117.4,1,1.2,44,368
2.55,74.3,217.6,0.77,3.56,0.22,55.0,0.7,12.6,0,0.0,360,720
2.35,11.5,43.5,3.37,3.97,3.3,68.5,0.77,126.1,0,0.0,360,720
1.99,3.9,21.2,3.96,9.17,4.76,80.9,0.83,56.5,0,0.0,359,720
0.95,4.2,34.5,0.56,6.61,3.89,61.3,0.64,93.8,0,0.0,353,720
2.7,12.0,33.8,0.39,0.45,2.36,46.9,0.72,114.9,1,1.38,23,129
1.46,33.3,101.4,1.19,0.2,0.3,23.4,0.85,99.2,0,0.03,347,720
4.17,57.1,216.4,2.46,2.04,0.24,74.2,0.78,104.1,0,0.0,360,720
2.75,80.3,298.7,3.77,3.22,0.81,24.6,0.96,135.0,0,0.0,360,720
2.79,34.2,162.3,2.04,4.87,4.88,69.5,0.9,62.4,0,0.0,360,720
1.79,0.2,31.6,2.21,8.39,2.01,54.6,0.34,86.6,0,0.0,357,720
0.52,7.2,14.7,3.84,3.18,4.22,43.9,0.96,34.5,0,0.0,360,720
0.43,3.7,45.5,1.96,3.8,3.53,61.0,0.36,75.5,0,0.0,360,720
2.08,15.8,54.2,2.38,3.33,3.04,72.9,0.99,31.0,0,0.0,357,720
0.66,24.4,97.9,1.9,0.14,4.74,85.6,0.76,98.7,0,0.0,360,720
2.85,1.6,42.0,4.97,9.55,1.17,34.9,0.7,55.4,0,0.0,360,720
4.0,15.0,77.8,0.89,1.43,2.29,86.0,0.46,130.3,1,0.85,49,202
4.01,6.9,64.4,0.97,2.91,4.33,87.1,0.31,58.1,0,0.0,360,720
3.07,36.5,124.3,0.6,1.34,2.77,76.0,0.3,50.2,1,0.81,32,167
1.19,21.8,108.1,4.07,4.93,1.25,81.1,0.89,78.8,0,0.0,353,720
3.92,23.9,71.4,1.47,9.33,1.06,66.9,0.55,34.5,0,0.0,358,720
4.02,19.5,76.7,1.24,1.05,3.77,17.9,0.65,38.5,1,0.61,59,193
1.13,109.3,187.6,9.06,4.44,0.08,58.1,0.95,119.6,0,0.0,352,720
3.4,8.5,74.6,6.05,0.27,4.57,71.0,0.4,79.6,0,0.0,360,720
1.5,25.4,110.0,8.17,7.72,0.11,85.6,0.81,38.9,0,0.0,356,720
3.67,46.6,150.2,0.64,6.43,3.16,57.8,0.58,14.4,0,0.0,353,720
4.49,28.5,107.9,5.18,7.01,3.03,74.6,0.37,75.3,0,0.0,360,720
0.43,92.6,338.9,1.18,4.75,2.9,67.9,0.88,114.0,0,0.0,358,720
4.07,16.6,91.9,0.33,9.08,2.38,36.1,0.74,59.2,0,0.0,360,720
2.92,21.8,88.2,1.39,4.13,4.27,26.6,0.28,44.7,0,0.0,360,720
4.39,3.2,54.8,1.87,5.17,3.3,71.3,0.63,65.5,0,0.0,359,720
2.25,32.9,112.5,0.55,6.97,3.91,32.5,0.88,144.3,0,0.0,360,720
3.86,11.9,64.3,2.0,5.23,0.6,33.4,0.25,69.2,0,0.0,360,720
0.56,6.1,30.1,4.07,1.93,0.27,63.3,0.53,46.3,0,0.0,360,720
1.71,27.5,62.7,1.34,3.2,0.16,74.2,0.84,89.7,0,0.0,360,720
0.58,26.6,129.0,1.26,0.97,0.75,58.7,0.89,123.5,0,0.0,360,720
4.4,2.8,18.4,1.21,4.35,3.34,81.4,0.82,13.1,0,0.0,355,720
3.73,41.9,151.4,5.94,6.11,2.48,30.9,0.44,88.1,0,0.0,360,720
3.88,34.2,117.9,0.41,1.23,3.77,33.9,0.61,127.1,1,1.44,27,165
4.24,7.3,36.6,1.6,6.32,0.97,62.8,0.79,40.2,0,0.0,360,720
0.66,22.2,46.1,0.98,8.93,1.85,77.2,0.32,139.0,0,0.0,351,720
1.92,44.6,112.3,5.23,3.41,4.44,55.5,0.68,90.9,0,0.0,360,720
0.6,26.4,73.9,0.52,2.26,4.68,15.8,0.78,82.3,0,0.0,360,720
1.19,17.6,94.3,1.47,8.94,4.61,65.8,0.88,144.9,0,0.0,354,720
1.26,13.6,22.2,1.45,6.93,4.1,76.0,0.29,28.2,0,0.0,355,720
2.27,33.0,173.4,5.12,1.1,3.45,35.7,0.46,113.6,0,0.0,356,720
1.43,98.0,238.8,0.83,4.11,4.57,19.1,0.63,124.6,0,0.0,359,720
0.72,39.0,140.1,2.58,6.76,3.58,53.8,0.76,78.4,0,0.0,360,720
1.0,2.7,36.3,0.62,5.77,4.77,18.2,0.78,10.9,0,0.0,359,720
0.92,21.6,42.9,7.07,6.2,0.14,46.2,0.4,83.4,0,0.0,360,720
4.39,77.5,288.6,2.28,5.69,4.61,16.3,0.21,31.5,0,0.0,360,720
3.49,3.5,53.4,2.47,7.99,2.79,31.9,0.76,88.8,0,0.0,360,720
4.36,157.5,400.0,1.55,3.24,0.58,44.2,0.93,113.4,1,0.72,60,375
2.15,104.2,319.6,1.22,7.1,1.09,23.4,0.84,84.4,0,0.0,360,720
1.47,2.9,24.6,0.83,9.91,4.26,23.6,0.7,98.3,0,0.0,360,720
3.65,94.8,293.2,2.34,3.93,2.54,77.0,0.98,24.6,0,0.0,359,720
1.67,15.8,65.6,7.1,7.92,4.91,18.1,0.55,23.6,0,0.0,357,720
1.56,65.2,157.7,1.28,2.5,0.61,66.7,0.62,129.1,0,0.0,360,720
1.28,19.0,45.5,5.02,2.85,2.07,76.1,0.21,16.9,0,0.0,360,720
0.84,20.3,116.1,0.65,9.35,1.67,24.8,0.96,49.8,0,0.0,360,720
1.38,35.2,103.0,6.35,0.31,2.59,29.7,0.67,141.3,0,0.0,360,720
1.79,52.1,158.5,1.25,2.21,3.17,63.1,0.51,74.2,0,0.0,358,720
3.13,1.2,26.5,1.35,4.86,3.31,38.7,0.24,104.4,0,0.0,359,720
0.56,31.5,131.3,1.67,4.05,0.03,50.7,0.49,41.0,0,0.0,359,720
1.18,7.2,54.1,3.09,6.31,0.46,77.7,0.2,47.9,0,0.0,357,720
3.7,14.9,57.0,3.1,1.97,0.19,25.3,0.46,81.3,0,0.0,360,720
0.92,15.0,67.1,1.74,0.75,4.33,61.5,0.96,99.3,0,0.0,351,720
1.74,22.2,77.2,1.93,3.72,1.58,85.7,0.32,144.5,0,0.0,360,720
3.93,14.2,91.3,0.37,5.27,1.85,19.3,0.64,90.4,0,0.01,360,720
0.95,4.0,54.4,1.1,5.64,2.26,19.5,0.35,23.4,0,0.0,360,720
0.65,5.5,51.8,1.23,6.03,4.25,56.6,0.83,61.4,0,0.0,360,720
2.34,1.2,43.3,2.1,5.51,0.09,87.0,0.65,44.2,0,0.0,360,720
1.57,22.2,61.7,2.1,2.5,0.61,31.5,0.36,45.6,0,0.0,356,720
2.67,108.1,397.0,3.02,7.66,3.43,39.8,0.89,80.8,0,0.0,360,720
3.68,4.3,39.3,3.08,0.92,4.82,22.4,0.83,54.3,0,0.0,360,720
0.88,102.3,243.5,0.89,2.02,3.22,42.2,0.96,50.5,0,0.0,351,720
2.74,46.3,108.7,3.54,7.41,1.32,18.3,0.2,145.5,0,0.0,353,720
2.42,35.5,71.3,0.34,2.83,2.61,44.2,0.57,91.8,1,0.28,48,126
0.91,36.3,105.5,3.07,4.96,4.88,56.7,1.0,46.6,0,0.0,359,720
2.92,61.4,219.6,0.54,3.31,2.65,88.1,0.85,48.6,1,0.32,49,229
1.45,4.0,20.4,3.18,5.09,1.88,76.4,0.87,123.5,0,0.0,358,720
2.35,24.6,103.7,1.95,3.5,1.93,76.7,0.7,134.1,0,0.0,354,720
0.65,41.8,193.8,1.56,9.94,4.84,32.1,0.77,105.1,0,0.0,358,720
2.23,30.9,130.0,2.88,3.61,3.6,21.5,0.84,70.4,0,0.0,353,720
1.59,62.6,207.2,0.38,6.29,3.44,60.2,0.27,117.0,0,0.01,360,720
3.75,2.6,14.0,0.86,8.89,1.18,54.1,0.75,141.2,0,0.0,360,720
0.54,41.1,158.2,2.41,6.4,2.81,53.7,0.85,33.3,0,0.0,360,720
2.06,26.7,59.0,4.43,5.68,1.8,23.2,0.23,130.6,0,0.0,360,720
2.23,16.7,42.2,1.36,5.71,1.22,52.0,0.44,128.8,0,0.0,360,720
3.35,14.6,60.5,0.96,4.99,4.48,26.3,0.46,61.3,0,0.0,355,720
2.71,33.9,121.5,1.91,8.09,1.93,46.7,0.88,50.9,0,0.0,351,720
3.1,77.6,184.4,2.44,0.55,1.43,19.7,0.82,89.1,0,0.0,360,720
3.56,24.0,68.2,1.5,8.86,4.66,79.3,0.73,48.1,0,0.0,351,720
3.92,60.9,198.1,4.91,5.88,1.0,16.0,0.84,30.4,0,0.0,358,720
1.62,18.0,71.9,1.93,8.5,3.73,85.4,0.56,143.4,0,0.0,360,720
2.56,3.8,11.6,0.38,0.15,3.27,79.7,0.9,78.8,1,1.45,37,103
3.83,2.2,40.4,0.86,8.7,4.6,71.4,0.39,76.1,0,0.0,352,720
4.46,1.8,6.3,1.62,1.25,4.16,88.7,0.76,27.7,1,0.19,79,210
4.04,16.7,80.5,2.93,7.23,3.53,19.0,0.39,80.6,0,0.0,360,720
1.86,14.4,71.1,0.85,4.19,1.59,63.1,0.23,114.0,0,0.0,360,720
1.12,44.3,137.2,8.53,6.83,2.49,78.7,0.43,44.7,0,0.0,360,720
2.36,47.5,165.0,1.14,6.3,4.72,24.5,0.59,61.6,0,0.0,360,720
3.41,1.8,34.7,1.97,1.68,0.14,58.9,0.87,35.0,0,0.0,360,720
2.37,8.7,32.8,0.34,5.17,3.98,44.5,0.61,59.7,0,0.0,359,720
2.33,11.2,87.6,5.06,2.81,1.27,47.7,0.34,130.6,0,0.0,360,720
3.82,27.8,98.4,3.72,5.63,0.94,83.4,0.99,43.2,0,0.0,360,720
1.82,5.5,20.0,0.78,7.39,1.18,55.4,0.42,14.1,0,0.0,360,720
3.91,5.0,42.1,6.25,0.86,0.32,22.0,0.99,85.1,0,0.0,358,720
2.01,100.8,183.5,1.14,5.18,4.96,85.3,0.95,91.1,0,0.0,360,720
1.68,57.1,124.4,2.89,6.2,4.35,28.9,0.63,56.0,0,0.0,352,720
2.21,7.0,45.3,4.06,2.99,2.61,81.9,0.27,99.8,0,0.0,360,720
3.5,18.3,76.5,3.27,9.53,3.58,87.8,0.76,15.3,0,0.0,355,720
0.83,15.4,56.2,5.79,5.23,2.79,80.8,0.88,57.7,0,0.0,356,720
1.12,54.8,95.4,4.69,1.87,4.06,65.8,0.56,30.2,0,0.0,348,720
4.3,25.0,105.4,11.79,1.12,4.23,70.8,0.39,42.2,0,0.0,356,720
1.04,4.8,16.7,0.74,5.44,1.18,67.5,0.84,63.6,0,0.0,355,720
2.68,47.0,177.6,1.1,3.78,2.31,49.5,0.64,79.1,0,0.0,360,720
2.73,17.7,81.1,2.52,1.97,3.18,35.6,0.36,23.0,0,0.0,354,720
2.36,10.7,51.6,3.21,0.36,4.89,36.4,0.96,24.2,0,0.0,358,720
3.01,16.5,80.5,1.98,5.69,3.42,69.8,0.96,104.4,0,0.0,357,720
1.27,24.1,85.9,0.47,6.01,4.49,62.0,0.49,66.6,0,0.0,351,720
2.62,14.7,99.6,4.35,1.46,4.23,58.9,0.25,34.7,0,0.0,360,720
1.86,9.7,80.0,7.43,6.04,2.92,63.9,0.7,42.9,0,0.0,359,720
3.08,17.8,73.6,1.44,9.52,4.47,73.1,0.45,110.8,0,0.0,360,720
0.89,0.7,49.4,0.86,9.78,1.9,71.1,0.25,17.2,0,0.0,360,720
2.7,51.8,236.3,0.34,8.89,1.91,22.9,0.91,81.2,0,0.15,360,720
1.08,6.6,55.2,0.9,8.08,3.91,42.2,1.0,60.4,0,0.0,358,720
1.47,1.6,9.0,2.95,2.13,0.69,34.8,0.48,123.6,0,0.0,360,720
1.22,37.1,80.7,5.64,1.61,1.54,55.4,0.8,120.6,0,0.0,358,720
1.07,52.0,145.1,0.52,4.48,3.05,19.6,0.25,106.5,0,0.0,357,720
3.77,58.8,218.8,2.07,6.22,2.11,72.2,0.5,63.9,0,0.0,360,720
1.5,23.8,114.0,2.92,8.51,4.7,23.0,0.29,98.4,0,0.0,356,720
4.19,8.0,40.3,1.01,2.36,4.79,35.4,0.24,99.6,1,0.24,73,205
4.37,46.8,149.5,2.16,4.82,2.52,73.7,0.67,56.5,0,0.0,360,720
2.7,42.1,152.7,3.06,6.49,2.7,18.9,0.84,133.2,0,0.0,360,720
0.9,9.9,77.4,4.3,4.48,3.63,64.5,0.56,147.9,0,0.0,360,720
1.87,81.8,177.9,1.63,4.57,2.3,84.3,0.62,54.0,0,0.0,360,720
3.65,3.9,52.0,3.33,2.29,0.97,61.3,0.42,122.2,0,0.0,352,720
1.84,142.0,400.0,1.09,9.87,3.74,68.4,0.79,80.1,0,0.0,360,720
0.67,68.9,168.0,0.83,4.78,3.69,74.4,0.49,74.9,0,0.0,360,720
2.64,40.8,130.1,0.76,5.35,1.24,31.7,0.25,64.1,0,0.0,357,720
3.85,97.7,306.9,1.28,2.22,4.17,58.6,0.33,50.9,0,0.0,360,720
3.64,44.8,171.2,0.38,5.17,3.08,38.2,0.3,138.7,1,0.17,58,235
1.04,7.4,42.3,1.03,2.59,1.2,33.7,0.55,113.7,0,0.0,358,720
3.13,20.4,55.5,2.62,2.06,3.27,29.4,0.25,71.7,0,0.0,356,720
1.23,2.6,18.6,2.6,2.79,1.18,58.9,0.85,115.2,0,0.0,360,720
1.22,17.3,100.3,0.47,0.08,1.34,74.6,0.93,110.6,1,0.61,52,124
3.97,47.4,179.2,1.05,5.72,4.24,80.7,0.4,47.4,0,0.0,358,720
1.35,17.1,75.5,2.15,3.91,4.65,47.1,0.59,34.7,0,0.0,354,720
1.41,14.0,40.9,1.14,8.99,1.3,43.0,0.62,127.1,0,0.0,355,720
0.3,31.7,133.3,1.49,0.46,4.64,66.5,0.99,123.6,0,0.0,360,720
3.96,72.0,296.5,3.04,0.48,1.21,73.5,0.25,149.6,0,0.0,360,720
3.63,1.7,32.2,0.32,8.86,0.6,34.0,0.73,12.7,0,0.13,358,720
2.93,17.0,75.4,1.01,1.31,0.31,37.3,0.48,85.7,1,0.52,62,180
3.45,6.0,57.2,0.64,0.07,1.23,55.0,0.6,108.2,1,1.92,43,152
0.94,41.6,143.4,0.6,1.83,1.94,48.3,0.37,91.6,0,0.0,357,720
2.22,3.9,51.4,7.33,8.25,4.64,67.9,0.33,109.5,0,0.0,356,720
1.78,38.3,122.3,1.34,8.04,1.23,52.8,0.39,29.2,0,0.0,360,720
0.69,11.8,42.3,1.95,3.43,1.84,23.4,0.26,10.2,0,0.0,359,720
2.34,7.8,15.5,3.21,6.7,3.68,27.4,0.42,23.0,0,0.0,360,720
4.17,96.4,270.4,0.41,5.1,1.52,82.6,0.75,63.2,1,0.38,56,304
0.47,0.7,9.0,0.91,9.05,3.43,32.1,0.72,56.1,0,0.0,360,720
1.52,20.2,112.9,4.23,0.61,2.17,18.8,0.64,132.4,0,0.0,360,720
1.17,0.8,14.5,4.66,8.14,1.0,69.9,0.2,21.7,0,0.0,354,720
1.3,23.1,107.7,1.33,1.75,3.68,66.3,0.3,72.0,0,0.0,357,720
4.12,24.3,90.4,1.33,3.95,0.15,60.0,0.87,144.1,0,0.0,355,720
2.27,13.6,60.3,3.41,1.96,1.48,52.7,0.42,80.4,0,0.0,357,720
2.26,5.0,35.6,1.07,7.04,1.79,87.7,0.93,28.5,0,0.0,360,720
3.49,16.5,45.2,0.57,6.8,2.3,24.0,0.9,50.8,0,0.0,360,720
0.95,39.0,192.1,0.96,5.5,3.41,53.3,0.32,97.8,0,0.0,360,720
2.35,53.4,221.8,1.38,7.0,2.31,57.3,0.92,11.7,0,0.0,360,720
2.11,26.5,91.0,0.42,6.41,2.98,16.7,0.7,145.5,0,0.0,360,720
2.81,31.2,108.2,1.73,7.78,2.99,45.9,0.7,89.4,0,0.0,360,720
4.5,7.8,50.4,3.26,2.43,1.88,73.7,0.88,108.6,0,0.0,360,720
3.53,11.9,22.6,1.89,4.32,4.67,50.3,0.52,79.9,0,0.0,360,720
1.97,6.2,46.2,0.46,1.56,4.78,80.6,0.79,144.1,1,0.51,59,138
3.78,10.0,65.3,1.58,4.32,2.92,63.4,0.73,92.5,0,0.0,360,720
1.02,8.9,29.2,3.02,7.03,0.38,72.5,0.82,102.7,0,0.0,360,720
0.43,25.6,119.4,0.43,6.93,2.47,75.3,0.73,130.5,0,0.0,358,720
1.16,28.9,64.5,0.44,7.11,0.94,66.7,0.26,130.6,0,0.0,360,720
1.73,101.5,269.0,1.32,3.12,2.43,71.2,0.43,13.9,0,0.0,360,720
2.44,7.6,29.1,0.78,6.64,0.96,67.1,0.95,49.7,0,0.0,357,720
2.88,35.9,122.5,6.31,3.71,3.53,56.3,0.38,44.5,0,0.0,356,720
4.12,59.5,178.3,2.22,9.45,0.42,57.5,0.58,10.9,0,0.0,357,720
2.44,28.8,71.0,1.05,3.47,4.77,29.2,0.49,132.7,0,0.0,360,720
2.41,10.3,35.1,2.98,6.05,0.99,77.1,0.27,54.4,0,0.0,359,720
0.51,10.7,36.0,1.33,7.51,3.31,38.4,0.34,58.6,0,0.0,354,720
0.45,1.4,41.7,0.61,9.07,4.59,55.2,0.43,23.9,0,0.0,355,720
2.61,12.8,42.5,0.9,4.41,1.25,33.7,0.57,148.6,0,0.0,355,720
2.14,47.8,203.5,2.56,3.64,4.67,67.2,0.9,125.7,0,0.0,356,720
3.82,1.7,51.8,0.42,4.33,1.96,88.1,0.61,90.1,0,0.05,353,720
0.97,8.7,47.5,1.0,3.27,4.8,75.1,0.72,118.1,0,0.0,360,720
0.4,42.9,136.0,0.81,6.56,4.86,61.4,0.54,118.8,0,0.0,359,720
2.19,53.4,104.9,0.79,9.33,0.96,57.6,0.9,101.9,0,0.0,360,720
1.3,21.3,85.9,2.83,1.3,4.16,51.7,0.73,34.4,0,0.0,349,720
0.51,41.9,159.1,4.14,5.63,0.98,30.4,0.27,110.8,0,0.0,360,720
3.34,17.2,67.0,3.07,8.98,1.15,41.1,0.58,89.7,0,0.0,360,720
0.77,6.1,48.4,2.58,1.05,0.44,45.5,0.86,111.4,0,0.0,360,720
2.85,17.8,81.5,5.76,4.96,0.8,85.8,0.79,86.1,0,0.0,360,720
1.48,30.4,146.9,0.43,8.66,3.17,46.9,0.92,143.9,0,0.0,360,720
1.03,103.5,232.0,0.7,9.01,2.26,59.0,0.38,97.8,0,0.0,360,720
1.89,2.5,30.4,1.48,5.17,3.96,84.2,0.98,90.3,0,0.0,351,720
3.67,24.8,128.1,1.33,0.3,1.67,53.9,0.43,128.0,1,1.2,55,215
1.95,14.0,34.3,1.49,1.1,4.84,33.9,0.24,63.1,0,0.0,351,720
3.45,24.8,119.4,0.81,5.89,0.27,43.6,0.6,54.2,0,0.0,360,720
0.83,0.8,42.3,0.66,1.28,0.33,43.2,0.29,80.4,0,0.0,360,720
3.55,13.1,52.9,1.87,1.54,3.51,68.6,0.75,91.8,0,0.0,355,720
1.3,60.0,195.5,6.09,7.73,4.44,37.2,0.92,40.9,0,0.0,360,720
3.15,28.3,100.9,1.39,7.52,3.98,69.8,0.94,105.5,0,0.0,358,720
2.68,21.0,86.6,0.4,8.44,2.46,81.7,0.69,122.3,0,0.0,349,720
4.2,11.8,54.5,2.99,1.1,1.36,40.2,0.63,90.8,0,0.0,360,720
1.93,12.4,70.1,1.06,2.02,0.09,25.2,1.0,83.2,0,0.0,360,720
0.58,16.9,67.0,0.92,8.34,2.56,62.9,0.66,51.2,0,0.0,358,720
0.38,63.2,241.0,1.16,7.22,2.39,42.1,0.94,137.3,0,0.0,360,720
3.77,119.6,274.7,3.13,8.07,1.73,55.0,0.93,115.6,0,0.0,355,720
2.5,20.2,99.1,4.06,9.9,2.9,62.6,0.43,77.2,0,0.0,358,720
3.56,17.5,61.8,2.25,8.65,3.65,45.6,0.21,102.3,0,0.0,360,720
1.28,65.6,129.9,1.16,5.23,3.51,84.4,0.55,57.2,0,0.0,360,720
1.75,19.5,52.0,1.12,3.14,1.33,45.0,0.89,18.4,0,0.0,359,720
0.43,28.1,124.3,0.59,5.72,2.93,38.1,0.87,38.5,0,0.0,358,720
4.34,9.2,57.7,6.26,6.4,0.76,81.4,0.68,21.1,0,0.0,360,720
3.11,47.6,193.7,2.54,3.39,0.63,25.2,0.33,81.1,0,0.0,350,720
4.22,26.6,95.2,0.36,7.72,3.93,24.3,0.29,97.1,0,0.0,359,720
1.42,57.9,196.1,2.69,0.97,3.47,85.2,0.96,63.3,0,0.0,350,720
2.87,53.1,118.8,1.6,7.8,3.84,30.7,0.54,84.2,0,0.0,356,720
3.15,8.5,64.1,8.21,0.37,0.78,26.1,0.72,22.0,0,0.0,353,720
1.63,44.0,153.0,4.06,5.0,4.57,55.1,0.92,117.8,0,0.0,360,720
3.86,56.3,106.4,0.71,8.62,0.68,18.5,0.9,14.6,0,0.0,356,720
4.28,14.9,68.3,3.1,0.91,4.35,61.5,0.65,98.8,0,0.0,360,720
4.02,6.6,54.2,1.76,5.2,1.77,49.0,0.59,70.7,0,0.0,351,720
3.4,0.1,45.3,0.76,1.64,0.55,63.0,0.79,35.7,1,0.72,59,162
1.47,21.0,49.0,2.94,8.95,1.45,36.3,0.48,83.2,0,0.0,360,720
1.48,15.2,66.7,2.04,8.33,0.92,82.9,0.7,119.3,0,0.0,360,720
4.35,28.3,121.6,0.37,9.34,2.46,35.3,0.22,67.9,0,0.0,360,720
0.34,7.3,51.2,2.59,8.76,4.75,62.8,0.86,61.5,0,0.0,350,720
3.31,68.7,271.9,2.52,7.38,1.65,85.9,1.0,29.9,0,0.0,356,720
3.27,10.4,60.3,0.64,1.89,3.07,45.1,0.96,93.2,1,0.42,63,186
2.92,9.0,33.5,1.24,3.06,4.46,27.1,0.49,125.9,0,0.0,355,720
4.46,22.9,73.5,2.24,4.99,3.16,20.1,0.62,88.6,0,0.0,360,720
1.61,24.2,95.7,0.63,5.91,1.82,87.2,0.39,33.1,0,0.0,355,720
1.73,8.5,27.4,4.51,7.83,4.95,72.3,0.44,102.6,0,0.0,353,720
0.63,11.1,60.7,0.36,2.31,0.95,83.9,0.57,14.2,0,0.0,356,720
2.16,6.5,37.7,0.54,1.33,2.63,67.4,0.8,127.3,1,0.58,67,156
1.4,44.4,167.9,0.57,4.85,3.99,40.7,0.21,139.0,0,0.0,354,720
1.74,51.5,152.0,1.95,1.62,0.02,24.2,0.52,93.6,0,0.0,359,720
3.81,21.7,52.7,2.43,6.95,3.52,84.7,0.65,133.4,0,0.0,359,720
4.23,43.8,151.9,1.44,5.78,1.35,51.7,0.37,21.8,0,0.0,360,720
1.08,46.6,116.0,1.05,7.42,0.87,44.7,0.26,42.0,0,0.0,360,720
1.86,5.2,38.9,3.95,0.68,1.39,58.3,0.63,54.4,0,0.0,360,720
4.2,118.5,217.0,0.46,9.65,4.83,23.0,0.71,118.2,0,0.12,344,720
0.56,60.2,189.0,1.02,0.05,4.46,38.2,0.71,77.8,0,0.0,356,720
0.69,8.0,70.8,0.39,3.29,1.08,62.8,0.49,58.8,0,0.0,354,720
0.98,7.2,52.7,0.33,6.81,0.6,22.5,0.39,32.1,0,0.0,360,720
2.8,4.7,11.7,1.26,0.5,1.83,25.1,0.38,123.5,1,0.58,83,159
0.93,5.2,58.8,0.78,0.88,2.97,53.3,0.23,12.9,0,0.0,360,720
4.37,48.3,208.9,0.99,0.81,4.34,61.8,0.35,57.2,1,1.37,39,262
2.18,22.2,104.0,4.08,5.84,4.83,29.0,0.85,44.0,0,0.0,360,720
2.41,53.5,174.9,0.69,8.96,3.76,17.5,0.2,28.1,0,0.0,360,720
1.34,48.0,155.3,3.63,5.58,3.0,86.9,0.24,34.1,0,0.0,355,720
2.28,32.5,98.8,2.77,6.06,0.73,17.1,0.3,79.1,0,0.0,352,720
3.08,40.6,101.4,1.17,3.49,0.39,15.2,0.54,69.6,0,0.0,360,720
3.45,0.6,35.0,2.04,0.24,2.99,39.3,0.47,82.6,1,0.27,124,230
3.47,13.1,41.3,1.59,0.27,2.7,31.7,0.34,111.9,1,0.76,77,192
2.73,35.5,93.6,0.6,8.89,4.23,58.0,0.29,134.9,0,0.0,360,720
4.1,0.3,2.2,5.53,1.07,1.63,82.1,0.95,26.6,0,0.0,360,720
3.73,1.2,18.3,2.15,10.0,0.22,51.1,0.93,21.6,0,0.0,360,720
3.48,66.8,261.2,4.97,1.69,2.13,73.0,0.82,54.8,0,0.0,357,720
0.53,40.3,149.9,4.12,6.76,4.85,83.2,0.4,86.5,0,0.0,360,720
0.33,10.8,42.5,0.48,9.49,3.98,29.2,0.46,24.0,0,0.0,355,720
1.19,40.8,183.4,0.81,3.65,0.19,51.6,0.73,110.2,0,0.0,353,720
3.09,55.0,178.3,0.65,7.36,4.38,63.2,0.43,87.9,0,0.0,360,720
2.03,12.8,43.1,4.21,3.54,2.37,39.9,0.62,114.8,0,0.0,349,720
1.99,1.3,7.4,4.66,3.08,1.84,70.5,0.72,60.1,0,0.0,360,720
4.02,94.5,163.0,1.95,2.06,1.75,67.9,0.62,66.2,0,0.0,358,720
4.06,14.8,40.2,0.54,8.22,2.98,46.6,0.53,123.1,0,0.0,360,720
4.12,3.9,41.4,0.62,2.61,2.66,21.6,0.48,47.4,1,0.4,51,167
1.62,23.7,90.2,4.0,2.87,3.29,15.9,0.82,63.4,0,0.0,360,720
3.2,51.2,131.8,6.13,9.99,2.88,42.7,0.79,11.9,0,0.0,359,720
1.44,8.8,49.9,0.79,3.31,0.74,21.2,0.76,87.7,0,0.0,360,720
1.1,11.0,38.5,0.32,4.26,1.3,73.6,0.5,129.2,0,0.03,360,720
1.08,9.7,71.5,1.18,9.9,4.21,40.1,0.82,13.9,0,0.0,355,720
1.74,167.6,393.2,0.37,3.72,3.32,65.0,0.97,95.9,1,0.85,47,313
2.11,7.7,16.8,4.17,3.69,2.25,41.0,0.75,128.4,0,0.0,360,720
3.79,30.0,64.3,1.79,8.29,0.93,74.7,0.53,79.2,0,0.0,359,720
0.8,90.8,206.3,2.56,3.15,0.06,81.6,0.84,53.8,0,0.0,356,720
3.39,5.6,31.7,1.47,2.38,1.57,77.8,0.69,149.5,0,0.0,360,720
2.53,123.7,369.0,1.23,4.26,0.29,51.3,0.9,19.1,0,0.0,355,720
1.51,103.1,187.6,0.85,7.02,2.42,21.3,0.77,39.5,0,0.0,356,720
2.37,75.6,166.8,3.54,0.48,4.11,42.9,0.82,133.9,0,0.0,360,720
1.56,8.5,65.1,2.92,3.77,1.44,46.8,0.73,51.6,0,0.0,359,720
2.8,35.2,153.8,1.28,3.5,4.24,87.0,0.27,124.8,0,0.0,350,720
2.12,50.1,184.8,1.15,2.49,3.53,57.4,0.59,56.6,0,0.0,355,720
0.99,149.5,400.0,0.3,6.56,0.64,63.1,0.25,123.7,0,0.09,360,720
0.79,7.0,39.2,0.44,2.94,3.23,73.7,0.56,106.0,0,0.0,359,720
2.6,50.8,137.5,2.45,6.09,0.78,57.6,0.77,75.6,0,0.0,359,720
4.09,14.5,74.2,1.89,5.07,3.28,59.9,0.54,83.2,0,0.0,360,720
1.74,6.8,49.0,1.56,2.21,0.73,33.4,0.2,34.9,0,0.0,360,720
3.38,19.1,90.7,4.17,2.7,1.97,19.4,0.5,26.2,0,0.0,360,720
3.07,55.3,208.0,1.84,1.75,2.84,69.1,0.25,110.4,0,0.0,343,720
4.21,21.9,91.4,1.37,0.61,0.27,78.7,0.82,128.8,1,1.67,57,222
3.75,27.0,146.6,0.69,6.21,0.78,45.9,0.83,111.1,0,0.0,357,720
2.68,180.0,400.0,4.08,6.74,1.62,56.2,0.85,137.8,0,0.0,360,720
3.06,17.8,37.2,2.19,1.7,2.32,38.0,0.22,134.6,0,0.0,360,720
4.07,33.4,127.9,0.51,6.17,4.3,48.8,0.23,118.9,0,0.0,355,720
1.98,15.9,45.2,2.6,9.82,0.95,30.7,0.92,135.7,0,0.0,360,720
1.67,17.5,99.5,1.52,0.79,1.75,72.0,0.3,33.4,0,0.0,360,720
0.35,41.6,136.5,3.97,4.93,2.39,51.9,0.74,112.4,0,0.0,358,720
3.77,97.3,280.8,5.83,7.34,1.49,56.0,0.84,115.5,0,0.0,353,720
3.66,27.4,118.2,2.32,0.51,3.14,17.8,0.56,31.6,0,0.0,354,720
0.74,51.2,156.1,3.19,7.79,1.3,61.7,0.64,137.3,0,0.0,360,720
2.72,3.3,36.3,0.43,9.8,3.87,30.2,0.38,11.2,0,0.0,357,720
2.25,8.3,45.8,2.11,0.93,2.54,43.8,0.94,70.8,0,0.0,350,720
0.8,24.4,91.1,3.4,8.23,0.45,46.0,0.44,13.0,0,0.0,356,720
4.42,0.7,23.6,1.81,3.82,3.14,48.7,0.37,83.3,0,0.0,353,720
1.2,10.2,67.5,2.28,1.48,2.85,32.1,0.62,67.7,0,0.0,360,720
0.58,25.5,71.2,5.34,4.96,1.71,78.8,0.35,97.2,0,0.0,353,720
2.8,0.5,14.3,0.79,0.76,0.08,47.1,0.75,117.3,1,1.17,70,154
3.4,10.8,78.0,0.53,5.24,1.02,60.9,0.61,117.6,0,0.0,360,720
0.44,25.3,92.2,2.88,0.24,2.04,61.0,0.32,111.1,0,0.0,356,720
3.07,29.8,86.1,4.11,7.3,1.02,60.5,0.25,24.3,0,0.0,357,720
2.54,91.0,214.7,4.48,4.91,2.9,56.9,0.31,68.4,0,0.0,360,720
0.73,36.3,174.2,2.56,4.62,3.57,76.7,0.31,124.2,0,0.0,360,720
1.02,18.7,68.9,4.24,2.0,4.28,75.9,0.45,101.6,0,0.0,358,720
2.69,93.3,186.8,2.95,3.64,3.24,46.3,0.87,105.3,0,0.0,358,720
1.54,53.8,171.7,0.5,1.86,3.45,62.7,0.25,41.8,0,0.15,358,720
4.24,7.8,38.2,3.46,7.37,3.05,22.7,0.3,55.5,0,0.0,356,720
3.74,4.9,37.0,0.73,2.03,4.93,21.8,0.44,143.8,1,0.59,62,154
4.43,39.4,144.4,0.89,6.19,1.32,51.0,0.64,128.6,0,0.0,360,720
1.39,28.7,79.9,1.4,2.83,1.35,82.5,0.81,33.1,0,0.0,356,720
4.37,54.6,101.1,1.13,6.59,0.65,63.7,0.94,86.3,0,0.0,360,720
2.11,47.0,85.9,1.15,5.43,2.44,65.2,0.53,78.7,0,0.0,358,720
1.76,34.3,132.1,0.71,4.26,0.5,26.8,0.28,72.1,0,0.0,360,720
0.51,150.4,400.0,1.07,6.75,1.37,49.0,0.37,75.9,0,0.0,359,720
0.52,26.7,65.4,0.34,4.19,2.42,45.1,0.43,100.0,0,0.0,360,720
3.21,4.2,8.0,1.71,8.22,4.79,73.7,0.83,145.4,0,0.0,360,720
2.22,61.7,111.4,3.52,7.31,4.82,25.3,0.75,132.5,0,0.0,359,720
1.25,10.2,46.1,4.66,5.43,3.72,55.4,0.37,132.5,0,0.0,360,720
2.88,52.6,166.9,4.08,8.78,1.96,83.4,0.87,108.5,0,0.0,360,720
1.36,110.2,290.2,1.49,8.3,4.33,81.9,0.89,12.5,0,0.0,360,720
2.73,41.8,156.4,3.18,5.34,4.38,78.9,0.91,71.7,0,0.0,360,720
1.81,31.7,104.5,1.05,0.73,4.55,43.1,0.42,81.6,0,0.05,347,720
3.76,21.6,108.6,0.43,5.68,3.21,85.6,0.31,127.9,0,0.0,360,720
3.75,15.9,76.1,2.78,3.58,1.02,75.4,0.28,139.2,0,0.0,357,720
2.3,15.2,76.8,2.6,5.42,0.47,78.8,0.52,73.2,0,0.0,360,720
1.77,35.4,58.8,3.86,6.49,4.58,84.9,0.54,52.1,0,0.0,357,720
1.82,48.7,210.0,2.41,6.47,0.3,85.3,0.89,57.2,0,0.0,357,720
3.68,39.7,149.7,0.68,6.75,1.49,33.0,0.41,91.0,0,0.0,354,720
1.68,7.7,25.0,4.52,6.81,2.45,24.6,0.7,48.5,0,0.0,350,720
1.18,23.8,55.1,2.47,1.14,0.13,66.8,0.83,137.5,0,0.0,356,720
0.66,54.9,132.9,3.93,1.96,4.54,57.2,0.42,68.6,0,0.0,360,720
2.26,22.6,75.5,3.57,6.32,1.45,39.6,0.41,148.6,0,0.0,352,720
2.32,26.9,108.2,1.08,4.11,0.16,66.3,0.74,25.3,0,0.0,360,720
3.83,51.6,145.5,0.47,7.64,4.97,19.6,0.78,36.3,0,0.0,360,720
1.23,37.9,75.5,0.73,1.29,1.57,18.5,0.97,81.6,0,0.09,360,720
1.9,18.4,74.7,0.51,1.96,4.39,41.6,0.88,131.6,1,0.18,49,132
3.7,79.0,188.3,0.91,5.61,2.28,29.5,0.86,59.6,0,0.0,360,720
3.76,6.2,33.9,1.65,5.03,3.32,68.9,0.75,127.2,0,0.0,360,720
1.92,180.0,372.8,5.52,2.7,1.22,86.1,0.29,69.6,0,0.0,360,720
2.23,4.4,53.7,4.82,4.11,2.52,64.6,0.85,129.4,0,0.0,360,720
1.57,0.5,50.2,3.09,0.4,1.3,64.1,0.95,48.8,0,0.0,360,720
4.22,77.3,310.8,0.35,0.42,4.76,15.5,0.51,76.1,1,2.48,19,263
0.8,9.8,46.3,1.22,0.99,0.32,53.4,0.45,49.0,0,0.0,360,720
4.22,45.8,187.3,2.82,5.79,1.39,76.3,0.62,40.1,0,0.0,360,720
3.17,58.3,231.5,0.6,8.64,4.47,64.1,0.97,69.0,0,0.0,357,720
2.53,68.6,214.6,3.85,2.64,2.41,32.1,0.24,56.9,0,0.0,360,720
0.44,167.3,400.0,5.71,0.39,3.01,78.6,0.77,120.2,0,0.0,357,720
2.3,12.2,50.6,1.26,7.1,3.27,87.3,0.85,114.7,0,0.0,360,720
2.01,43.4,116.3,2.99,8.56,0.37,35.9,0.83,60.2,0,0.0,357,720
0.98,4.3,45.6,0.65,1.42,0.11,30.5,0.65,148.9,0,0.03,360,720
3.06,18.3,94.9,2.88,3.89,4.69,40.4,0.94,146.3,0,0.0,354,720
4.38,65.9,229.4,0.35,1.63,1.37,19.7,0.31,138.5,1,1.55,23,250
2.66,16.0,86.0,0.66,1.11,1.91,80.5,0.4,92.1,1,0.63,46,181
3.3,31.3,60.7,3.02,6.5,3.42,84.7,0.45,67.7,0,0.0,353,720
0.59,24.5,88.3,3.04,9.68,1.2,62.5,0.21,53.8,0,0.0,357,720
2.05,36.3,71.5,2.55,6.8,3.67,72.3,0.5,12.1,0,0.0,360,720
0.79,126.3,383.2,1.73,9.85,2.3,65.1,0.33,98.5,0,0.0,359,720
2.87,2.0,34.4,2.77,4.37,4.29,43.3,0.78,87.4,0,0.0,360,720
4.24,29.9,122.1,3.57,8.98,1.41,62.4,0.53,98.2,0,0.0,355,720
3.08,69.6,178.4,7.77,2.09,1.04,77.7,0.76,90.6,0,0.0,360,720
0.62,23.0,94.7,5.13,1.22,4.16,75.7,0.43,29.3,0,0.0,357,720
1.79,2.9,16.9,3.78,7.04,1.65,21.1,0.31,107.4,0,0.0,360,720
2.61,28.8,109.7,2.91,3.75,2.07,49.7,0.31,60.5,0,0.0,360,720
1.99,14.1,47.7,2.18,3.21,3.97,44.8,0.36,82.3,0,0.0,360,720
3.8,5.9,21.1,0.58,6.73,3.19,71.4,0.29,61.2,0,0.0,359,720
3.72,66.2,144.7,0.7,3.37,2.22,52.6,0.38,13.1,0,0.12,360,720
2.87,25.8,127.7,4.08,5.75,1.26,41.2,0.66,132.7,0,0.0,352,720
1.87,94.8,296.1,3.88,3.03,3.83,68.0,0.41,30.8,0,0.0,360,720
1.37,57.4,166.3,2.4,7.85,0.92,50.5,0.47,91.5,0,0.0,360,720
0.74,41.3,141.6,1.57,3.16,4.64,34.2,0.24,133.6,0,0.0,360,720
1.79,0.2,49.8,0.36,5.37,0.77,81.8,0.91,41.0,0,0.0,360,720
2.04,19.5,90.7,1.17,0.28,4.03,23.5,0.31,67.7,1,0.23,76,177
3.14,7.7,33.7,1.5,7.93,2.13,16.4,0.48,62.9,0,0.0,355,720
3.06,84.6,320.5,1.76,6.22,0.95,25.8,0.5,22.5,0,0.0,360,720
0.59,6.7,24.5,6.13,1.96,2.02,27.3,0.82,69.3,0,0.0,359,720
1.96,11.8,56.4,0.55,2.19,1.12,55.4,0.59,77.1,0,0.15,360,720
1.06,25.5,74.9,1.91,2.66,0.7,61.9,0.51,13.7,0,0.0,360,720
0.96,10.7,55.5,1.31,5.79,1.21,48.6,0.76,78.3,0,0.0,360,720
3.77,8.2,27.4,10.45,5.51,4.34,30.3,0.68,23.1,0,0.0,360,720
0.48,32.0,105.2,4.65,2.77,0.55,24.9,0.26,134.9,0,0.0,360,720
2.06,3.3,15.8,1.57,6.96,4.86,51.9,0.45,101.0,0,0.0,359,720
1.01,2.1,38.1,15.0,8.9,0.04,57.4,0.98,17.9,0,0.0,359,720
3.99,16.3,64.3,1.89,0.48,3.3,37.8,0.59,125.8,1,0.57,77,201
2.64,44.6,122.6,0.7,4.2,4.29,31.5,0.54,60.6,0,0.0,360,720
1.27,28.3,64.5,2.09,5.96,4.67,21.0,0.32,41.6,0,0.0,360,720
2.41,19.2,57.0,0.86,5.89,0.74,17.0,0.87,45.5,0,0.0,360,720
3.37,29.2,105.9,2.53,0.24,3.5,22.9,0.31,93.7,0,0.0,354,720
4.32,15.9,81.5,6.4,2.15,0.55,70.7,0.28,21.4,0,0.0,358,720
1.23,96.3,215.8,3.69,0.67,1.78,40.8,0.55,18.2,0,0.0,360,720
4.02,2.0,13.6,1.0,5.71,3.66,17.1,0.55,97.9,0,0.0,360,720
4.22,39.2,99.0,1.07,6.47,1.74,53.1,0.99,147.5,0,0.0,354,720
4.15,77.7,272.1,0.46,1.64,1.58,55.2,0.3,77.7,1,1.34,32,280
2.97,57.0,166.3,1.04,3.36,0.6,47.2,0.59,67.9,0,0.0,353,720
2.95,7.1,62.2,0.51,3.33,0.35,23.3,0.36,142.6,1,0.26,69,189
1.99,12.3,53.8,1.82,8.21,0.59,71.6,0.76,43.7,0,0.0,355,720
3.46,44.2,117.7,3.01,1.99,4.38,66.7,0.51,43.7,0,0.0,360,720
2.53,3.1,11.1,3.36,5.51,0.08,44.6,0.72,136.7,0,0.0,360,720
3.15,58.5,251.8,0.44,7.84,3.47,43.6,0.47,100.6,0,0.0,360,720
2.1,44.4,169.6,1.21,8.3,3.85,26.7,0.65,17.5,0,0.0,360,720
3.37,45.8,130.8,1.05,6.68,2.85,71.5,0.58,104.4,0,0.0,360,720
3.76,3.7,45.7,0.54,3.03,3.66,60.0,0.5,124.8,1,0.3,58,173
0.92,44.3,139.3,1.29,8.24,3.27,21.4,0.63,48.4,0,0.0,360,720
3.8,39.9,143.5,1.08,7.43,2.29,43.4,0.51,63.6,0,0.0,360,720
2.57,62.2,104.3,2.51,7.06,1.93,82.8,0.84,37.7,0,0.0,360,720
3.85,1.5,6.8,5.03,0.72,4.71,48.9,0.6,98.7,0,0.0,356,720
2.11,0.8,29.2,1.63,0.48,4.86,39.4,0.92,103.0,0,0.0,360,720
1.89,16.3,44.0,3.32,6.97,3.26,63.3,0.38,19.6,0,0.0,360,720
4.14,5.6,54.9,0.65,9.45,1.0,30.2,0.29,104.9,0,0.0,360,720
1.35,28.6,79.8,5.26,7.75,2.25,54.3,0.5,102.2,0,0.0,360,720
3.85,87.3,205.0,0.66,8.32,2.49,65.2,0.35,14.9,0,0.0,360,720
2.33,17.4,63.9,0.77,5.47,3.79,79.1,0.51,87.8,0,0.0,360,720
2.46,65.2,254.0,0.55,3.08,3.35,66.9,0.37,96.0,1,0.28,44,229
1.6,0.0,12.2,1.12,6.79,2.58,43.8,0.89,70.2,0,0.0,360,720
2.71,6.5,29.8,2.07,7.13,3.41,72.6,0.65,136.2,0,0.0,360,720
1.67,1.1,42.1,10.03,6.77,0.14,82.4,0.6,56.0,0,0.0,360,720
0.46,13.9,80.1,3.77,9.47,3.89,50.8,0.83,19.4,0,0.0,356,720
1.44,83.6,283.3,1.35,3.7,1.07,15.3,0.3,104.1,0,0.0,351,720
0.33,3.6,52.7,2.19,0.44,3.29,81.1,0.89,94.7,0,0.0,360,720
4.41,32.6,59.6,2.45,9.09,0.59,27.4,0.59,148.5,0,0.0,360,720
4.36,21.0,106.9,4.11,1.65,0.59,24.5,0.31,42.4,0,0.0,360,720
1.96,97.6,260.0,3.23,6.99,0.2,38.1,0.86,65.4,0,0.0,360,720
3.36,4.6,46.2,2.15,8.74,4.55,43.5,0.57,74.6,0,0.0,356,720
1.75,8.3,69.9,2.73,3.14,3.03,75.0,0.68,130.6,0,0.0,360,720
3.12,1.0,41.1,3.31,8.31,1.82,44.2,0.91,68.0,0,0.0,359,720
3.68,19.9,87.6,0.61,3.35,3.94,18.7,0.91,118.1,1,0.25,63,205
4.28,11.4,48.0,0.79,7.95,3.14,62.7,0.91,32.0,0,0.0,360,720
1.98,71.4,299.8,2.87,0.74,3.11,65.3,0.53,67.4,0,0.0,360,720
3.59,32.5,89.6,4.48,6.57,2.45,76.1,0.8,31.7,0,0.0,359,720
1.42,33.3,86.2,1.46,6.79,0.06,44.9,0.39,143.0,0,0.0,360,720
4.46,26.6,76.7,8.89,4.94,1.31,21.5,0.86,34.9,0,0.0,360,720
0.41,3.4,26.5,0.84,6.89,0.56,56.5,0.47,68.7,0,0.0,360,720
2.83,20.6,40.7,1.49,9.24,3.32,24.1,0.57,21.5,0,0.0,360,720
3.07,180.0,400.0,1.35,7.35,1.26,16.3,0.91,139.0,0,0.0,360,720
3.19,63.1,166.6,6.16,9.61,2.26,73.4,0.84,97.3,0,0.0,357,720
0.81,78.4,198.0,1.04,4.51,1.78,45.3,0.96,144.7,0,0.0,360,720
4.24,60.7,132.3,1.7,5.31,0.73,54.4,0.49,15.9,0,0.0,360,720
1.06,3.8,52.9,0.76,2.67,4.79,64.7,0.32,34.5,0,0.0,352,720
2.92,9.0,32.0,1.92,9.86,4.67,45.1,0.93,63.2,0,0.0,358,720
1.24,0.1,34.6,4.59,0.6,0.44,18.8,0.59,97.0,0,0.0,360,720
1.59,12.7,69.2,1.1,3.62,4.14,34.0,0.91,56.1,0,0.0,347,720
2.6,4.0,16.8,3.96,3.01,2.45,29.6,0.79,109.7,0,0.0,355,720
2.05,22.4,77.2,5.63,3.9,3.87,88.3,0.9,33.1,0,0.0,357,720
0.97,39.6,79.5,0.47,9.18,0.77,70.5,0.72,94.1,0,0.0,360,720
1.02,72.6,188.4,3.41,3.71,0.68,48.9,0.85,65.7,0,0.0,358,720
2.06,48.4,212.7,0.95,9.17,4.46,19.8,0.3,81.2,0,0.0,358,720
3.48,97.7,249.8,0.72,4.26,4.49,23.7,0.97,89.7,1,0.38,53,263
4.07,1.9,45.0,2.32,8.55,2.34,76.0,0.34,18.4,0,0.0,360,720
0.65,0.4,39.8,2.99,5.24,4.35,85.9,0.22,139.4,0,0.0,357,720
1.95,37.9,86.6,1.4,3.15,3.34,17.4,0.62,120.1,0,0.0,350,720
0.72,12.0,59.6,0.39,4.52,0.94,83.3,0.77,71.9,0,0.0,360,720
0.37,10.2,28.2,5.57,4.27,1.66,43.5,0.77,86.6,0,0.0,356,720
3.08,14.1,75.4,3.19,2.64,0.7,31.0,0.47,14.6,0,0.0,354,720
2.83,11.0,61.2,1.0,2.93,3.87,22.7,0.8,79.7,0,0.0,360,720
0.98,25.1,97.0,1.81,1.91,4.93,72.9,0.87,69.7,0,0.0,357,720
1.28,20.3,99.7,0.36,3.39,2.74,50.2,0.69,62.4,0,0.0,360,720
0.4,25.1,120.6,1.21,6.26,3.29,77.4,0.51,124.1,0,0.0,357,720
3.81,39.1,111.9,1.93,3.9,3.74,32.0,0.69,35.5,0,0.0,358,720
4.39,17.1,69.4,1.9,7.14,1.14,65.9,0.89,34.7,0,0.0,355,720
0.87,10.1,68.0,0.81,9.87,1.69,23.9,0.92,83.0,0,0.0,354,720
1.27,6.4,40.9,3.6,3.8,2.07,21.7,0.23,106.2,0,0.0,360,720
3.95,15.0,59.2,1.08,4.65,2.98,25.0,0.3,13.1,0,0.0,356,720
4.19,47.4,199.6,2.21,1.68,4.26,75.7,0.2,86.4,0,0.0,353,720
2.06,49.5,163.4,1.0,3.95,1.29,64.2,0.59,51.8,0,0.0,360,720
0.51,38.5,140.3,1.52,7.28,2.37,27.4,0.55,116.0,0,0.0,360,720
0.47,9.3,64.5,0.81,2.21,3.76,43.9,0.64,75.6,0,0.0,360,720
2.71,31.0,90.0,2.51,1.86,0.46,72.3,0.75,126.8,0,0.0,358,720
1.95,29.6,119.7,1.52,3.79,2.57,36.4,0.49,65.6,0,0.0,358,720
0.42,23.2,77.3,0.34,8.2,0.74,84.1,0.37,125.8,0,0.0,359,720
2.75,27.9,90.5,0.36,6.26,2.7,83.6,0.52,110.3,0,0.0,360,720
0.35,23.7,112.2,1.7,9.58,3.84,56.5,0.21,126.0,0,0.0,359,720
3.61,29.2,116.3,0.75,9.05,1.2,62.4,0.86,123.7,0,0.0,360,720
1.59,44.0,143.9,2.24,1.55,4.25,64.0,0.51,78.1,0,0.0,360,720
0.47,4.1,50.0,1.45,0.47,1.69,34.4,0.7,61.5,0,0.0,359,720
2.77,48.5,161.0,2.64,4.02,0.97,42.4,0.46,117.1,0,0.0,355,720
1.97,5.1,50.3,7.0,5.24,2.34,25.2,0.69,60.6,0,0.0,360,720
4.39,2.4,20.7,1.96,5.18,4.38,84.4,0.63,22.5,0,0.0,360,720
2.59,130.7,227.9,3.71,1.38,0.36,69.3,0.37,130.2,0,0.0,360,720
1.46,110.1,400.0,3.38,1.29,1.65,18.5,0.7,65.6,0,0.0,360,720
3.28,2.2,55.2,5.91,0.52,3.27,56.2,0.29,28.6,0,0.0,360,720
1.44,20.5,95.9,0.83,8.52,1.8,40.7,0.58,100.5,0,0.0,360,720
4.1,7.2,69.4,4.16,9.48,0.37,76.1,0.78,134.6,0,0.0,360,720
1.87,23.2,69.9,5.49,1.2,1.67,40.8,0.64,130.5,0,0.0,356,720
2.61,62.1,224.6,1.4,2.17,4.11,63.3,0.8,87.6,0,0.0,360,720
0.51,105.3,248.6,1.13,0.94,4.84,27.4,0.42,22.3,0,0.0,353,720
2.09,35.2,72.5,6.98,8.78,0.22,56.9,0.24,107.5,0,0.0,355,720
3.8,15.3,55.6,2.47,9.59,2.86,37.0,0.24,95.2,0,0.0,356,720
3.68,32.4,134.3,1.35,2.65,0.54,27.4,0.41,39.4,0,0.02,360,720
1.24,13.1,76.0,3.75,3.07,3.41,61.4,0.53,136.1,0,0.0,360,720
1.25,84.2,281.2,1.1,3.66,0.06,62.9,0.63,22.1,0,0.0,351,720
3.73,71.5,208.3,0.73,5.05,0.09,88.8,0.81,62.2,1,0.48,82,269
4.21,28.6,110.7,2.03,6.84,3.89,65.2,0.87,23.2,0,0.0,360,720
0.7,13.7,97.4,2.14,5.07,0.39,53.7,0.75,137.7,0,0.0,358,720
2.19,12.2,46.8,4.14,9.51,1.54,83.4,0.57,15.0,0,0.0,360,720
1.72,1.2,25.5,1.64,1.04,4.79,77.1,0.41,69.6,0,0.0,360,720
3.96,59.2,196.4,4.01,8.0,4.93,56.2,0.54,130.6,0,0.0,358,720
0.65,20.9,93.9,1.12,3.38,0.82,53.4,0.42,45.2,0,0.0,360,720
1.19,13.8,52.2,2.18,3.81,2.81,85.6,0.7,24.7,0,0.0,360,720
3.46,22.3,103.6,0.81,7.1,2.8,61.3,0.85,27.8,0,0.0,360,720
0.52,59.8,185.7,1.37,9.3,2.27,68.5,0.61,66.7,0,0.0,360,720
2.37,4.7,28.8,4.59,7.18,4.63,21.5,0.24,70.0,0,0.0,360,720
2.16,68.2,126.4,0.84,7.77,3.78,68.9,0.95,110.5,0,0.0,359,720
1.7,79.7,258.9,3.96,7.52,3.83,34.9,0.44,43.3,0,0.0,358,720
1.96,102.6,360.3,1.03,3.24,1.36,23.7,0.93,108.3,0,0.03,356,720
2.53,17.7,95.9,0.38,7.58,2.18,78.7,0.85,149.9,0,0.0,356,720
0.98,8.6,49.4,0.56,7.86,2.45,66.8,0.53,131.0,0,0.0,358,720
2.7,16.4,63.0,3.31,5.36,1.51,45.6,0.25,99.0,0,0.0,359,720
3.68,14.2,21.6,0.97,5.39,0.49,47.4,0.96,141.6,0,0.0,360,720
3.49,6.8,41.4,2.64,7.61,0.65,29.8,0.73,148.8,0,0.0,358,720
0.95,32.7,91.0,2.94,8.18,0.92,15.7,0.4,89.8,0,0.0,358,720
0.93,22.7,116.3,1.23,3.41,1.03,41.2,0.63,48.3,0,0.0,359,720
1.43,70.3,165.0,1.72,8.03,1.23,26.1,0.71,138.1,0,0.0,360,720
1.82,1.1,35.2,1.44,8.15,1.29,46.6,0.38,128.2,0,0.0,360,720
2.02,36.1,104.6,6.78,2.38,2.29,77.5,0.27,21.8,0,0.0,358,720
3.15,50.4,164.4,1.15,7.18,2.56,23.6,0.41,141.1,0,0.0,360,720
0.54,49.9,158.4,0.75,1.91,1.56,21.9,0.24,61.3,0,0.0,360,720
0.45,76.0,170.9,1.3,0.98,4.54,82.7,0.26,55.1,0,0.0,360,720
1.95,45.7,139.1,2.74,5.77,2.77,70.9,0.33,58.1,0,0.0,355,720
3.23,92.0,249.5,2.93,9.09,3.94,19.0,0.33,54.8,0,0.0,360,720
1.11,14.2,55.3,5.97,0.4,4.62,21.0,0.4,82.2,0,0.0,350,720
2.99,24.5,67.2,5.0,8.27,0.83,66.4,0.95,91.2,0,0.0,355,720
1.39,0.5,29.6,1.05,5.09,2.15,42.8,0.66,69.6,0,0.0,357,720
4.02,0.2,40.8,1.64,8.62,2.18,69.3,0.54,67.8,0,0.0,359,720
4.06,9.6,53.8,3.33,8.44,1.79,45.3,0.65,113.2,0,0.0,360,720
1.55,3.7,62.1,5.76,8.76,0.06,87.6,0.2,10.4,0,0.0,360,720
1.27,10.5,52.9,1.2,7.7,4.08,67.1,0.92,142.6,0,0.0,360,720
2.03,6.8,55.1,1.59,8.44,0.58,18.5,0.63,110.0,0,0.0,360,720
1.31,1.0,24.1,5.35,1.8,4.98,39.8,0.56,109.0,0,0.0,358,720
3.12,84.0,171.7,1.28,3.07,3.87,57.3,0.95,69.1,0,0.0,358,720
3.77,0.3,40.9,1.74,2.46,2.91,25.6,0.78,145.2,0,0.0,354,720
3.13,46.6,171.5,5.47,7.44,0.79,15.2,0.47,10.0,0,0.0,349,720
3.76,5.8,20.2,3.87,1.58,2.59,20.9,0.95,20.7,0,0.0,354,720
1.97,85.2,291.4,0.91,1.86,1.32,54.3,0.88,122.6,1,0.28,54,240
0.96,78.2,277.7,1.16,8.8,1.28,62.4,0.96,113.4,0,0.0,356,720
3.4,37.1,117.2,1.26,7.07,4.15,22.0,0.28,48.0,0,0.0,357,720
1.81,39.0,185.6,5.67,8.76,1.92,64.9,0.96,93.3,0,0.0,360,720
3.12,0.2,3.2,15.0,1.44,2.26,61.3,0.63,84.5,0,0.0,347,720
1.44,146.7,320.5,3.57,4.02,4.22,85.5,0.74,83.8,0,0.0,357,720
0.64,73.6,290.9,1.76,2.87,0.46,78.1,0.37,93.4,0,0.0,355,720
4.47,78.9,243.5,0.32,0.15,2.98,85.7,0.31,149.1,1,2.99,16,232
0.96,37.7,168.7,2.93,2.88,2.9,87.5,0.26,148.2,0,0.0,360,720
4.45,14.8,76.5,1.39,3.83,2.14,48.1,0.54,147.4,0,0.0,360,720
4.4,78.4,212.6,2.51,0.97,4.15,51.6,0.38,86.8,0,0.0,360,720
3.63,12.1,48.6,2.35,5.69,4.72,36.1,0.27,54.5,0,0.0,360,720
3.07,29.0,101.6,1.74,3.86,2.34,53.1,0.96,88.4,0,0.0,360,720
2.73,3.7,38.1,6.66,0.51,2.29,26.3,0.79,97.2,0,0.0,360,720
3.94,89.3,192.7,0.35,7.05,2.52,65.4,0.61,53.6,0,0.0,349,720
1.52,5.3,50.7,3.04,7.31,3.62,16.9,0.79,98.6,0,0.0,360,720
2.26,8.9,49.8,1.46,8.35,3.35,32.7,0.69,97.1,0,0.0,360,720
2.9,28.6,121.1,3.05,4.88,1.13,30.6,0.34,136.5,0,0.0,359,720
2.03,50.6,154.1,2.77,9.69,0.34,85.3,0.71,43.3,0,0.0,356,720
2.1,33.8,107.6,0.32,9.14,4.75,25.9,0.74,107.7,0,0.0,357,720
1.69,9.2,41.6,1.04,5.54,1.32,81.8,0.39,73.1,0,0.0,359,720
2.67,0.0,8.2,0.76,4.48,3.2,24.3,0.46,28.2,0,0.0,360,720
3.87,49.5,183.4,0.7,0.08,4.15,63.8,0.51,54.3,1,1.96,15,203
1.15,147.5,400.0,3.17,7.12,1.52,39.0,0.68,18.0,0,0.0,360,720
4.22,58.1,228.5,0.9,5.67,3.18,38.7,0.3,54.7,0,0.0,360,720
3.19,21.6,70.1,1.72,9.38,0.56,89.9,0.79,19.7,0,0.0,360,720
3.76,81.9,264.1,0.92,5.96,4.85,32.0,0.48,139.6,0,0.0,354,720
2.64,18.5,105.6,2.21,9.93,0.31,30.2,0.75,24.2,0,0.0,360,720
3.57,26.1,118.8,3.11,8.55,2.2,59.2,0.95,124.4,0,0.0,360,720
0.37,22.7,84.3,1.18,9.54,2.69,70.6,0.9,136.9,0,0.0,360,720
3.74,20.8,62.3,2.33,3.31,3.96,88.7,0.79,75.5,0,0.0,357,720
0.47,52.2,244.1,4.13,1.54,0.62,67.6,0.35,17.5,0,0.0,358,720
4.04,26.2,86.8,0.52,7.98,2.22,57.1,0.79,93.4,0,0.0,354,720
4.47,13.3,50.1,3.03,7.87,1.51,45.7,0.71,42.9,0,0.0,360,720
1.54,10.5,47.4,1.16,2.15,1.57,59.6,0.82,34.7,0,0.0,360,720
1.18,1.3,21.3,0.59,7.66,3.9,60.1,0.9,89.3,0,0.0,360,720
3.51,30.6,65.7,2.04,5.84,0.05,31.3,0.45,59.9,0,0.0,347,720
1.36,9.1,54.0,0.86,1.14,3.75,65.3,0.72,112.3,0,0.0,360,720
3.94,5.6,45.0,4.09,5.04,4.06,30.3,0.42,92.8,0,0.0,360,720
0.73,37.1,128.2,0.4,9.31,4.51,51.7,0.48,126.1,0,0.0,347,720
0.83,40.0,106.3,0.53,5.09,3.14,34.5,0.62,18.2,0,0.0,351,720
4.41,48.8,138.8,1.92,7.9,1.68,38.5,0.55,42.9,0,0.0,355,720
3.13,24.5,88.0,2.26,0.34,2.15,61.0,0.68,89.4,0,0.0,360,720
3.86,78.6,137.3,3.18,7.29,4.85,19.8,0.81,133.3,0,0.0,355,720
1.66,96.4,219.2,0.96,9.47,4.41,15.9,0.68,123.9,0,0.0,356,720
3.14,57.6,205.3,4.36,5.02,2.33,24.8,0.98,105.1,0,0.0,360,720
2.8,35.3,141.3,7.03,3.41,4.72,27.7,0.79,90.4,0,0.0,360,720
2.83,12.7,44.7,1.82,6.48,4.12,29.8,0.99,98.4,0,0.0,360,720
3.17,142.5,400.0,3.44,9.17,4.51,73.0,0.79,39.9,0,0.0,352,720
2.72,11.2,37.7,1.94,1.81,3.42,48.5,0.61,93.3,0,0.0,360,720
2.1,7.9,37.4,0.46,4.07,4.29,50.2,0.53,79.1,0,0.0,358,720
1.46,20.4,56.5,1.17,1.61,4.46,63.3,0.79,63.8,0,0.0,360,720
3.53,2.0,49.2,0.5,4.99,0.48,69.7,0.75,134.3,1,0.2,79,192
1.25,134.4,240.0,10.2,5.43,4.83,15.3,0.74,126.1,0,0.0,360,720
3.21,31.1,131.0,0.87,9.44,1.68,79.3,0.78,20.7,0,0.0,360,720
1.28,28.5,89.8,2.52,4.15,2.21,89.1,0.9,148.0,0,0.0,360,720
2.93,37.3,103.3,1.04,5.69,3.96,24.1,0.38,42.2,0,0.0,358,720
3.44,24.1,107.2,2.63,8.86,3.33,63.8,0.65,40.1,0,0.0,360,720
1.22,1.1,15.9,0.82,3.25,4.47,15.2,0.68,142.1,0,0.0,360,720
0.55,33.2,144.8,3.68,6.76,2.01,18.7,0.43,72.3,0,0.0,358,720
0.85,44.1,146.5,0.56,7.58,1.88,36.4,0.99,122.8,0,0.0,358,720
2.85,18.9,111.6,5.26,3.34,0.18,78.5,0.83,50.3,0,0.0,356,720
3.87,49.6,172.5,4.34,1.69,2.32,63.9,0.46,132.2,0,0.0,360,720
0.49,9.0,58.7,2.8,5.05,3.63,48.4,0.49,126.5,0,0.0,360,720
3.38,8.8,39.6,0.45,3.6,1.52,47.9,0.77,82.7,0,0.12,360,720
1.73,6.2,57.1,0.81,2.7,2.32,50.0,0.21,108.7,0,0.0,358,720
2.31,16.3,71.5,4.62,9.74,1.11,38.3,0.57,145.0,0,0.0,360,720
4.2,65.7,171.4,0.59,5.05,3.87,80.8,0.47,73.3,0,0.04,353,720
1.69,61.6,260.1,0.67,8.57,0.32,57.6,0.88,79.2,0,0.0,360,720
2.25,16.9,93.2,2.03,1.99,3.53,51.3,0.83,111.2,0,0.0,360,720
0.36,31.1,111.6,1.0,9.4,1.91,49.9,0.47,64.1,0,0.0,358,720
0.64,44.7,137.6,0.85,7.95,0.23,85.2,0.89,144.6,0,0.0,353,720
1.39,9.7,60.9,2.19,8.1,4.27,69.3,0.93,15.7,0,0.0,360,720
0.42,6.4,38.0,1.33,3.93,2.45,25.9,0.64,66.5,0,0.0,360,720
2.95,125.3,375.6,0.63,4.88,3.0,47.8,0.33,109.9,0,0.08,360,720
2.09,33.6,94.5,1.98,5.95,3.67,36.6,0.82,70.1,0,0.0,360,720
2.6,139.5,389.6,1.38,7.91,3.28,89.0,0.46,46.3,0,0.0,357,720
1.03,14.4,58.3,3.22,8.5,3.66,46.2,0.62,67.9,0,0.0,360,720
1.54,42.5,143.9,0.54,0.83,3.82,20.1,0.24,133.4,1,0.6,40,147
3.09,8.8,38.6,2.43,9.05,2.95,45.8,0.6,86.6,0,0.0,360,720
4.35,10.6,30.5,1.56,9.38,1.84,39.1,0.5,56.9,0,0.0,356,720
0.51,25.1,109.9,1.45,5.95,1.23,60.0,0.75,104.0,0,0.0,360,720
4.04,13.5,54.3,0.88,1.91,4.52,32.0,0.23,95.7,1,0.34,59,190
2.72,6.4,20.5,0.37,8.19,4.85,17.7,0.7,88.5,0,0.0,360,720
2.67,10.7,44.4,4.44,5.51,1.8,22.2,0.82,64.8,0,0.0,360,720
2.4,1.3,49.1,1.17,8.18,0.58,36.2,0.21,20.1,0,0.0,360,720
0.59,42.7,119.3,2.81,8.16,1.13,41.1,0.8,96.9,0,0.0,360,720
0.68,23.7,130.1,6.79,0.91,3.36,77.6,0.3,68.8,0,0.0,360,720
2.82,3.5,58.1,2.13,6.09,0.88,35.3,0.76,70.0,0,0.0,360,720
1.73,6.6,72.0,1.41,4.86,3.91,17.4,0.56,42.8,0,0.0,356,720
4.15,3.8,58.8,0.99,9.46,4.62,73.6,0.64,44.9,0,0.0,359,720
2.01,33.2,91.7,6.28,3.0,4.82,80.2,0.47,120.2,0,0.0,357,720
0.9,3.5,55.7,2.82,2.1,0.07,51.9,0.4,77.1,0,0.0,359,720
3.3,49.1,140.8,2.71,8.98,4.79,36.4,0.26,25.3,0,0.0,350,720
1.53,0.7,44.3,1.52,1.53,3.71,72.9,0.89,16.4,0,0.0,360,720
2.51,10.0,31.5,4.4,6.88,0.44,15.7,0.69,41.5,0,0.0,358,720
3.23,77.5,206.0,3.05,3.04,2.09,84.3,0.99,78.2,0,0.0,360,720
4.08,44.4,143.9,1.03,5.7,3.51,79.9,0.88,96.4,0,0.0,360,720
3.63,2.7,45.5,2.31,6.18,4.78,55.9,0.9,30.1,0,0.0,359,720
3.14,60.2,167.6,1.54,4.2,0.84,35.8,0.68,70.7,0,0.0,354,720
3.15,23.8,95.9,0.31,9.75,0.66,17.5,0.26,20.2,0,0.06,355,720
4.27,65.7,204.1,3.93,1.36,2.37,90.0,0.93,15.3,0,0.0,359,720
1.54,32.1,140.4,0.59,3.94,4.84,72.2,0.29,130.9,0,0.0,358,720
0.3,40.1,120.7,1.87,4.33,4.86,40.4,0.61,102.2,0,0.0,355,720
1.44,176.3,400.0,1.2,6.33,1.16,16.4,0.89,119.4,0,0.0,357,720
1.22,9.3,38.0,1.22,4.1,1.61,62.9,0.58,35.5,0,0.0,360,720
3.08,34.2,143.6,1.73,1.02,4.54,89.0,0.33,55.1,0,0.0,360,720
2.96,21.6,54.0,13.1,9.48,3.68,68.0,0.5,72.1,0,0.0,354,720
2.79,1.4,20.3,1.45,4.19,4.86,21.3,0.99,102.1,0,0.0,356,720
0.37,0.5,16.7,0.74,3.46,4.47,45.2,1.0,84.9,0,0.0,360,720
3.36,4.4,21.6,2.39,4.49,1.09,23.2,0.77,87.2,0,0.0,359,720
1.66,36.7,117.7,0.89,2.21,3.8,83.4,0.91,32.0,0,0.0,358,720
3.09,29.3,139.7,0.55,1.05,0.26,39.8,0.24,76.5,1,1.35,39,180
2.64,28.2,95.6,0.41,1.53,4.09,70.0,0.42,125.3,1,0.84,37,147
1.74,1.1,28.3,0.35,1.71,3.02,21.4,0.5,81.3,1,0.28,48,107
0.87,22.2,58.0,1.54,2.02,4.78,24.6,0.21,38.0,0,0.0,356,720
0.7,90.5,329.8,1.52,4.23,4.8,66.0,0.5,67.9,0,0.0,352,720
3.79,17.7,107.5,0.75,6.26,0.27,78.3,0.27,115.7,0,0.07,359,720
4.16,34.3,137.8,3.67,6.31,0.82,30.1,0.61,28.9,0,0.0,353,720
3.03,53.0,109.6,0.6,0.05,2.43,46.4,0.2,91.3,1,1.56,15,139
0.73,53.6,191.8,5.73,9.21,4.4,61.5,0.42,145.1,0,0.0,350,720
1.99,25.6,109.6,2.25,8.24,4.08,74.7,0.89,63.2,0,0.0,360,720
3.36,68.3,196.9,0.36,9.64,4.82,62.1,0.37,16.1,0,0.0,353,720
3.58,17.4,84.3,7.55,3.63,3.1,22.2,0.25,98.6,0,0.0,358,720
0.8,76.8,319.2,1.11,6.66,1.3,55.7,0.4,16.6,0,0.0,360,720
0.3,9.6,62.6,1.62,1.72,0.15,81.3,0.86,36.8,0,0.0,360,720
3.29,11.5,80.3,1.04,8.18,1.13,80.1,0.67,16.8,0,0.0,360,720
1.8,1.9,12.4,3.17,1.66,3.38,58.9,0.67,33.9,0,0.0,360,720
1.37,55.6,207.9,1.76,3.29,4.63,89.7,0.2,129.7,0,0.0,358,720
0.35,18.9,67.0,0.61,4.93,1.62,22.9,0.58,112.9,0,0.0,360,720
2.57,9.1,56.2,0.54,5.97,4.38,50.9,0.41,57.9,0,0.0,360,720
3.87,9.2,43.9,3.14,5.62,1.99,73.1,0.47,135.6,0,0.0,360,720
4.32,81.1,193.1,0.9,1.07,1.56,25.6,0.68,103.1,1,1.44,35,216
2.68,62.8,157.7,0.63,4.25,2.55,88.0,0.9,72.7,0,0.0,357,720
2.46,28.2,97.3,1.82,9.23,2.22,41.6,0.35,19.6,0,0.0,359,720
0.66,33.5,102.9,3.87,8.73,4.57,41.3,0.81,112.3,0,0.0,353,720
2.61,22.5,89.7,1.02,5.93,2.35,31.0,0.24,62.6,0,0.0,359,720
1.9,17.4,67.7,1.01,5.74,1.4,36.6,0.46,52.4,0,0.0,357,720
2.85,86.5,223.6,4.25,1.16,4.22,58.3,0.38,50.4,0,0.0,360,720
1.93,4.7,62.8,0.65,2.04,4.99,47.2,0.93,11.1,0,0.02,353,720
1.31,19.0,60.6,2.41,2.56,3.25,29.5,0.34,114.0,0,0.0,358,720
0.7,14.8,76.2,7.12,4.91,1.27,75.7,0.66,30.3,0,0.0,357,720
1.62,24.1,68.3,4.35,7.33,1.21,19.7,0.33,82.9,0,0.0,360,720
0.71,21.4,90.9,0.44,4.63,0.31,77.6,0.58,12.3,0,0.0,354,720
1.04,25.6,56.8,1.15,1.3,0.4,35.6,0.53,97.9,0,0.0,360,720
4.45,5.3,40.3,0.64,4.42,4.58,52.2,0.23,61.7,0,0.0,360,720
2.17,25.2,98.4,6.86,1.67,0.5,43.6,0.86,98.3,0,0.0,360,720
2.53,9.7,38.3,9.68,7.52,2.43,57.8,0.82,22.6,0,0.0,356,720
3.97,7.1,66.0,0.89,1.71,3.5,74.7,0.42,47.3,1,0.51,52,178
4.48,2.3,37.1,2.74,4.85,4.25,89.2,0.69,25.4,0,0.0,360,720
2.75,50.3,159.2,4.35,6.95,0.87,38.0,0.49,100.4,0,0.0,353,720
3.71,19.5,51.9,0.89,2.32,2.2,56.5,0.82,25.2,0,0.06,357,720
1.67,34.5,139.7,0.76,0.81,1.27,50.0,0.75,96.4,1,0.32,51,187
1.58,45.5,93.2,0.32,5.65,1.29,89.9,0.27,28.9,0,0.0,360,720
1.99,39.8,184.6,1.47,0.59,1.53,75.7,0.88,142.1,1,0.19,72,205
3.12,22.3,103.9,5.35,5.9,2.94,44.8,0.34,68.3,0,0.0,359,720
3.17,17.2,60.6,5.43,7.55,0.1,50.8,0.34,27.7,0,0.0,360,720
1.62,16.5,72.5,0.6,3.33,2.06,33.4,0.79,15.9,0,0.0,356,720
0.86,35.8,109.1,0.8,4.91,0.95,71.6,0.35,56.1,0,0.0,358,720
2.96,23.9,92.0,1.45,9.29,4.84,78.4,0.3,134.8,0,0.0,360,720
0.84,66.2,167.2,3.64,4.74,2.92,87.4,0.47,30.1,0,0.0,357,720
2.73,72.7,282.8,2.38,9.97,4.34,57.4,0.87,120.7,0,0.0,358,720
3.21,6.5,66.0,1.89,1.61,0.99,65.3,0.34,68.4,0,0.0,360,720
3.24,5.1,49.9,2.27,7.1,4.05,48.5,0.47,122.4,0,0.0,359,720
3.46,34.8,109.5,0.52,6.54,2.09,60.7,0.43,132.4,0,0.0,360,720
3.97,12.5,29.4,1.73,8.73,0.9,41.2,0.48,149.7,0,0.0,352,720
2.4,0.7,13.9,10.94,0.97,3.81,70.3,0.77,19.5,0,0.0,359,720
3.37,76.8,239.4,0.5,2.84,3.81,16.7,0.52,121.5,1,0.6,46,253
2.9,9.0,45.6,1.91,1.37,4.98,17.1,0.81,19.8,0,0.0,356,720
1.08,92.7,286.6,1.07,9.33,3.91,68.7,0.71,54.1,0,0.0,359,720
0.41,44.2,144.4,2.01,4.3,0.74,84.8,0.49,100.5,0,0.0,360,720
1.5,50.3,101.4,2.18,9.11,1.63,62.4,0.55,72.6,0,0.0,356,720
2.16,7.9,54.5,2.2,2.98,2.27,69.5,0.76,89.1,0,0.0,360,720
2.89,9.3,45.0,4.51,1.31,0.65,76.8,0.63,145.3,0,0.0,360,720
3.87,25.8,88.1,1.39,3.0,3.94,42.1,0.89,124.6,0,0.0,360,720
1.12,6.6,25.7,1.9,5.99,2.64,23.1,0.95,60.9,0,0.0,360,720
0.83,12.8,32.1,0.32,8.46,4.72,85.0,0.77,94.0,0,0.0,355,720
4.35,13.6,92.6,3.73,3.88,2.95,85.4,0.99,16.8,0,0.0,360,720
0.75,6.1,56.0,0.96,9.15,2.62,48.1,0.68,73.4,0,0.0,354,720
2.31,8.0,16.7,4.03,2.48,0.38,31.3,0.23,95.2,0,0.0,360,720
2.76,54.4,218.3,0.98,6.95,0.76,81.9,0.6,110.1,0,0.0,357,720
2.57,6.4,27.8,0.32,7.37,4.25,68.1,0.38,136.2,0,0.0,358,720
0.66,1.0,32.0,0.67,2.78,4.95,15.6,0.47,49.6,0,0.0,359,720
0.54,34.7,105.3,9.64,0.32,2.09,23.1,0.59,136.3,0,0.0,360,720
0.74,130.5,400.0,1.15,3.68,4.05,88.7,0.44,102.6,0,0.0,360,720
2.76,14.1,40.1,0.55,0.5,3.15,17.9,0.45,20.9,1,0.92,38,129
2.59,4.4,18.6,0.58,9.01,4.8,36.2,0.52,63.2,0,0.0,356,720
1.28,29.6,110.6,1.12,9.54,1.21,56.1,0.43,76.7,0,0.0,353,720
2.98,82.9,230.5,0.38,7.37,2.73,28.8,0.34,59.3,0,0.0,360,720
3.74,53.6,207.3,1.88,7.28,2.06,32.4,0.81,26.2,0,0.0,360,720
0.47,34.1,64.4,0.83,2.45,2.72,41.5,0.52,87.2,0,0.0,359,720
2.39,13.2,78.7,1.91,0.79,1.36,35.2,0.87,28.4,0,0.0,360,720
3.2,27.3,138.9,0.63,8.03,2.5,75.3,0.91,138.1,0,0.0,360,720
1.36,3.3,58.6,1.54,5.61,3.13,52.5,0.8,131.1,0,0.0,358,720
1.59,39.8,151.0,2.3,6.83,0.42,35.9,0.52,76.5,0,0.0,357,720
2.88,45.2,142.3,0.44,7.81,3.72,38.5,0.78,19.5,0,0.0,353,720
4.07,117.4,266.5,1.42,4.12,3.54,18.0,0.32,87.3,0,0.0,355,720
3.7,10.6,60.0,1.09,1.49,4.4,18.7,0.73,92.9,1,0.33,65,179
2.75,0.7,18.6,0.9,7.96,2.14,68.8,0.52,134.4,0,0.0,360,720
3.37,27.6,139.9,2.34,4.56,0.33,23.5,0.72,19.5,0,0.0,357,720
1.83,42.9,121.8,2.25,8.28,2.32,50.7,0.8,106.9,0,0.0,360,720
2.99,54.7,213.9,2.49,4.41,0.71,78.2,0.65,88.8,0,0.0,360,720
2.26,7.5,39.0,0.68,2.21,3.24,42.6,0.71,34.5,0,0.01,360,720
1.1,10.6,41.9,1.04,1.75,0.25,40.9,0.37,27.0,0,0.0,360,720
3.25,25.2,67.4,0.82,7.45,1.88,80.5,0.67,107.2,0,0.0,360,720
2.64,14.0,40.3,2.01,5.77,0.43,79.9,0.57,57.6,0,0.0,359,720
1.81,68.9,226.7,1.66,4.08,0.04,81.0,0.54,150.0,0,0.0,358,720
4.13,22.5,92.9,1.18,4.95,4.8,57.9,0.53,135.2,0,0.0,360,720
0.39,56.3,184.2,3.69,5.52,4.98,86.4,0.45,89.2,0,0.0,360,720
1.63,30.4,116.2,0.52,2.43,2.79,76.4,0.44,99.8,0,0.12,353,720
0.54,51.9,135.4,8.41,3.81,1.21,46.2,0.76,32.2,0,0.0,360,720
3.52,14.2,97.2,0.57,2.96,4.56,62.2,0.65,135.2,1,0.33,59,203
3.25,62.3,198.0,3.56,3.91,4.62,24.1,0.22,74.3,0,0.0,360,720
1.69,11.2,44.6,1.31,5.03,4.28,56.3,0.24,83.0,0,0.0,360,720
3.14,27.6,114.2,4.71,1.77,2.73,34.7,0.66,132.2,0,0.0,355,720
1.96,8.4,38.2,0.47,3.97,0.39,36.3,0.88,10.9,0,0.0,360,720
3.48,22.6,95.7,1.33,3.89,0.46,24.4,0.24,79.2,0,0.0,358,720
2.21,13.4,61.7,1.2,2.9,4.49,41.9,0.61,97.7,0,0.0,358,720
2.03,10.9,69.1,11.27,9.99,4.38,51.1,0.88,32.3,0,0.0,360,720
4.23,119.4,304.2,9.62,0.78,2.18,60.0,0.2,19.6,0,0.0,359,720
1.35,6.1,43.8,0.76,6.45,1.65,37.9,0.42,84.9,0,0.0,360,720
0.81,54.2,206.1,2.49,1.79,3.23,74.4,0.94,86.7,0,0.0,360,720
2.76,145.1,400.0,1.99,8.4,4.04,54.1,0.27,56.2,0,0.0,360,720
4.37,0.7,2.6,0.67,9.15,3.66,62.9,0.69,133.5,0,0.0,360,720
1.89,42.0,142.7,0.7,4.04,3.09,35.9,0.61,52.2,0,0.0,360,720
0.56,10.2,27.1,10.27,8.24,1.17,76.1,0.32,82.3,0,0.0,358,720
1.73,1.4,33.2,1.63,2.54,1.33,61.8,0.23,36.1,0,0.0,360,720
2.42,18.0,71.5,0.6,1.44,3.63,79.7,0.6,11.6,1,0.38,37,126
0.98,95.8,160.4,0.83,3.19,4.02,27.0,0.79,69.6,0,0.0,360,720
3.06,0.4,4.0,0.99,3.45,0.6,43.5,0.34,83.8,0,0.0,359,720
4.49,31.0,138.3,1.87,4.0,0.95,23.5,0.75,117.1,0,0.0,360,720
2.2,24.4,60.7,1.2,3.76,3.41,31.2,0.64,72.8,0,0.0,360,720
1.79,72.3,117.2,1.64,4.14,1.96,44.6,0.49,49.0,0,0.0,360,720
1.98,3.1,47.8,0.7,7.11,2.83,82.1,0.73,94.6,0,0.0,360,720
0.78,40.0,143.0,1.17,2.49,3.08,56.8,0.35,63.4,0,0.0,353,720
4.01,39.9,161.4,0.46,0.23,3.89,39.8,0.57,42.7,1,2.19,15,181
2.04,38.7,148.3,5.15,4.92,4.03,71.0,0.64,137.4,0,0.0,359,720
1.93,99.9,288.2,0.79,4.51,1.41,16.5,0.57,85.1,0,0.0,360,720
3.07,60.6,152.1,3.41,0.65,2.72,42.8,0.52,38.1,0,0.0,360,720
2.16,1.5,32.5,1.25,1.38,0.64,60.1,0.79,103.9,0,0.0,357,720
3.02,22.3,115.0,1.72,5.12,4.21,58.7,0.72,122.4,0,0.0,349,720
0.56,17.8,91.0,1.06,2.39,4.23,60.6,0.71,116.2,0,0.0,360,720
3.72,13.0,61.6,2.92,8.78,1.51,30.9,0.91,93.9,0,0.0,360,720
4.25,21.0,54.0,4.4,1.77,0.82,40.3,0.99,82.7,0,0.0,360,720
3.02,17.0,87.3,1.04,0.25,0.37,84.9,0.65,118.8,1,1.32,51,158
4.31,19.8,90.5,0.91,4.5,2.88,88.0,0.48,109.1,0,0.0,360,720
0.94,135.7,400.0,2.82,9.86,0.48,38.4,0.82,90.0,0,0.0,356,720
2.31,3.2,56.2,0.78,6.36,3.41,63.3,0.31,102.1,0,0.0,360,720
2.83,89.4,343.1,2.55,3.57,3.4,33.1,0.61,33.6,0,0.0,360,720
2.74,22.9,72.0,0.52,0.22,3.08,42.6,0.62,12.8,1,1.28,32,138
1.99,34.2,82.9,2.43,4.88,4.39,74.4,0.99,140.4,0,0.0,356,720
1.72,62.1,218.9,1.88,2.1,1.9,52.6,0.99,140.9,0,0.0,355,720
0.83,15.6,63.9,0.57,6.5,4.51,78.7,0.84,120.3,0,0.0,360,720
1.95,19.7,78.7,2.6,5.85,0.2,62.2,0.58,62.1,0,0.0,360,720
0.98,18.4,68.0,1.6,2.69,0.58,62.2,0.64,31.1,0,0.0,360,720
3.38,16.4,75.4,0.84,0.74,2.07,17.5,0.46,60.0,1,1.03,53,181
1.18,90.9,349.7,1.26,7.56,2.98,71.2,0.86,111.7,0,0.0,360,720
0.55,61.8,182.7,1.79,5.88,0.18,88.3,0.8,56.9,0,0.0,358,720
2.62,4.0,48.9,0.51,8.43,2.85,50.5,0.82,121.4,0,0.0,360,720
2.8,4.0,54.0,7.25,2.64,1.55,26.9,0.31,104.2,0,0.0,360,720
3.96,19.5,115.2,2.71,6.55,4.44,88.3,0.52,98.2,0,0.0,360,720
2.72,3.6,46.8,0.54,1.23,2.68,36.8,0.63,140.2,1,0.86,45,142
1.75,33.8,96.2,4.11,2.95,2.95,45.7,0.3,135.1,0,0.0,355,720
3.67,5.4,27.7,1.16,6.58,4.73,20.8,0.49,109.6,0,0.0,360,720
2.57,25.9,63.6,2.3,8.26,3.83,23.3,0.27,37.9,0,0.0,359,720
0.63,0.3,42.6,1.01,3.24,2.2,31.2,0.97,141.4,0,0.0,350,720
2.68,13.3,69.8,3.21,8.0,2.39,56.1,0.8,41.8,0,0.0,353,720
4.11,39.6,142.6,3.12,6.79,3.25,56.8,0.7,62.2,0,0.0,353,720
1.96,23.2,54.3,2.07,3.52,1.02,60.5,0.36,125.7,0,0.0,360,720
1.54,134.0,309.4,0.91,8.77,0.46,58.8,0.47,39.2,0,0.0,360,720
0.9,72.5,185.8,0.94,5.12,1.57,52.1,0.32,99.4,0,0.0,360,720
0.94,15.6,91.4,1.36,6.5,3.9,75.2,0.63,74.1,0,0.0,358,720
2.12,1.6,14.5,0.64,4.98,1.3,85.0,0.86,97.4,0,0.0,355,720
2.8,65.4,239.1,1.21,4.55,0.67,35.2,0.22,144.1,0,0.0,360,720
0.64,84.8,222.2,2.84,8.49,1.11,24.8,0.28,123.2,0,0.0,360,720
4.25,60.1,217.1,4.21,2.98,3.4,46.9,0.38,51.4,0,0.0,356,720
3.47,4.8,35.9,1.19,0.41,3.08,17.0,0.77,18.0,1,0.87,75,203
2.76,180.0,400.0,0.89,8.8,3.45,81.2,0.92,145.4,1,0.17,107,386
3.78,10.5,50.1,4.23,8.26,1.62,33.0,0.8,91.9,0,0.0,356,720
0.64,45.1,146.3,5.17,3.7,4.51,56.2,0.62,34.2,0,0.0,359,720
2.3,83.5,223.7,1.46,1.9,2.27,23.6,0.28,97.8,0,0.0,358,720
2.95,9.4,19.1,0.36,6.77,2.58,56.5,0.8,15.9,0,0.0,360,720
3.78,83.6,245.0,2.91,0.83,4.75,17.9,0.28,36.3,0,0.0,353,720
3.59,13.0,64.2,3.67,4.27,4.9,72.7,0.48,98.6,0,0.0,356,720
1.46,131.1,400.0,0.34,0.9,3.31,86.7,0.45,66.3,1,0.83,21,275
4.25,11.6,73.1,2.29,6.0,4.73,38.0,0.49,55.5,0,0.0,352,720
0.82,107.3,176.1,2.25,0.32,2.72,34.4,0.46,101.8,0,0.0,359,720
3.98,1.9,29.7,1.35,6.31,1.55,48.6,0.82,131.3,0,0.0,354,720
4.38,43.2,133.4,3.35,6.75,1.59,61.5,0.34,105.0,0,0.0,360,720
1.04,26.6,82.3,1.53,4.9,2.8,29.2,0.88,74.9,0,0.0,360,720
3.33,22.7,92.7,2.78,1.79,3.03,75.2,0.89,102.2,0,0.0,353,720
0.47,8.9,49.9,1.9,1.06,2.21,29.9,0.59,107.4,0,0.0,355,720
2.0,42.8,120.7,0.93,3.17,4.42,15.4,0.28,118.5,0,0.0,360,720
2.47,7.4,31.5,2.35,4.68,2.14,54.3,0.66,53.0,0,0.0,348,720
2.74,28.2,123.0,3.24,6.44,1.38,23.6,0.86,26.0,0,0.0,354,720
4.23,10.2,85.7,8.32,0.06,0.06,67.4,0.43,105.5,0,0.0,356,720
3.12,109.0,400.0,1.35,7.13,4.85,27.6,0.87,27.0,0,0.0,360,720
2.32,1.0,35.2,0.45,7.14,4.13,76.3,0.74,74.7,0,0.0,357,720
3.7,7.8,56.7,10.02,4.47,3.09,50.3,0.99,42.3,0,0.0,360,720
4.29,9.7,48.1,2.45,3.47,4.16,57.5,0.86,56.5,0,0.0,358,720
0.39,18.7,67.3,6.74,8.43,4.06,29.0,0.36,75.9,0,0.0,360,720
4.43,9.3,39.2,0.54,7.86,4.66,26.0,0.56,135.5,0,0.0,352,720
0.66,23.7,74.8,1.22,9.83,1.94,62.3,0.28,105.3,0,0.0,356,720
3.72,72.1,308.5,0.62,3.75,2.78,34.2,0.26,34.0,1,0.24,54,312
1.48,43.6,125.4,4.27,9.07,0.51,43.9,0.76,133.1,0,0.0,360,720
0.86,30.4,98.7,4.97,0.92,4.83,51.0,0.93,80.1,0,0.0,360,720
2.15,3.3,31.2,1.83,4.14,4.93,32.2,0.98,38.6,0,0.0,360,720
3.0,41.4,189.1,0.75,4.68,3.95,74.7,0.42,83.8,0,0.0,360,720
1.9,6.4,68.0,0.6,4.44,2.28,85.5,0.36,36.7,0,0.0,360,720
0.53,54.0,249.2,2.25,6.27,2.49,47.4,0.65,61.4,0,0.0,360,720
2.82,10.1,68.1,1.85,1.74,2.19,83.8,0.36,122.8,0,0.0,355,720
4.09,18.9,51.5,2.91,8.67,1.48,81.2,0.44,102.2,0,0.0,352,720
1.91,15.1,87.2,1.1,5.54,2.65,27.5,0.87,76.9,0,0.0,354,720
1.21,68.5,207.1,1.43,9.05,0.29,28.0,0.85,41.7,0,0.0,352,720
2.16,4.7,26.0,0.35,0.08,4.96,50.8,0.92,49.5,1,1.08,31,114
0.5,29.2,112.6,2.37,6.32,2.13,54.4,0.59,147.0,0,0.0,360,720
3.75,5.4,40.3,1.51,4.15,4.64,40.6,0.65,58.0,0,0.0,355,720
3.77,42.7,170.2,5.85,5.08,3.63,38.5,0.82,96.3,0,0.0,360,720
2.77,82.4,202.1,2.56,7.45,1.46,47.4,0.39,80.0,0,0.0,360,720
1.78,20.0,55.1,1.42,2.31,1.13,66.8,0.86,13.2,0,0.0,357,720
3.66,23.4,61.6,0.97,2.09,4.98,21.3,0.21,142.3,1,0.36,59,178
2.63,91.8,163.1,5.49,7.04,3.87,68.3,0.84,22.3,0,0.0,360,720
3.77,25.8,86.1,0.34,5.24,1.26,84.5,0.82,102.2,0,0.04,348,720
2.95,23.4,80.0,1.17,2.37,0.36,72.3,0.44,123.5,0,0.02,360,720
3.59,30.2,56.2,6.62,4.87,3.49,29.4,0.78,114.8,0,0.0,360,720
2.81,40.9,178.3,2.64,4.62,1.53,21.6,0.37,123.3,0,0.0,357,720
2.04,4.0,50.8,1.97,6.93,1.12,51.8,0.66,113.6,0,0.0,360,720
4.32,60.2,268.7,0.8,0.08,3.68,86.7,0.76,72.4,1,2.29,31,286
2.57,20.0,90.7,4.24,5.89,3.4,76.4,0.77,135.5,0,0.0,353,720
2.84,2.6,15.2,0.8,6.08,2.42,57.2,0.99,137.7,0,0.0,359,720
1.23,54.0,110.1,0.93,7.47,4.71,25.7,0.35,71.2,0,0.0,360,720
2.93,16.6,53.6,0.77,8.9,3.4,68.5,0.58,77.9,0,0.0,360,720
2.7,3.7,57.9,0.68,4.43,4.47,76.0,0.9,78.0,0,0.0,360,720
1.08,35.2,137.6,7.04,3.46,0.97,85.1,0.65,49.0,0,0.0,360,720
0.55,74.2,202.3,2.33,1.07,1.5,60.9,0.9,26.1,0,0.0,354,720
2.84,76.5,199.7,2.53,3.4,0.54,53.6,0.55,46.7,0,0.0,355,720
3.51,110.7,400.0,7.09,0.73,1.54,61.4,0.84,128.2,0,0.0,347,720
2.5,70.8,205.0,0.88,8.04,4.86,85.7,0.9,86.0,0,0.0,355,720
1.25,0.1,33.8,0.31,8.08,4.82,62.1,0.88,129.0,0,0.0,357,720
3.1,16.7,63.4,2.31,4.2,3.81,34.3,0.9,114.3,0,0.0,360,720
0.64,59.7,209.8,1.86,2.63,2.61,62.7,0.38,58.8,0,0.0,360,720
2.16,16.0,38.0,1.73,1.22,3.91,81.0,0.55,35.9,0,0.0,355,720
0.99,32.2,124.5,0.44,8.52,2.78,57.5,0.34,89.4,0,0.0,359,720
1.07,32.6,80.4,1.63,8.78,0.04,52.7,0.34,141.0,0,0.0,360,720
1.15,15.9,47.4,1.05,2.7,2.52,70.0,0.59,127.5,0,0.0,359,720
1.92,82.2,312.3,1.01,6.24,3.0,64.6,0.97,116.9,0,0.0,360,720
0.51,24.5,84.5,0.85,2.62,1.34,19.3,0.67,117.0,0,0.0,360,720
1.97,21.9,97.4,1.19,2.29,1.03,69.4,0.88,83.9,0,0.0,355,720
2.45,180.0,349.4,1.26,0.26,1.38,45.6,0.95,33.7,1,1.24,19,244
2.33,23.8,87.6,1.11,5.79,3.13,85.6,0.27,50.0,0,0.0,360,720
1.91,6.9,15.8,8.77,1.54,0.75,87.8,0.33,90.9,0,0.0,360,720
3.82,25.2,78.0,6.24,0.17,3.61,48.7,0.43,54.3,0,0.0,353,720
0.91,58.9,203.8,2.18,1.09,2.12,87.7,0.69,119.4,0,0.0,355,720
2.42,52.5,238.3,9.03,3.17,1.78,38.3,0.25,62.3,0,0.0,359,720
0.56,54.4,113.6,10.71,6.71,4.04,66.2,0.83,25.9,0,0.0,360,720
0.6,43.1,146.1,1.27,2.07,2.54,20.6,0.25,119.6,0,0.0,360,720
2.71,10.3,36.6,1.6,8.88,1.9,25.9,0.33,107.7,0,0.0,360,720
2.68,69.3,234.8,7.33,2.92,4.39,79.8,0.51,45.4,0,0.0,358,720
3.99,78.4,285.6,2.36,3.35,1.85,82.0,0.65,147.4,0,0.0,360,720
2.64,7.6,24.5,0.83,2.22,4.3,54.9,0.91,66.4,0,0.0,356,720
4.33,4.9,40.8,2.87,2.58,2.53,40.5,0.97,105.3,0,0.0,358,720
0.5,130.0,400.0,0.81,0.79,1.06,48.8,0.91,137.5,1,0.5,25,234
0.71,71.0,209.7,1.21,2.98,3.07,80.2,0.29,31.8,0,0.0,356,720
0.49,78.3,121.2,0.87,8.6,1.44,30.8,0.7,133.1,0,0.0,356,720
1.08,76.1,158.5,0.92,6.9,0.75,37.1,0.55,108.5,0,0.0,359,720
2.57,27.3,85.6,0.31,8.76,0.45,73.9,0.3,33.5,0,0.02,360,720
3.01,36.4,130.6,4.98,1.09,1.22,85.1,0.64,103.0,0,0.0,360,720
0.49,27.6,60.5,1.07,4.58,3.69,22.0,0.49,132.4,0,0.0,358,720
4.27,1.8,29.2,0.5,2.33,4.19,75.3,0.48,121.9,1,0.76,49,166
3.84,47.9,145.6,0.5,7.23,4.31,63.4,0.28,116.5,0,0.0,359,720
1.55,24.6,107.5,2.09,9.7,1.37,32.3,0.98,32.6,0,0.0,360,720
0.62,36.5,137.0,11.19,8.16,3.31,71.7,0.78,36.7,0,0.0,354,720
1.01,24.4,88.0,0.64,0.4,1.17,69.6,0.42,86.7,1,0.19,59,133
0.83,23.7,118.6,0.53,3.2,3.12,25.7,0.93,91.2,0,0.0,360,720
0.82,6.6,26.3,1.57,0.33,4.44,52.7,0.96,142.1,0,0.0,360,720
2.48,11.4,40.4,2.12,0.45,0.22,71.9,0.85,75.6,0,0.0,360,720
1.33,6.1,42.0,1.07,0.84,4.93,29.4,0.73,52.4,0,0.0,360,720
1.8,7.6,31.1,1.09,2.8,4.14,49.7,0.5,36.7,0,0.0,351,720
4.46,126.4,400.0,1.52,3.08,3.81,24.1,0.55,17.6,0,0.0,354,720
3.17,5.8,33.0,1.13,4.03,3.46,38.0,0.56,19.6,0,0.0,360,720
4.29,11.0,55.0,5.73,4.08,3.86,31.3,0.96,90.4,0,0.0,360,720
0.9,31.3,88.9,0.39,7.73,4.97,52.9,0.81,34.7,0,0.0,360,720
1.9,33.0,91.0,0.89,1.46,3.86,25.6,0.43,129.2,0,0.09,360,720
2.63,5.9,47.2,3.94,1.62,1.77,43.7,0.7,93.5,0,0.0,355,720
0.62,55.2,163.4,4.25,6.28,3.08,35.6,0.68,131.1,0,0.0,360,720
0.32,53.8,165.5,0.56,5.74,1.7,71.0,0.85,69.8,0,0.0,360,720
3.12,9.5,74.2,8.31,1.58,4.85,67.5,0.28,93.4,0,0.0,360,720
3.0,11.9,68.1,2.9,8.53,4.5,22.1,0.76,83.6,0,0.0,360,720
2.03,97.3,319.7,1.0,3.32,2.85,86.5,0.46,148.1,0,0.0,357,720
2.36,61.1,155.7,1.64,3.7,3.91,70.9,0.3,121.6,0,0.0,360,720
2.04,41.9,205.7,1.08,4.23,4.55,61.2,0.79,93.4,0,0.0,360,720
0.4,3.0,40.9,0.66,3.26,1.23,50.8,0.47,94.9,0,0.0,360,720
1.71,19.0,88.6,1.06,5.6,2.91,28.3,0.78,44.8,0,0.0,360,720
1.04,28.7,91.5,2.21,3.92,2.42,87.2,0.33,112.9,0,0.0,360,720
0.71,7.3,23.3,4.15,2.63,3.86,15.6,0.99,147.6,0,0.0,350,720
4.32,20.8,90.5,1.29,9.05,1.91,66.9,0.84,28.1,0,0.0,360,720
2.82,32.2,98.6,1.24,3.12,3.55,53.1,0.43,99.2,0,0.0,360,720
3.36,13.9,48.2,1.69,7.0,2.03,82.7,0.79,82.5,0,0.0,356,720
1.62,53.1,144.5,2.58,3.5,0.57,43.6,0.31,129.1,0,0.0,358,720
1.95,64.2,199.9,3.36,4.38,0.55,53.9,0.72,10.0,0,0.0,360,720
1.3,13.7,59.5,1.17,2.4,0.61,70.7,0.25,29.1,0,0.0,360,720
0.71,63.8,214.4,2.24,7.54,0.18,18.6,0.47,15.2,0,0.0,360,720
1.05,3.8,34.6,1.39,7.39,2.67,19.1,0.98,32.8,0,0.0,357,720
3.65,63.6,198.2,3.07,0.27,3.37,30.9,0.3,109.1,0,0.0,356,720
3.15,5.8,39.2,0.7,0.65,0.65,26.0,0.68,29.6,1,1.12,42,145
2.6,3.0,35.3,0.95,9.23,3.07,15.5,0.26,97.1,0,0.0,357,720
2.3,35.9,121.5,1.52,8.89,3.0,61.7,0.74,131.5,0,0.0,359,720
4.17,22.3,61.0,5.14,5.09,0.75,74.7,0.42,14.8,0,0.0,360,720
0.61,83.5,185.6,2.17,4.96,2.03,86.8,0.45,13.8,0,0.0,356,720
1.48,15.8,92.7,7.7,8.13,3.78,48.1,0.47,148.6,0,0.0,360,720
1.77,11.8,73.0,0.54,1.43,0.1,36.0,0.36,104.3,1,0.25,55,132
3.59,24.3,125.6,1.66,6.55,0.75,79.8,0.95,29.7,0,0.0,360,720
4.47,21.3,80.5,1.49,4.79,4.98,78.3,0.92,52.9,0,0.0,356,720
1.31,14.8,79.4,2.32,7.45,3.67,61.9,0.9,147.9,0,0.0,360,720
3.97,41.4,129.9,3.98,0.35,2.33,35.5,0.29,41.8,0,0.0,360,720
3.79,49.9,126.7,4.35,5.95,3.16,83.1,0.39,115.4,0,0.0,360,720
1.24,67.1,136.0,2.74,5.59,4.23,28.4,0.69,43.8,0,0.0,359,720
1.98,126.2,400.0,2.56,8.42,4.21,18.3,0.98,65.8,0,0.0,360,720
2.02,10.9,63.8,6.85,6.78,1.64,74.7,0.68,133.3,0,0.0,354,720
4.41,44.1,172.9,1.36,8.81,2.47,57.3,0.46,14.0,0,0.0,355,720
1.06,17.5,68.4,4.23,8.88,3.2,33.5,0.85,53.0,0,0.0,358,720
3.66,39.6,172.2,5.9,4.11,0.38,65.3,0.31,78.2,0,0.0,360,720
1.7,22.6,129.9,1.79,1.42,4.73,72.5,0.91,97.6,0,0.0,360,720
3.37,177.8,400.0,3.17,6.32,2.18,78.3,0.98,14.0,0,0.0,349,720
2.06,45.7,171.7,1.34,8.74,1.87,36.2,0.97,67.5,0,0.0,355,720
2.73,106.6,219.7,0.68,0.8,4.54,16.9,0.32,58.2,1,1.01,24,206
3.8,63.1,116.9,2.24,5.6,0.61,53.3,0.64,13.8,0,0.0,360,720
3.68,81.6,312.4,0.78,1.19,0.22,79.2,0.67,59.8,1,1.56,33,294
3.94,58.9,137.1,1.65,0.32,3.43,30.6,0.36,140.4,1,1.11,38,224
0.55,21.5,110.6,4.84,6.81,1.94,46.6,0.64,48.4,0,0.0,354,720
3.21,10.2,44.7,0.5,6.83,3.83,34.2,0.72,92.0,0,0.0,360,720
0.89,16.2,99.2,0.37,6.03,0.36,16.0,0.46,51.7,0,0.0,360,720
2.05,0.7,34.1,2.35,8.6,1.93,82.4,0.45,24.9,0,0.0,360,720
2.6,26.0,127.8,1.18,0.85,1.19,25.1,0.25,50.6,0,0.14,360,720
1.99,24.6,68.4,1.49,1.1,3.7,72.5,0.97,75.9,0,0.0,358,720
2.48,26.1,130.4,1.44,8.65,1.15,41.0,0.84,51.5,0,0.0,360,720
4.49,127.8,282.2,0.5,5.06,2.3,35.8,0.81,97.4,1,0.63,68,319
0.87,84.8,280.2,0.31,2.77,4.1,85.6,0.22,142.9,1,0.33,41,210
3.14,6.2,60.6,5.33,7.39,4.58,64.3,0.7,19.7,0,0.0,356,720
1.96,16.1,27.8,0.84,8.95,3.62,66.5,0.34,110.4,0,0.0,358,720
0.86,19.3,88.8,1.52,6.91,2.16,72.0,0.73,10.2,0,0.0,355,720
0.97,15.6,77.8,8.16,7.93,2.87,40.6,0.7,10.1,0,0.0,349,720
4.29,56.1,195.1,4.16,2.86,3.45,57.3,0.88,28.6,0,0.0,356,720
3.99,26.0,85.6,0.55,2.92,4.38,35.3,0.4,77.2,1,0.42,53,210
4.11,29.7,96.1,1.86,8.65,4.45,77.6,0.22,16.7,0,0.0,360,720
4.46,67.1,226.3,3.18,6.17,4.66,59.9,0.93,111.1,0,0.0,360,720
1.17,57.4,167.0,2.94,2.38,4.06,33.3,0.93,14.1,0,0.0,360,720
1.79,5.0,41.9,3.45,5.27,0.75,82.5,0.56,79.4,0,0.0,360,720
3.11,43.8,188.7,1.65,6.87,3.74,58.6,0.26,104.7,0,0.0,351,720
2.33,20.0,53.9,0.73,2.22,4.08,52.1,0.6,43.3,0,0.0,358,720
2.06,12.2,32.1,1.68,6.57,4.39,17.6,0.62,91.1,0,0.0,359,720
1.8,1.8,25.6,2.6,0.47,4.63,83.2,0.86,46.6,0,0.0,356,720
2.79,23.4,91.8,2.36,3.07,2.56,86.4,0.77,40.0,0,0.0,360,720
2.72,15.4,51.6,0.46,6.76,3.28,57.2,0.26,124.6,0,0.0,350,720
0.98,10.1,57.9,0.45,1.54,0.07,48.2,0.76,56.6,0,0.03,359,720
2.28,41.5,157.4,7.69,2.26,2.87,42.0,0.31,124.0,0,0.0,360,720
2.62,51.4,121.5,0.66,8.8,2.38,35.1,0.27,40.4,0,0.0,360,720
2.7,9.8,26.3,1.07,6.76,4.81,58.1,0.52,59.8,0,0.0,358,720
1.18,1.8,37.6,3.51,5.01,4.51,24.6,0.26,24.4,0,0.0,355,720
3.42,66.1,230.1,1.46,2.15,3.99,83.9,0.86,79.5,0,0.0,360,720
0.41,0.4,48.4,0.74,3.45,0.3,28.2,0.57,63.4,0,0.0,357,720
1.79,96.8,294.6,1.69,5.76,2.02,70.9,0.67,10.8,0,0.0,356,720
3.58,34.6,170.2,2.15,1.6,3.49,38.0,0.66,75.1,0,0.0,360,720
2.67,13.6,75.1,1.63,4.84,0.17,32.0,0.98,20.4,0,0.0,360,720
1.4,9.9,49.3,5.83,4.12,1.19,56.8,0.93,127.2,0,0.0,358,720
3.22,0.3,15.1,1.04,4.79,4.44,72.4,0.88,79.1,0,0.0,360,720
2.68,9.4,66.1,2.68,1.1,0.67,69.5,0.51,106.6,0,0.0,360,720
3.64,5.2,48.9,0.56,1.11,0.28,32.5,0.32,125.0,1,1.64,40,148
3.39,33.2,78.3,1.4,9.64,2.91,39.8,0.67,17.2,0,0.0,360,720
2.86,6.4,51.4,3.27,9.79,4.73,80.2,0.55,57.2,0,0.0,349,720
2.35,26.3,103.3,0.86,4.29,4.18,69.2,0.38,13.5,0,0.0,359,720
0.86,31.2,104.4,2.26,7.9,4.87,68.5,0.28,16.9,0,0.0,357,720
1.4,12.4,74.6,0.67,6.58,3.77,35.2,0.55,15.3,0,0.0,356,720
2.06,1.2,20.7,0.54,1.21,2.2,74.4,0.72,76.9,1,0.4,59,99
2.82,1.3,24.0,1.93,3.0,4.73,41.9,0.7,73.1,0,0.0,358,720
2.46,0.9,8.4,2.77,3.17,2.14,45.1,0.82,18.6,0,0.0,359,720
1.51,47.0,149.1,0.56,5.98,1.76,36.6,0.57,46.7,0,0.0,360,720
0.33,13.4,77.4,5.8,5.82,2.25,24.1,0.46,44.2,0,0.0,356,720
2.38,55.7,132.2,0.86,9.24,4.07,46.5,0.63,51.5,0,0.0,360,720
1.5,19.8,77.5,0.58,7.91,4.59,16.3,0.98,99.7,0,0.0,360,720
3.39,21.1,93.7,0.8,8.58,1.8,49.2,0.24,107.6,0,0.0,360,720
0.4,25.2,97.2,0.71,8.92,2.32,69.4,0.62,57.5,0,0.0,360,720
2.76,43.7,96.3,0.51,8.02,4.49,87.1,0.46,120.4,0,0.0,357,720
4.25,11.2,35.0,3.82,3.36,0.25,20.9,0.28,68.5,0,0.0,359,720
1.03,4.5,38.4,1.81,2.19,3.92,36.1,0.55,83.1,0,0.0,360,720
2.28,28.4,89.7,1.38,5.74,2.28,52.1,0.71,30.4,0,0.0,358,720
0.68,13.9,89.9,6.92,6.91,1.9,27.8,0.62,42.6,0,0.0,354,720
2.93,20.4,95.5,1.32,3.9,2.25,23.8,0.22,111.9,0,0.0,357,720
2.61,36.4,151.8,0.7,8.49,2.11,48.9,0.66,146.8,0,0.0,360,720
2.01,23.9,109.7,1.0,9.61,3.79,58.6,0.39,108.7,0,0.0,356,720
2.49,33.9,105.7,0.9,5.72,4.64,76.5,0.47,17.6,0,0.0,356,720
4.07,27.5,139.0,1.82,4.59,2.47,89.8,0.45,30.0,0,0.0,357,720
1.12,47.1,159.9,1.06,8.44,4.17,73.1,0.89,72.4,0,0.0,360,720
0.39,42.8,113.9,1.9,0.29,3.67,31.6,0.24,112.6,0,0.0,360,720
3.92,26.7,73.9,2.73,1.33,1.67,71.1,0.48,33.2,0,0.0,360,720
2.72,39.8,137.0,3.6,8.46,2.94,55.3,0.52,115.1,0,0.0,360,720
4.04,72.4,261.4,3.02,7.33,3.34,48.8,0.7,87.8,0,0.0,360,720
2.81,19.8,74.7,0.81,4.19,0.14,85.2,0.83,118.4,0,0.0,360,720
3.7,18.6,89.2,0.57,8.89,1.99,67.7,0.78,88.1,0,0.0,360,720
2.1,50.6,153.0,2.02,3.55,4.96,66.1,0.8,94.4,0,0.0,360,720
3.45,30.6,109.7,0.79,6.36,3.19,15.9,0.35,44.8,0,0.0,358,720
4.13,2.6,43.7,0.5,6.36,1.68,79.9,0.93,110.8,0,0.0,358,720
2.7,77.9,169.0,1.95,1.88,1.27,74.5,0.53,128.2,0,0.0,360,720
1.06,1.1,42.1,1.17,2.88,1.06,37.4,0.21,132.0,0,0.0,354,720
1.43,48.3,164.7,3.4,9.16,2.02,36.9,0.73,14.1,0,0.0,350,720
1.13,49.8,176.3,1.13,1.87,0.98,19.0,0.68,97.4,0,0.0,356,720
1.34,107.1,285.6,8.77,1.78,0.69,18.8,0.3,148.5,0,0.0,360,720
1.59,1.9,34.2,3.43,4.82,1.83,65.1,0.97,92.2,0,0.0,360,720
2.63,31.8,108.2,0.43,0.97,3.04,29.0,0.65,34.0,1,0.93,29,156
2.77,19.5,95.9,1.86,8.95,0.75,84.3,0.58,132.9,0,0.0,360,720
2.09,14.0,58.2,2.12,1.05,0.24,78.2,0.52,47.0,0,0.0,360,720
2.88,3.3,42.9,2.91,6.18,0.19,41.2,0.37,16.3,0,0.0,360,720
0.64,28.9,130.1,1.82,3.43,1.35,43.5,0.96,70.3,0,0.0,360,720
0.67,22.8,77.5,1.75,8.05,0.97,39.5,0.76,24.0,0,0.0,360,720
1.02,3.9,49.5,1.31,5.92,2.71,21.9,0.65,26.1,0,0.0,360,720
2.48,33.2,95.1,1.0,3.91,2.29,17.4,0.7,74.9,0,0.0,359,720
1.2,46.9,174.9,6.73,9.84,1.64,48.9,0.87,95.8,0,0.0,360,720
1.49,51.0,183.3,1.14,0.71,4.17,85.7,0.71,136.8,0,0.05,357,720
1.98,82.5,288.6,0.44,5.8,2.53,83.8,0.29,108.7,0,0.0,360,720
3.71,18.4,94.2,0.7,9.9,0.48,75.7,0.76,128.0,0,0.0,360,720
0.36,107.1,400.0,4.58,6.92,1.49,62.1,0.65,67.6,0,0.0,358,720
3.03,70.2,136.5,2.24,7.41,4.87,79.2,0.97,54.6,0,0.0,360,720
3.11,12.3,65.2,3.62,0.37,4.89,53.6,0.79,93.0,0,0.0,360,720
3.65,6.1,29.9,3.94,0.26,1.29,28.5,0.48,107.4,0,0.0,355,720
4.22,20.0,54.9,4.11,0.41,0.85,66.3,0.31,89.6,0,0.0,360,720
0.38,18.0,64.4,2.06,9.92,2.49,84.0,0.59,47.0,0,0.0,360,720
0.95,30.0,92.9,0.73,9.8,2.42,16.5,0.74,61.8,0,0.0,356,720
4.02,30.6,139.0,0.65,3.38,2.06,33.9,0.34,72.8,1,0.17,62,239
2.23,48.5,219.1,2.18,2.95,2.66,34.9,0.72,12.0,0,0.0,360,720
2.67,25.0,94.0,1.3,1.5,1.18,22.4,0.86,133.2,0,0.01,360,720
3.08,3.9,12.5,2.1,3.32,0.59,31.9,0.33,81.6,0,0.0,356,720
3.15,68.4,218.1,1.82,3.73,2.86,43.8,0.76,115.1,0,0.0,360,720
4.21,13.0,65.6,2.33,7.5,4.66,85.5,0.25,34.1,0,0.0,360,720
4.49,124.3,388.6,0.37,8.67,0.71,79.5,0.21,87.9,1,0.39,93,414
3.32,4.4,47.5,0.37,7.48,3.53,86.0,0.23,139.7,0,0.0,360,720
1.51,111.2,389.2,3.11,6.48,2.2,24.0,0.71,40.0,0,0.0,360,720
3.99,3.3,55.0,0.77,7.67,1.48,17.1,0.98,58.4,0,0.0,350,720
0.51,9.2,60.2,2.62,7.4,4.27,23.2,0.82,64.4,0,0.0,360,720
1.27,1.7,33.6,2.04,4.78,2.29,83.6,0.4,63.7,0,0.0,354,720
4.07,42.7,191.1,9.11,3.39,2.92,26.8,0.26,94.1,0,0.0,360,720
1.38,66.5,181.7,4.27,2.86,2.23,57.9,0.69,65.1,0,0.0,360,720
1.23,19.9,59.1,1.47,6.81,0.42,32.1,0.2,104.4,0,0.0,354,720
0.88,92.3,354.3,2.41,9.6,2.98,16.5,0.83,77.8,0,0.0,354,720
3.91,31.2,90.2,0.57,5.83,2.11,21.3,0.39,32.1,0,0.0,360,720
2.4,34.8,90.0,1.37,9.13,0.45,68.2,0.44,142.8,0,0.0,360,720
3.13,65.3,174.7,3.21,0.19,2.99,28.7,0.48,43.5,0,0.0,360,720
1.3,12.3,71.0,2.44,7.95,0.07,32.2,0.81,88.7,0,0.0,360,720
3.48,15.3,82.3,1.76,8.54,1.06,43.3,0.41,18.5,0,0.0,360,720
3.49,82.7,158.2,0.73,6.33,3.91,64.3,0.43,138.6,0,0.0,360,720
1.61,80.9,320.2,3.88,9.34,0.21,50.2,0.63,139.9,0,0.0,357,720
2.02,131.3,400.0,1.0,5.92,3.24,85.8,0.57,61.0,0,0.0,357,720
1.18,81.2,315.7,4.08,2.44,4.75,47.6,0.96,26.9,0,0.0,360,720
4.4,4.8,31.4,2.38,2.2,0.87,29.9,0.41,117.8,0,0.0,357,720
3.01,60.7,187.6,1.33,5.58,2.1,55.2,0.27,46.7,0,0.0,360,720
4.23,18.5,86.9,0.39,9.07,2.89,48.8,0.63,108.1,0,0.0,353,720
1.57,164.1,400.0,0.88,0.77,2.26,74.0,0.35,138.1,1,0.77,21,279
3.58,22.4,72.4,5.14,6.06,3.11,85.1,0.53,92.6,0,0.0,360,720
3.52,28.2,134.4,4.05,7.71,2.03,77.7,0.35,130.6,0,0.0,359,720
3.2,26.4,90.5,2.18,1.2,0.76,44.2,0.9,41.5,0,0.0,359,720
4.36,13.6,80.4,1.68,1.21,0.46,31.2,0.46,137.5,1,0.99,82,266
1.95,2.7,21.5,2.59,3.69,3.73,83.6,0.82,41.7,0,0.0,360,720
0.85,79.1,188.4,1.68,2.78,1.21,43.9,0.96,41.6,0,0.0,360,720
3.12,56.8,102.4,2.57,2.02,4.24,72.8,0.95,133.2,0,0.0,360,720
3.36,5.3,61.3,1.11,2.03,3.72,89.2,0.62,87.7,0,0.0,360,720
2.72,52.5,149.4,4.31,1.35,0.27,58.3,0.99,121.9,0,0.0,360,720
1.17,34.4,165.1,2.96,6.13,1.02,51.0,0.72,122.3,0,0.0,360,720
2.42,18.4,79.8,1.18,6.9,1.47,67.5,0.3,100.6,0,0.0,360,720
1.61,10.3,36.7,4.21,7.04,2.98,29.5,0.91,36.5,0,0.0,360,720
2.1,68.7,231.6,1.77,5.35,4.05,51.6,0.57,106.9,0,0.0,356,720
3.01,42.2,70.3,0.72,9.53,0.32,38.4,0.32,18.9,0,0.0,360,720
3.43,27.8,98.4,0.48,8.81,1.26,27.3,0.83,38.1,0,0.0,359,720
1.28,32.9,137.8,2.95,9.58,1.89,60.8,0.7,100.0,0,0.0,360,720
2.0,3.3,46.2,4.71,3.92,0.93,58.2,0.91,137.1,0,0.0,360,720
1.43,22.5,104.2,3.92,8.78,2.74,72.1,0.86,118.0,0,0.0,357,720
1.13,7.5,47.3,2.65,7.64,2.4,80.5,0.46,56.5,0,0.0,358,720
3.59,8.2,75.7,0.64,3.43,1.6,31.5,0.41,125.3,0,0.15,348,720
4.12,37.9,130.4,0.52,1.11,2.59,73.5,0.79,145.3,1,1.61,28,217
1.85,84.8,354.0,1.23,6.84,1.79,42.6,0.66,56.5,0,0.0,360,720
3.46,18.1,65.2,4.55,1.41,1.73,62.2,0.26,36.2,0,0.0,360,720
4.07,8.2,71.4,7.48,2.97,1.34,78.8,0.35,37.7,0,0.0,358,720
3.85,36.6,147.0,0.91,5.03,2.71,34.2,0.32,66.0,0,0.0,360,720
1.07,71.7,322.3,3.46,6.81,2.23,60.1,0.67,17.3,0,0.0,355,720
4.32,48.3,124.2,2.18,9.27,1.0,51.0,0.27,78.3,0,0.0,355,720
1.88,71.1,202.4,0.37,5.95,0.08,74.3,0.37,112.5,0,0.02,360,720
1.72,26.9,87.0,2.02,6.73,0.77,67.3,0.64,84.3,0,0.0,360,720
0.56,48.8,167.7,3.91,3.13,0.23,72.7,0.31,145.8,0,0.0,360,720
2.34,5.3,49.5,1.01,6.89,2.17,36.6,0.4,74.6,0,0.0,358,720
0.76,15.0,24.1,5.31,4.41,1.14,67.8,0.93,11.9,0,0.0,360,720
1.34,17.3,73.9,0.89,8.58,2.11,60.4,0.76,75.8,0,0.0,354,720
1.63,25.1,68.7,0.48,3.95,1.66,49.3,0.45,140.2,0,0.0,359,720
3.7,92.6,221.4,0.68,4.71,2.7,43.4,0.9,23.4,1,0.18,67,279
3.98,72.6,170.6,4.29,4.35,3.62,39.9,0.4,41.2,0,0.0,360,720
1.57,5.1,41.5,1.49,8.12,2.41,15.7,0.67,110.2,0,0.0,356,720
3.91,6.6,37.8,3.81,9.54,0.33,27.7,0.49,51.2,0,0.0,360,720
3.9,15.5,61.8,1.97,3.31,0.11,19.4,0.8,117.1,0,0.0,359,720
3.51,12.0,87.6,1.74,4.78,1.08,78.6,0.5,68.7,0,0.0,360,720
0.92,33.4,94.6,3.92,7.07,2.14,79.5,0.4,121.4,0,0.0,360,720
3.2,81.6,296.6,1.51,8.96,0.24,78.5,0.69,87.2,0,0.0,360,720
4.27,114.7,303.1,3.86,4.96,1.65,76.3,0.8,21.5,0,0.0,360,720
3.17,37.1,129.9,0.53,1.13,4.44,31.6,0.63,64.1,1,1.12,38,180
1.69,63.7,199.8,2.53,3.72,0.47,51.9,0.77,56.7,0,0.0,358,720
2.4,26.1,99.4,2.97,5.53,4.74,83.1,0.54,123.4,0,0.0,360,720
3.01,8.2,57.4,5.35,4.2,4.29,72.0,0.84,97.5,0,0.0,360,720
2.44,26.0,58.4,0.86,1.91,4.16,15.1,0.67,118.8,1,0.16,66,159
0.8,28.3,94.9,2.34,0.42,4.32,49.5,0.36,62.1,0,0.0,358,720
1.61,47.5,178.2,1.55,6.89,0.42,15.8,0.91,106.8,0,0.0,360,720
3.67,8.7,72.1,1.36,9.93,0.77,36.0,0.87,19.1,0,0.0,356,720
3.92,16.1,74.5,0.55,9.2,0.69,47.7,0.97,15.1,0,0.0,360,720
0.88,15.8,56.0,0.62,6.85,0.57,82.0,0.66,50.2,0,0.0,360,720
4.3,112.2,321.0,4.29,8.42,1.65,64.1,0.74,118.3,0,0.0,355,720
1.68,20.5,107.2,3.35,2.59,4.15,42.2,0.89,84.8,0,0.0,357,720
3.08,49.2,89.2,1.36,6.24,1.27,51.8,0.24,67.2,0,0.0,350,720
3.46,48.6,127.6,4.18,0.65,1.24,76.3,0.93,135.5,0,0.0,354,720
3.71,10.8,42.6,0.49,7.09,3.39,37.5,0.42,79.6,0,0.0,360,720
4.27,29.7,111.6,2.46,9.7,0.5,61.1,0.25,95.9,0,0.0,360,720
1.61,78.7,198.0,4.76,8.61,1.81,34.7,0.39,148.0,0,0.0,358,720
3.91,22.6,88.3,4.32,5.37,1.49,51.0,0.67,83.1,0,0.0,360,720
0.85,101.6,269.0,1.33,7.9,4.24,16.8,0.24,119.7,0,0.0,360,720
3.26,8.4,58.3,3.31,9.44,2.58,78.9,0.2,67.9,0,0.0,360,720
3.42,2.7,11.1,1.53,2.2,3.24,18.6,0.71,15.1,0,0.0,360,720
3.15,77.7,334.6,4.33,7.94,0.66,31.8,0.56,126.8,0,0.0,360,720
1.36,65.9,164.2,1.96,2.73,4.65,40.0,0.88,142.2,0,0.0,358,720
3.97,171.7,346.2,3.48,8.78,1.63,61.9,0.41,70.8,0,0.0,360,720
1.01,39.8,111.3,0.48,1.03,3.54,69.0,0.42,80.5,1,0.17,49,132
0.53,96.6,154.6,2.26,1.82,4.77,21.0,0.26,69.4,0,0.0,360,720
3.31,61.4,118.6,2.06,7.22,2.55,18.3,0.63,149.6,0,0.0,360,720
2.3,65.1,182.8,2.37,1.79,2.55,74.9,0.49,136.5,0,0.0,360,720
3.87,29.5,150.7,2.92,1.62,0.6,68.4,0.47,15.8,0,0.0,360,720
1.91,16.9,95.7,5.81,5.58,1.96,77.4,0.57,119.1,0,0.0,354,720
1.01,95.4,259.4,3.69,8.36,4.27,65.7,0.88,94.1,0,0.0,360,720
3.81,19.8,65.9,0.85,2.72,0.69,71.3,0.28,13.5,1,0.42,68,199
2.61,27.1,56.6,4.15,8.42,4.59,43.4,0.62,72.3,0,0.0,347,720
1.09,20.7,47.1,0.59,8.09,3.34,59.3,0.36,31.0,0,0.0,353,720
3.33,29.1,68.2,2.44,5.81,2.12,75.4,0.37,132.2,0,0.0,358,720
2.45,22.3,121.2,5.02,6.48,2.74,27.9,0.41,11.8,0,0.0,356,720
2.84,1.7,28.9,0.53,0.45,0.77,46.7,0.57,132.2,1,1.44,33,115
2.24,74.8,298.8,4.47,3.7,1.1,70.5,0.6,141.7,0,0.0,360,720
3.78,20.6,95.4,3.83,2.67,1.45,54.9,0.9,20.2,0,0.0,360,720
3.78,31.1,105.6,1.84,1.54,1.94,66.1,0.91,110.8,0,0.0,359,720
3.28,5.2,20.6,1.11,3.93,4.58,37.0,0.67,86.8,0,0.0,352,720
0.74,0.1,38.0,1.44,3.58,1.85,17.4,0.43,143.6,0,0.0,360,720
3.82,9.8,79.3,7.92,7.3,2.63,17.2,0.85,121.7,0,0.0,354,720
3.12,42.7,143.1,0.8,6.0,0.83,85.7,0.83,107.2,0,0.0,355,720
3.23,3.7,25.8,2.21,9.14,3.69,85.8,0.84,139.6,0,0.0,360,720
1.82,83.8,287.6,0.49,1.5,2.81,30.8,0.21,32.4,1,0.47,37,240
3.99,8.5,57.8,0.84,0.64,2.21,26.1,0.8,62.6,1,1.41,43,169
3.35,8.0,44.6,3.47,5.37,4.74,16.4,0.88,128.0,0,0.0,360,720
0.77,7.0,50.8,1.09,0.06,4.46,32.3,0.68,24.2,0,0.0,355,720
2.01,0.5,21.7,9.65,7.89,3.3,40.1,0.8,141.0,0,0.0,360,720
4.02,51.7,152.4,1.83,5.08,4.61,33.1,0.82,114.3,0,0.0,358,720
0.5,72.8,230.4,1.9,4.91,2.83,74.8,0.61,71.5,0,0.0,353,720
4.34,33.3,90.2,0.38,3.66,4.14,71.2,0.85,57.4,1,0.37,45,205
3.15,7.3,45.2,7.2,3.78,2.06,21.1,0.83,30.7,0,0.0,360,720
2.95,11.8,67.2,0.72,4.34,0.45,67.3,0.93,23.1,0,0.0,353,720
1.44,22.6,126.0,2.0,0.21,4.97,54.0,0.94,69.3,0,0.0,359,720
1.34,108.0,325.4,1.41,0.88,0.84,24.9,0.62,128.0,0,0.0,360,720
4.26,9.9,58.0,1.48,5.08,1.27,70.5,0.23,84.5,0,0.0,358,720
1.55,46.0,175.5,2.57,1.54,0.83,21.5,0.22,73.2,0,0.0,352,720
3.56,20.3,64.3,2.69,7.8,1.7,28.3,0.95,54.7,0,0.0,359,720
1.95,12.4,70.6,0.67,2.78,1.46,26.2,0.47,32.0,0,0.0,360,720
0.88,21.3,69.2,1.82,1.02,3.01,85.4,0.5,148.6,0,0.0,354,720
0.35,2.6,17.2,3.74,2.39,4.98,67.4,0.58,13.6,0,0.0,360,720
2.59,56.1,162.4,1.59,3.6,0.28,45.8,0.41,53.7,0,0.0,360,720
4.4,9.8,49.3,0.7,0.4,3.9,76.7,0.67,117.7,1,2.13,34,166
1.85,45.2,180.6,1.13,1.46,0.66,31.2,0.83,82.9,0,0.0,360,720
1.8,2.5,55.4,0.83,3.27,0.12,84.8,0.41,53.9,0,0.0,360,720
1.75,108.6,397.7,0.6,3.14,3.2,67.3,0.79,149.0,1,0.44,50,283
2.49,7.5,58.1,1.34,8.01,4.37,57.0,0.74,96.7,0,0.0,360,720
2.15,75.0,285.0,2.01,8.44,0.9,74.6,0.62,51.3,0,0.0,360,720
4.0,58.0,220.4,0.47,1.97,1.72,63.4,0.46,128.7,1,1.01,40,252
2.42,120.3,373.4,2.34,1.28,0.86,81.5,0.9,31.0,0,0.0,356,720
2.43,22.7,105.8,11.22,6.36,4.53,77.2,0.52,74.9,0,0.0,356,720
0.88,45.5,157.8,7.62,8.06,1.37,29.8,0.5,127.5,0,0.0,358,720
4.43,16.2,73.4,4.19,9.64,2.23,33.0,0.71,147.7,0,0.0,357,720
1.35,7.1,28.5,0.98,0.12,4.48,19.9,0.94,63.6,0,0.0,360,720
0.61,20.5,69.1,0.35,4.17,2.77,31.5,0.61,29.3,0,0.0,353,720
3.09,6.3,48.5,4.24,7.35,4.67,40.8,0.78,89.4,0,0.0,360,720
2.8,140.7,400.0,0.43,8.29,4.63,17.2,0.57,142.2,1,0.3,99,365
2.04,3.5,49.8,0.81,0.67,2.32,38.6,0.38,103.2,1,0.47,76,150
2.07,31.1,71.3,2.03,6.82,2.92,72.9,0.3,94.3,0,0.0,360,720
3.6,34.5,152.6,0.73,2.92,1.17,78.0,0.31,53.3,1,0.16,63,232
1.12,27.0,119.4,4.25,0.79,4.95,15.7,0.22,94.9,0,0.0,358,720
3.75,38.0,119.7,3.6,4.92,1.41,15.5,0.64,133.9,0,0.0,360,720
3.02,4.3,23.7,3.4,1.62,3.92,26.0,0.3,62.6,0,0.0,356,720
2.06,28.3,101.9,4.03,7.38,1.58,80.4,0.89,43.9,0,0.0,354,720
2.22,11.9,54.2,0.85,7.43,1.58,50.2,0.99,77.3,0,0.0,358,720
1.38,98.6,305.0,3.17,8.43,0.54,88.7,0.6,62.7,0,0.0,360,720
3.46,50.3,226.9,1.27,3.81,2.81,81.5,0.56,75.8,0,0.0,358,720
2.45,125.8,400.0,2.72,0.18,1.24,81.8,0.48,23.4,0,0.0,360,720
1.65,1.3,8.9,0.59,2.63,0.76,24.6,0.71,57.1,0,0.0,355,720
2.8,11.7,37.0,2.99,4.7,1.15,50.6,0.69,125.7,0,0.0,360,720
4.48,7.6,28.2,8.17,6.96,1.27,89.5,0.47,66.0,0,0.0,360,720
2.13,0.4,5.6,0.4,3.85,2.53,26.2,0.47,145.5,0,0.0,356,720
4.17,9.7,43.9,0.52,5.38,1.94,58.1,0.72,109.2,0,0.0,348,720
1.75,39.7,117.7,0.59,5.27,0.4,40.8,0.64,61.2,0,0.0,358,720
0.53,9.2,50.6,1.54,1.69,2.69,44.1,0.77,45.2,0,0.0,360,720
1.16,24.9,100.1,1.06,6.25,3.94,81.8,0.95,106.0,0,0.0,360,720
2.06,76.6,266.1,3.92,4.42,2.88,59.1,0.82,52.3,0,0.0,360,720
1.22,41.4,167.5,1.71,8.09,4.87,71.9,0.44,139.8,0,0.0,360,720
0.3,17.6,100.6,1.76,6.92,0.51,65.5,0.81,26.3,0,0.0,357,720
4.14,16.3,43.0,3.08,1.16,4.11,54.7,0.56,14.0,0,0.0,354,720
3.84,21.3,38.6,1.29,4.91,2.54,74.4,0.82,40.9,0,0.0,360,720
3.42,6.8,37.4,1.26,7.04,2.62,87.8,0.91,94.9,0,0.0,356,720
1.0,35.2,102.8,3.41,0.92,2.61,87.5,0.4,126.9,0,0.0,354,720
0.81,15.8,68.2,3.63,7.94,1.64,74.2,0.39,33.8,0,0.0,360,720
0.58,67.0,116.3,0.33,2.26,1.64,51.5,0.55,91.9,0,0.0,354,720
3.34,49.4,126.4,0.64,5.06,3.17,27.2,0.24,30.2,0,0.0,356,720
4.2,33.0,109.0,0.83,9.41,0.24,18.3,0.75,88.8,0,0.01,360,720
2.11,15.9,92.0,1.25,5.73,2.95,32.4,0.8,12.5,0,0.0,360,720
0.8,8.2,31.1,1.06,4.27,3.63,40.5,0.48,88.1,0,0.0,360,720
2.45,52.4,166.6,2.73,0.12,1.79,24.7,0.57,83.0,0,0.0,360,720
1.77,23.3,72.7,4.17,1.38,1.1,31.9,0.67,16.0,0,0.0,360,720
1.87,8.9,30.5,0.77,5.81,1.08,21.3,0.26,106.5,0,0.0,360,720
2.91,7.6,64.3,2.12,4.96,0.43,54.3,0.77,90.1,0,0.0,360,720
3.32,6.3,50.6,1.31,3.67,0.47,24.5,0.62,97.2,0,0.0,360,720
0.76,52.5,193.1,1.85,9.24,0.85,70.7,0.7,84.2,0,0.0,360,720
0.45,9.1,63.4,2.43,3.36,0.12,39.9,0.78,111.1,0,0.0,358,720
4.48,26.2,124.6,5.23,5.39,1.35,65.4,0.74,83.5,0,0.0,360,720
1.28,21.0,65.8,0.77,5.71,1.55,81.2,0.28,139.1,0,0.0,360,720
0.53,30.3,103.0,0.5,5.3,4.98,21.5,0.83,142.1,0,0.0,359,720
1.1,73.4,296.6,2.47,4.8,4.96,89.2,0.69,111.7,0,0.0,358,720
0.46,70.8,136.6,1.4,3.4,0.95,63.4,0.77,137.6,0,0.0,360,720
1.95,21.0,89.8,0.69,9.09,1.08,19.0,0.41,139.2,0,0.0,355,720
3.67,0.5,17.5,0.57,4.54,2.47,38.6,0.38,46.7,0,0.0,360,720
1.73,19.5,103.9,2.1,5.31,0.76,81.5,0.86,149.2,0,0.0,354,720
2.17,32.6,140.7,1.09,6.58,2.53,59.7,0.51,47.4,0,0.0,350,720
3.14,28.6,98.0,13.42,0.72,2.01,36.5,0.66,12.6,0,0.0,360,720
2.44,36.9,135.4,1.45,7.82,1.64,85.5,0.64,144.7,0,0.0,360,720
3.92,5.9,67.3,0.82,5.15,4.12,74.0,0.67,41.3,0,0.0,358,720
3.94,36.4,142.5,2.48,6.59,4.14,70.2,0.26,91.8,0,0.0,360,720
0.34,7.1,55.1,0.92,7.73,4.94,81.6,0.44,145.9,0,0.0,359,720
3.57,48.6,222.5,1.8,8.75,1.13,72.7,0.25,16.9,0,0.0,359,720
2.24,14.5,39.4,1.75,3.95,4.44,36.5,0.58,47.7,0,0.0,358,720
4.45,43.3,147.1,1.63,8.12,2.7,58.8,0.92,95.2,0,0.0,360,720
2.33,1.7,39.8,3.8,2.63,2.97,78.2,0.51,116.8,0,0.0,358,720
4.44,18.3,112.3,0.84,6.62,4.48,28.6,0.83,123.0,0,0.0,360,720
3.47,42.7,125.7,5.46,1.07,4.71,27.2,0.43,133.7,0,0.0,360,720
1.34,9.0,66.6,3.75,0.25,3.64,26.9,0.89,33.6,0,0.0,360,720
2.56,55.5,233.2,1.19,1.0,1.75,29.6,0.54,61.8,1,0.23,55,224
4.47,34.9,96.5,0.74,3.23,2.46,22.7,0.48,110.0,1,0.24,53,207
3.9,31.0,84.4,1.02,0.36,3.08,77.8,0.76,110.1,1,1.47,41,177
0.71,15.3,31.9,1.19,6.32,4.15,76.4,0.61,53.1,0,0.0,352,720
3.27,23.1,102.1,2.09,3.2,3.3,26.4,0.47,52.6,0,0.0,360,720
1.75,31.8,110.8,0.4,7.38,1.84,67.9,0.25,54.9,0,0.0,355,720
0.33,22.4,100.2,5.71,0.51,2.1,62.0,0.33,134.9,0,0.0,350,720
1.99,41.9,169.2,0.53,2.21,0.27,35.7,0.82,137.3,1,0.46,47,174
1.29,19.9,105.4,1.02,4.11,4.62,32.1,0.94,12.1,0,0.0,360,720
3.74,7.9,43.0,0.55,3.86,0.46,33.8,0.34,55.5,1,0.45,72,183
1.72,8.4,66.1,0.95,1.35,2.91,69.8,0.66,64.9,0,0.0,360,720
3.78,0.2,45.6,4.3,9.94,4.36,38.9,0.23,147.5,0,0.0,360,720
0.3,12.5,62.5,2.4,2.88,2.12,35.8,0.43,142.2,0,0.0,360,720
1.59,48.4,195.9,0.87,7.22,4.0,16.7,0.56,98.0,0,0.0,360,720
1.31,55.3,174.1,4.82,2.24,4.02,83.1,0.79,16.4,0,0.0,354,720
1.28,7.9,53.0,3.85,8.78,0.32,71.5,0.24,36.8,0,0.0,360,720
0.59,111.8,284.1,3.38,3.91,2.07,50.5,0.82,70.8,0,0.0,353,720
1.09,24.4,66.2,4.44,9.01,3.46,85.7,0.36,144.3,0,0.0,360,720
2.63,87.1,158.6,2.43,3.45,2.12,37.0,0.81,23.3,0,0.0,360,720
1.52,42.9,120.2,1.83,0.14,2.73,65.6,0.7,120.8,0,0.0,357,720
2.05,44.9,133.0,1.33,5.19,2.98,37.9,0.47,36.8,0,0.0,360,720
1.88,3.1,22.0,0.86,5.27,0.77,38.6,0.78,81.1,0,0.0,355,720
3.98,8.7,52.2,2.09,1.24,2.07,78.4,0.39,117.4,0,0.0,352,720
4.1,0.3,48.6,5.15,2.39,0.16,74.0,0.38,106.9,0,0.0,360,720
2.37,44.1,189.4,2.28,7.85,0.77,37.1,0.25,118.6,0,0.0,355,720
1.69,14.8,101.0,5.85,0.42,2.57,21.1,0.51,123.9,0,0.0,359,720
0.75,54.1,192.9,1.27,4.92,2.88,41.8,0.28,52.8,0,0.0,360,720
4.3,14.5,59.5,2.91,5.33,0.75,72.0,0.54,61.0,0,0.0,359,720
0.55,59.9,244.0,2.6,6.9,3.78,22.5,0.21,124.2,0,0.0,355,720
1.55,4.9,31.6,2.74,0.42,1.88,65.4,0.32,15.4,0,0.0,360,720
1.55,6.7,57.5,2.58,5.88,4.6,81.7,0.95,82.0,0,0.0,360,720
1.65,14.6,72.1,0.85,0.08,1.95,28.4,0.84,138.9,1,0.6,77,152
0.99,18.4,56.2,0.64,2.69,0.77,79.7,0.39,133.9,0,0.0,360,720
3.59,15.0,28.8,8.76,5.02,3.79,18.9,0.77,122.6,0,0.0,350,720
0.81,50.5,120.6,0.4,9.12,2.85,65.0,0.73,13.0,0,0.0,356,720
2.97,3.6,27.0,1.69,1.31,1.95,74.3,0.34,134.3,0,0.0,360,720
0.82,15.1,42.0,1.52,1.73,1.79,48.4,0.5,137.6,0,0.0,360,720
0.6,63.5,237.9,1.28,6.71,0.77,30.3,0.93,102.9,0,0.0,360,720
4.12,2.4,34.1,3.65,3.78,1.72,84.4,0.79,51.8,0,0.0,360,720
1.1,99.9,365.9,3.31,6.25,0.17,16.5,0.81,78.6,0,0.0,353,720
3.75,150.2,400.0,5.48,9.97,2.52,56.6,0.65,116.8,0,0.0,358,720
2.59,3.2,39.1,1.41,9.87,4.49,43.0,0.73,123.8,0,0.0,360,720
0.63,12.0,55.4,2.13,3.57,3.98,49.6,0.61,58.1,0,0.0,356,720
4.31,16.3,74.6,5.2,5.06,0.16,55.2,0.79,55.6,0,0.0,346,720
1.34,52.4,181.1,11.5,9.05,4.41,55.1,0.79,113.1,0,0.0,356,720
3.91,31.7,92.6,7.96,0.97,2.27,30.3,0.22,106.1,0,0.0,360,720
1.01,36.2,133.5,3.08,4.55,0.97,66.0,0.71,81.8,0,0.0,360,720
3.89,49.6,160.9,0.64,3.81,3.77,16.4,0.7,68.8,1,0.2,52,241
0.36,4.4,20.5,0.35,2.98,1.63,16.6,0.25,102.0,0,0.0,356,720
2.45,62.7,171.4,4.14,9.94,1.28,50.9,0.53,14.5,0,0.0,353,720
3.53,42.8,145.0,4.34,7.35,0.82,55.6,0.92,20.6,0,0.0,354,720
4.23,30.1,78.7,3.32,3.92,2.44,35.6,0.96,90.2,0,0.0,356,720
4.12,77.2,198.2,1.02,8.3,0.49,56.4,0.83,39.4,0,0.0,360,720
3.74,42.2,76.5,2.55,4.92,3.93,53.7,0.32,118.5,0,0.0,348,720
4.03,7.9,46.7,1.14,8.73,2.36,41.2,0.5,118.1,0,0.0,360,720
1.14,19.7,111.8,1.62,2.7,2.25,63.9,0.35,109.4,0,0.0,359,720
1.49,23.8,55.1,1.36,2.27,0.03,86.8,0.72,136.5,0,0.0,354,720
1.51,2.0,39.9,5.69,2.51,4.09,51.8,0.82,29.7,0,0.0,355,720
1.88,108.3,242.9,0.89,5.41,2.47,74.0,0.91,46.3,0,0.0,357,720
1.95,4.8,46.0,2.2,2.95,2.21,33.6,0.89,45.3,0,0.0,360,720
2.59,41.8,119.5,1.29,1.51,3.81,72.1,0.28,119.5,0,0.0,360,720
0.97,24.7,88.6,2.69,9.95,0.33,63.7,0.3,83.0,0,0.0,359,720
3.2,0.9,33.6,2.13,9.01,1.85,63.0,0.93,45.4,0,0.0,356,720
1.0,90.5,184.7,5.97,6.37,2.89,82.0,0.88,29.1,0,0.0,360,720
1.6,66.8,129.0,0.54,8.92,2.31,32.5,0.57,135.0,0,0.0,350,720
2.41,26.0,108.9,0.85,9.36,0.92,42.6,0.54,106.9,0,0.0,354,720
3.65,9.1,65.1,3.5,6.78,1.51,21.2,0.64,84.0,0,0.0,357,720
3.41,4.5,27.0,1.31,5.21,1.51,69.5,0.68,145.2,0,0.0,353,720
3.01,15.8,63.8,0.7,8.83,4.96,78.3,0.4,128.9,0,0.0,359,720
0.95,10.3,68.3,1.84,5.7,1.64,45.4,0.52,34.9,0,0.0,353,720
2.6,24.7,82.9,2.62,1.31,1.04,41.8,0.7,81.1,0,0.0,360,720
0.67,118.8,250.8,0.4,3.7,4.12,64.4,0.37,78.1,0,0.08,353,720
1.88,29.9,87.9,1.06,4.49,2.12,20.7,1.0,128.2,0,0.0,360,720
2.04,77.2,244.8,3.95,9.36,2.23,37.0,0.43,30.9,0,0.0,350,720
0.47,36.8,91.6,1.92,6.61,2.75,42.5,0.64,73.3,0,0.0,360,720
1.45,22.6,83.2,0.38,8.76,2.99,53.9,0.64,99.1,0,0.0,360,720
4.31,67.5,290.5,1.03,7.59,2.96,50.7,0.56,142.3,0,0.0,360,720
4.31,22.3,120.5,2.54,3.13,0.19,30.7,0.39,135.9,0,0.0,353,720
1.78,71.0,272.6,0.79,7.2,4.1,55.6,0.65,84.7,0,0.0,358,720
0.48,12.1,79.7,4.16,1.99,0.99,84.4,0.27,94.9,0,0.0,359,720
1.05,4.8,58.7,2.78,4.11,1.48,17.0,0.51,129.3,0,0.0,359,720
1.95,67.7,220.1,1.7,8.07,0.88,66.0,0.38,114.2,0,0.0,360,720
4.28,31.0,146.4,5.74,6.14,3.84,61.9,0.3,133.1,0,0.0,360,720
0.89,77.0,242.5,1.39,8.26,2.93,84.3,0.94,135.4,0,0.0,359,720
3.51,97.2,239.8,0.89,2.58,3.78,63.4,0.76,126.6,1,0.45,52,261
0.76,1.9,32.5,2.68,7.51,3.27,61.9,0.34,11.3,0,0.0,360,720
4.42,24.3,122.4,2.17,2.06,0.54,72.7,0.96,53.5,0,0.0,357,720
1.9,16.4,26.8,1.2,5.48,1.52,35.1,0.37,66.5,0,0.0,357,720
3.56,34.4,121.4,1.23,4.36,2.55,59.7,0.39,104.9,0,0.0,360,720
1.74,55.2,234.5,1.42,5.59,1.54,54.0,0.31,53.0,0,0.0,359,720
2.94,11.5,53.9,1.06,1.4,1.05,47.9,0.78,55.3,1,0.2,71,169
1.11,28.5,146.6,3.03,3.64,4.35,21.0,0.66,66.0,0,0.0,359,720
0.91,43.2,165.6,2.62,6.69,3.74,36.9,0.25,143.7,0,0.0,360,720
4.24,5.1,19.7,1.58,5.61,1.74,36.0,0.22,71.2,0,0.0,360,720
4.15,58.9,207.6,1.42,5.51,3.83,69.3,0.63,29.7,0,0.0,359,720
4.03,32.6,101.7,1.3,5.13,3.15,84.0,0.72,10.9,0,0.0,360,720
2.93,104.5,286.6,1.03,9.44,0.04,32.3,0.86,43.1,0,0.0,360,720
3.69,14.5,40.6,0.5,9.35,1.91,20.6,0.58,141.4,0,0.0,359,720
0.59,4.0,24.8,0.99,3.63,1.47,90.0,0.74,143.7,0,0.0,358,720
1.71,24.7,76.8,1.15,3.55,1.11,66.8,0.79,84.1,0,0.0,360,720
1.62,3.1,12.9,2.05,5.57,1.27,81.5,0.69,100.5,0,0.0,358,720
2.97,122.2,388.6,3.57,1.0,4.71,25.8,0.48,121.4,0,0.0,360,720
1.8,1.4,42.8,1.41,3.06,2.44,75.1,0.31,17.8,0,0.0,360,720
0.92,49.0,135.8,6.67,2.35,4.24,76.0,0.72,62.4,0,0.0,353,720
2.81,26.1,93.2,4.16,2.27,1.09,26.4,0.81,99.9,0,0.0,357,720
3.72,16.1,55.2,9.51,6.4,0.89,27.1,0.35,135.8,0,0.0,359,720
1.9,2.4,29.0,4.9,3.87,4.45,37.2,0.6,111.8,0,0.0,360,720
0.86,34.1,152.2,2.41,1.75,2.49,31.3,0.52,59.0,0,0.0,359,720
1.13,30.8,81.1,2.31,8.88,4.48,88.2,0.36,137.4,0,0.0,360,720
1.3,11.5,74.7,0.61,8.75,0.33,42.2,0.4,103.0,0,0.0,360,720
1.56,84.4,264.1,3.12,8.63,4.58,72.1,0.39,126.2,0,0.0,352,720
3.0,12.7,69.7,2.32,3.94,2.09,75.4,0.54,64.0,0,0.0,352,720
2.82,20.9,40.5,1.86,0.62,0.79,43.9,0.51,10.3,0,0.0,356,720
3.22,27.5,103.3,2.9,1.11,3.42,66.2,0.64,33.3,0,0.0,358,720
1.82,3.7,43.7,1.59,2.8,3.99,23.1,0.27,139.8,0,0.0,359,720
3.76,94.2,246.0,1.93,2.24,0.26,44.8,0.67,14.6,0,0.0,357,720
1.16,16.4,78.3,1.42,8.75,4.94,87.5,0.22,93.4,0,0.0,354,720
2.27,2.9,44.3,3.08,9.86,3.49,27.6,0.41,67.3,0,0.0,360,720
3.66,17.1,80.8,4.9,8.18,1.62,43.9,0.6,70.1,0,0.0,358,720
1.06,32.1,135.1,4.34,7.31,0.77,74.3,0.75,66.1,0,0.0,360,720
0.76,25.2,119.0,3.69,5.91,1.97,64.9,0.82,19.4,0,0.0,355,720
4.01,41.5,142.0,0.33,7.71,1.12,62.4,0.23,27.1,0,0.0,360,720
1.74,2.0,38.1,5.64,9.47,2.48,79.0,0.63,18.8,0,0.0,352,720
3.17,11.7,36.6,1.01,6.03,3.91,17.2,0.48,17.5,0,0.0,360,720
0.41,59.9,161.1,5.12,1.59,3.31,72.8,0.76,22.0,0,0.0,355,720
3.2,2.9,41.3,0.78,1.68,2.19,81.2,0.43,107.5,1,0.49,64,164
1.63,67.7,235.5,1.57,5.86,0.61,16.2,0.79,26.0,0,0.0,355,720
0.53,3.4,15.3,3.34,3.37,4.79,56.9,0.68,46.6,0,0.0,349,720
2.86,62.9,128.2,2.55,9.11,1.37,41.1,0.83,102.0,0,0.0,356,720
1.31,15.7,68.2,1.48,6.14,1.4,18.8,0.99,25.7,0,0.0,360,720
1.92,33.2,141.4,2.8,6.78,3.23,46.3,0.93,137.4,0,0.0,355,720
0.64,5.8,29.6,2.05,0.11,3.86,63.3,0.67,76.8,0,0.0,360,720
0.92,2.4,38.2,1.01,5.01,4.92,83.9,0.92,144.8,0,0.0,360,720
1.55,8.5,34.6,2.59,4.34,4.85,61.5,0.32,37.0,0,0.0,358,720
0.68,4.8,17.9,0.8,7.07,4.57,79.3,0.23,14.3,0,0.0,360,720
4.13,13.1,77.3,2.91,3.86,2.19,24.1,0.63,92.6,0,0.0,358,720
0.33,25.3,60.2,0.31,9.77,0.85,30.8,0.98,56.0,0,0.0,360,720
2.33,31.1,90.8,2.05,6.72,2.93,87.8,0.77,90.1,0,0.0,360,720
0.82,54.6,184.6,1.43,6.62,0.11,81.6,0.44,76.3,0,0.0,360,720
1.59,37.4,135.1,1.09,9.2,1.0,32.6,0.74,74.0,0,0.0,353,720
4.19,32.8,112.6,1.9,9.95,0.03,61.6,0.23,129.2,0,0.0,360,720
0.98,18.6,109.6,2.58,2.02,0.92,42.2,0.58,36.9,0,0.0,360,720
4.36,22.5,70.2,7.7,8.11,2.38,50.1,0.39,79.9,0,0.0,360,720
1.16,18.7,75.8,4.24,1.67,1.98,79.6,0.24,68.2,0,0.0,360,720
3.41,64.6,269.7,3.08,4.6,1.86,70.2,0.4,104.3,0,0.0,359,720
2.6,9.1,18.2,1.73,1.05,4.16,32.9,0.78,17.0,0,0.0,360,720
4.01,0.2,21.1,1.4,6.25,3.38,38.7,0.64,84.1,0,0.0,360,720
2.63,36.9,128.5,0.37,4.71,4.68,36.7,0.22,77.0,0,0.11,355,720
2.55,7.9,68.3,1.28,6.31,2.24,73.5,0.53,146.3,0,0.0,360,720
1.12,77.3,171.9,4.45,6.8,1.38,51.8,0.8,115.8,0,0.0,360,720
1.0,68.6,143.5,1.37,6.21,0.63,86.3,0.96,31.7,0,0.0,360,720
4.15,2.8,37.5,1.66,2.98,3.37,76.3,0.9,81.3,0,0.0,356,720
1.68,3.9,58.8,1.0,8.38,4.21,30.8,0.2,119.7,0,0.0,360,720
1.86,23.9,101.0,1.0,5.54,0.94,73.9,0.37,83.4,0,0.0,360,720
3.49,32.9,143.2,0.44,4.92,4.4,53.0,0.37,59.9,0,0.06,357,720
1.72,11.3,74.3,2.39,9.87,2.64,34.0,0.53,62.7,0,0.0,355,720
4.3,44.2,174.9,1.61,2.87,0.74,42.2,0.72,61.4,0,0.0,359,720
3.4,31.6,104.2,2.35,5.3,3.22,87.9,0.32,12.8,0,0.0,354,720
2.81,13.7,47.2,2.04,6.84,2.61,51.3,0.93,112.3,0,0.0,360,720
4.0,0.9,18.0,3.83,1.3,0.16,69.0,0.82,95.5,0,0.0,360,720
0.51,48.5,136.3,3.36,3.57,2.01,50.8,0.54,47.6,0,0.0,358,720
1.38,8.5,52.4,3.55,8.03,3.93,42.9,0.67,98.2,0,0.0,360,720
2.25,63.0,127.1,1.82,2.41,2.79,74.7,0.63,53.2,0,0.0,360,720
1.25,19.1,65.2,1.26,4.96,1.42,78.6,0.67,44.1,0,0.0,359,720
3.42,30.1,82.7,6.26,6.32,4.64,20.4,0.89,113.8,0,0.0,359,720
4.16,72.2,265.3,0.42,6.73,1.2,35.9,0.36,123.3,0,0.06,360,720
2.08,69.7,237.6,0.66,7.3,1.28,53.1,0.75,97.6,0,0.0,358,720
1.74,16.3,39.5,1.5,8.67,1.79,38.7,0.29,119.8,0,0.0,358,720
4.34,8.2,59.2,2.39,3.96,4.47,73.8,0.57,61.2,0,0.0,356,720
2.17,52.2,130.1,0.32,7.08,2.55,23.6,0.71,20.1,0,0.04,360,720
2.35,19.9,68.3,3.1,7.34,3.42,74.8,0.21,94.7,0,0.0,360,720
1.78,7.5,63.0,2.1,3.04,4.88,61.3,0.29,45.8,0,0.0,360,720
4.12,82.2,176.6,1.76,9.68,3.92,36.7,0.27,118.8,0,0.0,360,720
2.69,7.7,56.1,1.51,8.66,0.88,40.8,0.5,60.1,0,0.0,355,720
3.5,0.9,9.2,1.91,2.93,3.95,28.7,0.7,103.9,0,0.0,356,720
3.71,0.7,22.3,0.69,6.77,3.75,33.9,1.0,87.4,0,0.0,360,720
1.74,34.1,124.5,0.55,7.19,1.18,68.8,0.4,124.4,0,0.0,359,720
2.12,37.9,89.3,1.05,4.34,1.64,43.2,0.31,126.5,0,0.0,360,720
3.86,13.0,45.6,3.02,8.64,3.56,66.6,0.53,19.6,0,0.0,360,720
1.83,13.5,67.0,2.25,6.92,1.21,53.6,0.32,51.3,0,0.0,355,720
3.63,14.5,46.4,1.74,6.6,1.06,25.9,0.22,131.9,0,0.0,360,720
4.25,39.9,113.9,2.16,2.25,3.52,52.4,0.65,66.6,0,0.0,360,720
2.92,2.1,39.0,2.1,4.11,4.41,71.7,0.9,82.1,0,0.0,355,720
3.41,92.6,349.9,1.11,4.37,0.39,37.3,0.89,35.7,1,0.16,70,327
3.68,8.8,31.6,0.53,7.35,2.24,63.6,0.28,87.4,0,0.0,359,720
3.85,180.0,400.0,5.3,6.2,3.04,29.9,0.32,47.0,0,0.0,360,720
1.96,6.6,43.7,2.32,0.9,3.39,25.2,0.59,126.1,0,0.0,360,720
0.52,51.7,114.2,2.93,3.11,4.98,42.0,0.49,38.0,0,0.0,360,720
1.99,8.8,58.8,1.67,4.76,3.42,44.2,0.76,60.4,0,0.0,352,720
3.13,3.0,28.4,3.41,7.38,3.11,72.1,0.6,23.3,0,0.0,360,720
2.19,72.8,287.5,2.23,7.45,4.95,49.5,0.22,92.3,0,0.0,360,720
3.45,68.5,200.8,0.42,4.93,0.32,21.1,0.43,141.9,1,0.59,65,245
1.8,18.1,44.6,5.16,1.21,0.39,62.5,0.92,34.2,0,0.0,359,720
2.97,42.4,97.6,1.1,2.96,2.81,50.2,0.61,12.8,0,0.0,360,720
1.08,28.5,104.2,0.63,2.58,1.81,39.9,0.84,69.1,0,0.0,360,720
3.45,67.1,256.5,0.5,7.82,0.5,75.2,0.52,114.8,1,0.19,94,299
2.59,13.2,54.4,3.1,1.84,1.55,26.6,0.74,146.5,0,0.0,360,720
1.16,26.0,132.8,2.98,4.68,3.38,83.5,0.34,17.2,0,0.0,354,720
1.53,23.3,103.9,2.95,6.72,4.41,40.1,0.79,120.0,0,0.0,358,720
3.44,15.3,85.6,5.74,9.65,0.49,49.6,0.83,61.6,0,0.0,360,720
2.33,77.7,266.7,1.24,9.99,2.71,84.7,0.27,31.5,0,0.0,360,720
1.21,6.3,24.9,2.11,9.53,1.49,72.1,0.35,36.9,0,0.0,357,720
4.36,5.7,56.2,2.43,7.2,3.34,20.6,0.57,139.3,0,0.0,358,720
3.3,30.1,92.7,8.85,7.48,2.76,58.4,0.71,123.3,0,0.0,357,720
4.32,37.5,130.0,1.12,7.6,4.64,38.3,0.71,53.6,0,0.0,356,720
2.09,7.6,39.9,7.19,8.63,0.21,53.1,0.73,141.6,0,0.0,360,720
2.3,17.3,64.7,0.65,9.52,2.36,70.7,0.77,24.7,0,0.0,360,720
4.07,102.5,385.1,3.48,4.48,0.98,52.2,0.6,55.2,0,0.0,360,720
2.51,9.9,33.8,2.5,4.19,2.69,20.3,0.66,101.4,0,0.0,355,720
3.27,38.6,171.1,4.03,4.63,4.27,54.7,0.21,149.9,0,0.0,359,720
1.36,47.2,124.6,0.36,6.62,4.56,16.8,0.33,75.2,0,0.0,360,720
2.18,20.8,111.2,0.48,7.77,2.0,41.1,0.6,123.5,0,0.0,360,720
0.82,97.1,240.5,0.46,8.71,4.06,50.9,0.8,138.2,0,0.0,355,720
1.17,46.7,180.9,2.28,4.59,1.42,63.4,0.85,11.3,0,0.0,360,720
0.3,21.4,72.5,2.33,3.67,0.05,53.0,0.78,50.5,0,0.0,360,720
0.46,29.5,126.9,5.5,9.83,4.28,26.4,0.59,24.1,0,0.0,360,720
4.4,41.3,173.5,1.69,2.36,0.61,84.9,0.43,118.6,0,0.12,359,720
1.32,31.4,113.7,0.46,2.26,0.11,63.8,0.56,89.4,0,0.09,360,720
3.09,73.8,318.0,0.82,7.17,1.78,38.8,0.21,23.4,0,0.0,358,720
3.82,15.5,58.3,0.32,1.84,1.91,87.4,0.68,68.9,1,0.99,31,163
2.61,12.5,32.4,3.6,4.02,0.4,81.2,0.26,82.0,0,0.0,360,720
0.94,8.4,52.6,4.02,2.96,4.07,25.8,0.32,107.7,0,0.0,351,720
3.36,1.3,15.6,13.91,1.73,2.04,64.2,0.7,119.1,0,0.0,350,720
2.82,1.5,6.2,1.47,5.82,2.46,57.0,0.21,22.3,0,0.0,357,720
3.37,71.4,273.4,0.34,3.77,1.34,29.5,0.66,78.3,1,0.57,41,263
3.53,39.7,188.9,0.89,4.65,2.57,32.5,0.71,32.6,0,0.0,349,720
4.4,37.8,69.2,2.25,2.0,3.84,57.3,0.83,115.5,0,0.0,360,720
2.71,33.4,119.8,7.49,7.69,4.53,39.1,0.25,102.1,0,0.0,356,720
1.73,66.2,183.0,0.54,3.18,4.85,77.6,0.2,111.2,0,0.0,358,720
3.02,22.9,44.7,0.59,3.46,2.15,22.3,0.81,20.5,0,0.0,360,720
0.59,71.5,186.9,2.96,2.56,4.95,83.6,0.43,81.4,0,0.0,360,720
4.07,15.6,38.9,2.72,4.37,1.49,78.0,0.91,127.7,0,0.0,360,720
0.8,91.5,292.3,0.93,4.66,0.05,70.4,0.35,109.9,0,0.0,360,720
1.68,42.0,170.0,3.99,5.32,3.84,34.7,0.67,130.6,0,0.0,360,720
3.73,10.4,70.2,0.6,9.68,0.91,68.6,0.29,38.9,0,0.0,358,720
2.81,29.1,64.9,6.02,9.05,0.28,47.9,0.52,50.2,0,0.0,356,720
1.95,26.7,116.0,0.79,6.11,4.62,62.5,0.91,71.8,0,0.0,348,720
2.29,5.2,25.1,0.49,0.44,3.96,38.4,0.69,83.3,1,0.9,46,115
3.89,31.3,125.1,1.21,6.14,0.53,77.7,0.75,45.3,0,0.0,357,720
1.73,13.2,59.3,0.76,0.94,3.89,18.0,0.38,63.4,0,0.11,360,720
3.95,1.9,43.4,1.95,7.12,4.22,66.9,0.94,106.2,0,0.0,360,720
0.67,103.9,367.6,2.85,3.93,4.53,77.1,0.7,100.4,0,0.0,360,720
3.56,35.9,104.9,1.79,8.39,2.73,63.5,0.28,25.5,0,0.0,360,720
3.86,73.3,220.6,2.68,9.43,3.52,29.4,0.21,148.0,0,0.0,360,720
1.06,39.5,165.3,1.3,4.2,3.82,36.4,0.21,88.8,0,0.0,360,720
2.11,15.5,95.5,0.36,4.63,3.45,53.6,0.24,77.7,0,0.0,360,720
1.0,25.2,141.0,8.33,5.92,3.24,39.7,0.93,145.4,0,0.0,360,720
3.27,39.4,157.7,4.07,2.01,2.75,15.4,0.49,29.6,0,0.0,357,720
2.55,112.9,341.9,0.47,9.28,2.41,18.1,0.44,86.1,0,0.06,354,720
2.97,10.2,57.6,1.61,4.36,4.98,72.6,0.53,122.7,0,0.0,360,720
1.13,72.8,165.9,2.52,1.71,1.7,21.3,0.53,65.8,0,0.0,360,720
1.19,90.2,349.0,0.77,7.64,0.46,84.6,0.39,113.1,0,0.0,359,720
0.47,38.8,126.1,2.2,2.23,3.83,48.2,0.27,135.9,0,0.0,360,720
1.65,93.7,182.4,1.98,1.48,1.08,71.9,0.29,46.6,0,0.0,353,720
2.65,17.8,65.6,0.81,5.65,2.67,24.4,0.68,43.8,0,0.0,358,720
3.9,107.0,373.8,0.63,6.73,0.5,84.5,0.52,60.5,1,0.4,75,370
3.1,42.5,128.2,3.43,5.72,3.1,17.5,0.92,68.6,0,0.0,354,720
2.13,1.5,9.5,1.16,6.58,4.72,18.2,0.57,25.5,0,0.0,360,720
4.3,83.1,228.1,0.92,1.2,3.62,19.1,0.6,42.4,1,1.21,33,249
3.32,23.2,47.0,3.25,4.79,1.09,22.8,0.94,132.3,0,0.0,360,720
4.21,21.6,90.6,3.23,3.6,4.86,51.5,0.6,89.3,0,0.0,360,720
2.52,29.3,103.4,1.01,9.74,1.55,74.1,0.6,47.5,0,0.0,356,720
1.39,5.7,55.3,4.83,0.54,2.19,36.4,0.49,142.1,0,0.0,350,720
0.52,22.2,107.3,2.86,3.02,2.5,70.9,0.77,118.4,0,0.0,355,720
3.35,62.3,188.4,1.23,9.42,4.95,73.1,0.51,60.7,0,0.0,356,720
0.81,0.5,8.3,1.53,9.84,0.36,83.1,0.67,117.2,0,0.0,360,720
1.57,11.2,41.1,3.15,8.26,3.49,26.2,0.56,93.4,0,0.0,360,720
2.54,0.1,13.8,0.82,0.81,1.82,25.2,0.62,105.7,1,0.64,73,141
2.67,18.8,50.2,1.69,5.64,0.41,24.2,0.86,55.0,0,0.0,360,720
2.82,45.6,177.9,2.63,4.03,4.68,41.9,0.53,39.3,0,0.0,360,720
1.0,56.1,150.3,2.01,8.07,2.96,51.7,0.38,45.5,0,0.0,359,720
1.89,101.6,384.6,2.36,0.6,3.77,49.6,0.66,21.7,0,0.0,359,720
2.89,32.8,96.6,2.04,2.01,1.22,34.3,0.95,75.9,0,0.0,356,720
4.37,10.3,47.5,0.79,4.92,3.81,61.6,0.75,66.9,0,0.0,360,720
3.36,90.3,342.8,1.46,1.62,4.15,40.4,0.45,10.4,0,0.07,360,720
4.17,52.3,193.5,1.97,6.94,2.17,42.5,0.97,129.9,0,0.0,358,720
3.5,29.9,128.2,3.63,8.22,2.87,22.9,0.47,105.5,0,0.0,358,720
2.79,41.6,122.7,2.63,7.06,4.86,59.4,0.99,72.5,0,0.0,357,720
1.11,90.3,215.5,1.52,4.43,4.24,64.1,0.35,145.4,0,0.0,354,720
3.1,43.6,179.6,8.36,8.79,2.24,71.8,1.0,141.7,0,0.0,360,720
2.92,16.1,54.2,0.55,1.42,3.33,82.8,0.26,23.3,1,0.66,45,149
2.83,43.7,139.3,0.81,2.64,3.93,72.5,0.77,96.1,0,0.06,360,720
2.36,1.4,28.0,1.22,4.92,0.14,32.7,0.79,124.4,0,0.0,360,720
2.52,17.1,87.2,0.87,0.66,2.95,32.7,0.74,34.2,1,0.43,60,170
1.7,18.2,69.5,2.46,1.0,4.92,83.6,0.82,27.9,0,0.0,354,720
2.48,6.4,58.1,0.39,4.0,4.74,74.3,0.58,46.4,0,0.01,360,720
1.13,0.8,39.5,0.73,9.44,4.17,73.7,0.24,49.2,0,0.0,358,720
3.68,5.0,20.6,1.06,9.09,0.55,69.0,0.49,145.1,0,0.0,358,720
1.08,37.2,102.5,2.83,4.69,4.97,35.0,0.71,119.3,0,0.0,359,720
0.66,56.7,123.6,4.89,1.46,3.06,78.6,0.72,18.4,0,0.0,359,720
2.13,155.4,400.0,3.82,1.82,1.13,25.7,0.36,120.1,0,0.0,360,720
3.06,14.9,43.1,0.74,3.81,3.38,41.3,0.4,33.7,0,0.0,360,720
2.14,32.0,127.9,2.13,2.14,4.29,41.0,0.59,60.0,0,0.0,358,720
1.46,96.8,381.4,0.37,0.88,0.58,57.0,0.78,54.6,1,0.89,21,237
2.64,6.4,31.0,1.12,6.75,4.58,49.8,0.88,48.1,0,0.0,360,720
1.76,44.3,80.4,3.91,5.84,4.6,49.5,0.27,53.2,0,0.0,357,720
4.22,49.2,125.1,1.64,2.95,0.09,56.5,0.94,115.6,1,0.28,77,248
4.18,3.3,37.3,0.66,7.8,4.5,46.2,0.94,47.3,0,0.0,360,720
2.41,69.1,262.7,1.57,7.77,4.74,33.7,0.21,122.1,0,0.0,357,720
1.68,58.7,124.0,0.79,4.94,0.21,64.8,0.61,22.7,0,0.0,356,720
3.4,1.2,7.4,1.4,1.01,1.48,74.3,0.67,93.3,1,0.29,100,187
0.45,3.3,16.6,1.77,9.19,1.88,50.9,0.64,130.8,0,0.0,354,720
2.29,1.8,32.2,1.25,6.7,1.76,63.7,0.69,21.1,0,0.0,360,720
1.71,14.3,55.9,6.38,2.51,3.8,55.2,0.6,98.9,0,0.0,359,720
4.17,24.9,124.3,2.12,6.12,1.8,19.4,0.44,81.6,0,0.0,354,720
0.35,26.6,99.0,4.37,4.08,4.78,46.7,0.28,56.5,0,0.0,358,720
2.62,10.9,58.9,3.45,6.37,4.98,15.7,0.37,24.1,0,0.0,359,720
3.41,84.9,255.2,2.68,4.77,1.6,64.6,0.79,104.7,0,0.0,352,720
2.34,16.1,66.9,1.81,4.88,2.55,53.1,0.39,53.3,0,0.0,360,720
0.66,1.6,41.9,0.3,7.37,2.8,24.5,0.86,57.4,0,0.0,360,720
4.38,12.5,60.1,2.39,6.16,2.91,55.7,0.52,110.5,0,0.0,358,720
2.48,26.5,90.5,1.27,0.85,1.88,82.4,0.53,142.3,1,0.28,78,190
2.88,18.4,58.9,0.58,0.7,0.85,40.5,0.89,56.7,1,1.12,38,131
1.29,11.2,56.1,1.59,3.08,0.29,88.7,0.37,114.5,0,0.0,360,720
2.33,4.9,53.8,3.23,4.33,0.55,87.0,0.35,143.9,0,0.0,355,720
2.1,59.9,246.3,7.48,2.79,4.51,73.9,0.99,23.7,0,0.0,359,720
0.61,180.0,400.0,1.33,6.53,1.42,76.0,0.63,84.1,0,0.0,360,720
0.75,14.0,81.1,2.02,1.99,0.4,45.8,0.35,11.6,0,0.0,360,720
3.82,16.8,76.7,4.49,7.06,3.13,45.2,0.33,125.5,0,0.0,348,720
1.31,33.7,139.4,1.19,7.74,0.4,86.6,0.89,50.2,0,0.0,352,720
1.12,44.4,153.4,0.64,1.29,0.37,42.5,0.68,56.6,0,0.0,360,720
2.42,17.4,61.7,1.03,6.53,3.12,22.3,0.29,106.2,0,0.0,360,720
3.53,82.4,292.0,5.35,9.62,2.97,26.5,0.91,120.5,0,0.0,358,720
0.56,28.7,80.7,0.68,1.97,0.23,68.3,0.56,66.0,0,0.0,360,720
2.72,20.9,98.7,1.18,9.1,2.31,43.7,0.99,103.2,0,0.0,360,720
0.8,36.4,160.7,1.67,6.08,2.19,30.0,0.43,143.9,0,0.0,360,720
0.45,106.9,218.9,4.43,5.93,2.74,76.0,0.62,134.2,0,0.0,360,720
0.52,55.4,171.1,6.41,0.57,3.69,51.7,0.34,108.2,0,0.0,360,720
3.8,1.4,28.5,1.52,7.5,1.43,57.6,0.55,142.0,0,0.0,360,720
0.8,14.1,76.0,6.21,4.81,2.18,26.5,0.34,132.6,0,0.0,357,720
0.49,22.3,88.7,0.69,7.23,3.97,29.5,0.45,112.1,0,0.0,359,720
2.14,13.2,49.8,0.68,8.1,4.61,24.4,0.42,138.4,0,0.0,360,720
3.84,42.2,157.4,6.86,5.26,4.46,53.6,0.43,124.4,0,0.0,360,720
1.4,61.3,159.7,1.87,2.67,2.4,73.2,0.98,80.3,0,0.0,360,720
2.07,46.0,127.1,0.75,1.46,2.61,69.9,0.23,80.3,1,0.26,40,141
0.47,158.9,274.5,1.77,1.65,2.65,34.6,0.6,11.2,0,0.0,360,720
2.19,11.1,71.5,3.66,8.68,4.35,78.9,0.7,14.2,0,0.0,351,720
2.73,72.8,264.1,4.16,1.28,4.2,22.9,0.73,114.5,0,0.0,356,720
2.7,50.9,188.1,4.69,3.88,1.57,23.6,0.8,87.7,0,0.0,360,720
1.7,15.7,44.0,2.15,3.38,0.83,78.7,0.81,116.5,0,0.0,360,720
1.63,46.4,97.5,4.74,8.66,1.91,33.3,0.96,143.0,0,0.0,360,720
0.75,3.8,45.2,1.87,4.8,1.46,68.1,0.8,73.4,0,0.0,354,720
1.84,54.5,214.3,2.36,9.96,4.75,15.7,0.86,22.4,0,0.0,358,720
0.72,26.6,135.3,3.43,7.38,1.34,22.0,0.63,97.7,0,0.0,350,720
3.52,12.1,74.6,1.52,8.52,0.92,60.7,0.73,24.0,0,0.0,360,720
4.36,37.3,145.1,0.47,1.03,4.5,28.7,0.58,97.0,1,1.71,24,203
4.37,35.9,121.6,1.25,2.57,0.45,17.1,0.42,83.9,1,0.46,60,240
3.93,8.2,35.1,2.45,1.4,1.32,50.0,0.45,109.7,0,0.0,360,720
2.82,1.1,45.9,0.77,4.66,2.21,39.8,0.49,59.1,0,0.0,360,720
3.24,19.9,114.0,0.65,7.2,2.98,75.2,0.47,30.1,0,0.0,360,720
1.5,29.5,136.0,1.06,1.73,1.65,76.4,0.63,43.1,0,0.0,360,720
2.95,73.2,180.7,0.37,1.35,2.49,61.1,0.4,105.7,1,1.1,24,186
2.21,92.2,182.8,3.29,6.17,1.01,37.0,0.61,76.9,0,0.0,360,720
2.32,26.3,89.5,0.96,2.34,2.88,49.6,0.93,85.7,0,0.0,360,720
3.48,49.1,170.5,0.59,4.82,2.05,67.7,0.52,55.2,0,0.0,355,720
1.48,20.3,75.4,2.94,0.56,4.25,20.2,0.38,127.1,0,0.0,360,720
1.64,48.0,134.9,4.37,6.82,2.09,39.9,0.48,149.9,0,0.0,360,720
4.18,8.0,39.7,0.34,5.44,2.23,76.7,0.9,53.7,0,0.08,355,720
0.54,16.2,39.7,0.89,6.49,2.97,45.5,0.95,110.6,0,0.0,354,720
2.34,35.2,127.8,6.69,2.79,0.63,61.9,0.91,34.0,0,0.0,360,720
4.13,0.6,2.3,1.37,2.82,0.8,22.2,0.43,113.9,0,0.0,359,720
2.86,44.9,144.0,6.44,8.02,3.96,73.3,0.51,70.3,0,0.0,353,720
2.59,63.2,120.8,1.01,7.2,1.38,22.5,0.98,94.7,0,0.0,360,720
1.35,17.8,56.1,0.84,5.82,3.43,79.6,0.46,43.3,0,0.0,360,720
1.74,20.8,82.2,0.83,6.3,0.51,23.0,0.31,129.2,0,0.0,354,720
3.88,66.7,268.8,0.5,0.99,4.11,81.8,0.43,34.3,1,1.52,24,250
2.65,52.3,213.1,5.29,8.57,4.94,42.3,0.97,140.0,0,0.0,360,720
2.46,11.9,36.6,8.89,7.71,1.88,61.8,0.53,18.6,0,0.0,355,720
0.72,13.7,46.7,7.1,5.93,2.54,78.5,0.95,50.3,0,0.0,360,720
0.37,39.8,91.6,4.5,9.19,2.22,15.8,0.28,88.8,0,0.0,358,720
4.35,29.0,157.9,4.43,1.73,4.47,34.9,0.81,130.2,0,0.0,360,720
1.88,6.2,50.3,2.68,6.88,0.07,83.1,0.27,90.8,0,0.0,353,720
2.83,13.0,45.4,4.15,9.63,3.27,44.1,0.36,40.3,0,0.0,353,720
0.63,80.6,292.5,0.81,3.13,3.27,68.0,0.69,130.3,0,0.0,357,720
3.17,40.8,156.1,1.38,0.2,1.92,25.5,0.55,93.5,1,0.89,59,224
4.22,149.3,400.0,2.55,7.36,1.11,65.9,0.73,42.5,0,0.0,360,720
2.72,51.0,171.6,4.87,0.12,1.21,20.5,0.98,88.7,0,0.0,360,720
0.83,99.6,388.8,2.68,8.73,4.01,68.8,0.24,104.5,0,0.0,359,720
2.74,8.5,49.7,4.32,0.61,0.35,39.3,0.35,105.3,0,0.0,358,720
3.52,51.7,197.7,1.71,6.55,2.83,49.9,0.71,111.4,0,0.0,355,720
2.01,0.7,45.9,3.08,3.8,1.55,27.5,0.92,135.4,0,0.0,360,720
4.0,38.9,147.0,8.9,2.07,1.34,62.1,0.84,125.5,0,0.0,356,720
3.02,22.2,81.7,0.67,8.99,2.54,40.3,0.57,95.1,0,0.0,359,720
4.08,14.9,50.5,6.06,7.48,4.49,43.8,0.8,14.5,0,0.0,360,720
2.92,69.4,212.2,1.93,3.44,3.1,63.9,0.37,114.9,0,0.0,360,720
0.85,67.4,154.3,2.57,2.88,3.95,28.4,0.21,146.5,0,0.0,357,720
1.6,0.8,41.2,4.93,7.37,3.01,78.9,0.66,52.8,0,0.0,360,720
1.15,32.9,106.4,1.46,8.37,3.49,70.4,0.85,95.0,0,0.0,357,720
4.12,16.1,87.5,1.49,7.17,2.17,58.3,0.55,117.6,0,0.0,356,720
3.49,18.8,76.1,1.95,6.42,4.63,24.6,0.66,99.5,0,0.0,355,720
3.14,62.4,241.8,0.34,2.32,2.52,66.5,0.54,139.2,1,0.85,27,240
1.56,13.0,72.0,1.81,8.54,2.77,16.4,0.61,76.3,0,0.0,360,720
1.07,100.3,367.6,1.06,7.51,2.63,75.3,0.91,84.5,0,0.0,359,720
3.48,6.9,44.2,6.09,5.2,1.59,37.8,0.58,15.4,0,0.0,354,720
2.29,38.0,135.1,0.5,5.14,1.17,23.8,0.21,136.0,0,0.0,354,720
1.25,39.0,93.8,1.65,5.71,0.39,27.3,0.84,46.7,0,0.0,354,720
2.89,10.2,75.1,6.78,8.29,3.6,87.2,0.69,147.0,0,0.0,357,720
0.47,13.7,56.5,5.39,7.44,1.46,73.0,0.78,38.3,0,0.0,360,720
1.67,63.0,220.0,2.96,8.57,1.96,32.8,0.92,45.5,0,0.0,357,720
2.27,50.2,216.8,2.26,5.1,4.6,87.3,0.43,77.8,0,0.0,360,720
0.92,14.0,89.4,1.02,6.27,2.84,25.5,0.6,102.5,0,0.0,360,720
4.44,26.7,146.6,1.31,8.55,0.5,70.0,0.68,71.7,0,0.0,360,720
1.18,2.2,37.9,0.51,2.36,4.0,64.3,0.48,59.3,0,0.0,356,720
0.85,8.2,75.5,3.69,4.47,1.3,76.6,0.88,85.6,0,0.0,360,720
1.15,23.3,87.9,1.16,6.23,2.77,43.6,0.76,144.2,0,0.0,360,720
3.53,3.1,38.0,2.72,9.16,2.56,45.1,0.79,144.7,0,0.0,360,720
2.09,64.9,199.7,1.27,0.21,1.21,61.8,0.85,55.9,1,0.38,41,184
2.67,44.3,104.3,1.67,2.17,0.6,44.9,0.41,105.2,0,0.0,360,720
0.39,100.7,189.0,2.08,2.38,1.07,18.1,0.8,111.1,0,0.0,351,720
0.44,41.4,118.9,3.86,3.3,0.5,69.7,0.82,101.5,0,0.0,360,720
2.17,98.7,190.5,0.82,2.85,1.39,63.1,0.87,25.8,0,0.1,358,720
3.73,28.3,105.0,1.42,5.92,4.99,46.8,0.59,85.5,0,0.0,360,720
4.02,32.1,113.6,0.61,8.86,2.02,37.7,0.6,116.9,0,0.0,360,720
0.66,132.0,308.1,0.47,6.39,4.32,39.1,0.28,38.1,0,0.0,360,720
2.56,36.0,153.9,2.34,2.45,2.75,70.6,0.88,58.7,0,0.0,355,720
4.14,1.1,26.9,0.76,8.64,3.34,69.7,0.63,38.5,0,0.0,360,720
1.93,45.0,198.4,0.44,6.34,0.8,76.4,0.68,134.2,0,0.0,360,720
3.78,82.6,266.5,5.3,2.23,1.39,72.2,0.3,130.2,0,0.0,360,720
0.86,55.6,150.4,1.98,3.65,2.56,71.8,0.68,33.7,0,0.0,355,720
4.23,30.7,76.5,0.62,7.91,4.41,33.9,0.23,116.5,0,0.0,359,720
3.46,38.9,82.2,0.42,7.4,0.23,22.6,0.94,61.0,1,0.22,84,216
4.25,161.9,353.0,0.58,5.79,2.54,72.1,0.89,106.1,1,0.54,64,336
3.14,3.3,50.6,1.7,1.49,0.27,22.4,0.36,79.1,0,0.0,360,720
1.83,38.5,146.7,2.73,8.04,2.29,88.7,0.68,76.1,0,0.0,360,720
4.24,11.7,20.8,2.56,3.11,3.15,80.6,0.68,133.4,0,0.0,360,720
1.46,35.8,92.7,0.64,7.73,3.73,55.0,0.84,99.2,0,0.0,351,720
1.7,32.7,100.2,2.51,6.49,0.71,41.4,0.81,43.0,0,0.0,360,720
3.24,5.8,26.2,1.44,2.68,0.85,54.5,0.99,25.5,0,0.0,360,720
3.51,8.1,32.3,1.68,2.16,2.36,70.1,0.48,140.7,0,0.0,360,720
4.2,34.0,98.4,3.86,1.35,4.99,71.7,0.3,31.5,0,0.0,360,720
1.16,4.8,28.8,1.19,2.46,1.79,20.5,0.66,112.8,0,0.0,360,720
3.65,10.8,37.5,0.65,1.62,2.15,75.4,0.81,79.4,1,0.79,46,160
3.4,63.1,127.3,4.85,6.19,2.17,63.1,0.43,29.6,0,0.0,360,720
0.57,13.9,74.2,0.82,6.01,0.42,18.0,0.39,118.7,0,0.0,360,720
1.93,23.4,71.0,1.07,5.88,3.88,38.5,0.84,136.6,0,0.0,360,720
1.49,99.1,333.0,3.0,6.44,1.28,53.3,0.8,27.0,0,0.0,360,720
1.58,9.0,57.2,2.83,8.16,3.52,29.1,0.36,19.4,0,0.0,360,720
4.43,17.3,78.5,3.85,9.14,2.39,26.6,0.9,129.0,0,0.0,360,720
3.0,32.6,127.1,0.75,2.34,3.07,16.1,0.31,80.1,1,0.18,56,192
3.31,49.3,131.6,1.26,5.9,0.29,83.4,0.29,104.4,0,0.0,360,720
4.4,81.2,176.4,0.6,0.83,4.45,19.2,0.48,71.8,1,1.88,19,207
1.88,86.5,270.4,2.01,1.25,1.23,42.5,0.91,67.7,0,0.0,359,720
3.67,52.5,151.9,1.06,6.56,3.36,30.4,0.76,52.0,0,0.0,353,720
2.13,9.1,68.5,2.87,4.89,3.99,70.6,0.52,88.8,0,0.0,360,720
3.95,0.9,27.4,0.3,7.6,2.71,68.0,0.33,32.4,0,0.0,360,720
1.06,16.9,91.8,0.44,4.29,1.7,75.5,0.77,110.4,0,0.0,360,720
4.28,5.3,24.5,1.55,1.32,4.89,61.3,0.68,86.9,0,0.14,359,720
1.22,43.4,92.3,7.28,8.73,1.41,59.4,0.99,128.7,0,0.0,360,720
1.67,37.9,140.3,5.17,0.87,4.74,45.5,0.81,138.9,0,0.0,360,720
3.48,1.6,18.6,11.56,1.93,0.8,62.7,0.28,136.1,0,0.0,360,720
1.95,63.4,221.4,1.49,2.81,1.96,23.6,0.78,94.2,0,0.0,360,720
2.85,10.0,42.5,0.4,9.95,0.71,66.3,0.41,54.6,0,0.0,353,720
2.17,19.8,67.8,1.1,4.2,0.03,22.8,0.97,60.0,0,0.0,356,720
3.42,38.6,158.7,2.78,5.04,1.32,79.6,0.22,101.4,0,0.0,360,720
1.26,19.6,57.4,0.62,7.71,0.45,52.9,0.39,109.7,0,0.0,353,720
0.55,20.4,79.7,1.08,6.38,4.93,54.8,0.6,32.6,0,0.0,360,720
1.56,2.4,24.8,0.43,8.42,3.81,58.9,0.26,149.7,0,0.0,359,720
2.29,18.0,66.2,1.72,4.89,0.04,73.2,0.48,25.1,0,0.0,360,720
1.01,50.7,188.3,0.82,9.72,1.13,50.9,0.6,95.0,0,0.0,360,720
1.79,86.4,259.0,0.51,7.98,3.36,47.1,0.56,84.3,0,0.0,360,720
1.98,18.7,80.9,1.47,4.04,2.0,36.6,0.57,92.7,0,0.0,355,720
0.54,19.3,81.7,1.25,3.84,4.16,24.6,0.9,84.7,0,0.0,357,720
2.75,42.4,140.8,2.0,9.3,2.53,29.3,0.6,18.1,0,0.0,359,720
4.01,100.1,336.1,3.34,6.86,3.28,15.0,0.95,149.4,0,0.0,359,720
0.94,10.9,36.4,0.56,6.23,2.99,80.2,0.32,147.4,0,0.0,360,720
2.81,20.3,38.7,3.75,7.59,3.2,72.4,0.42,83.4,0,0.0,357,720
3.09,55.6,187.5,0.36,5.63,1.17,31.4,0.73,39.2,0,0.11,360,720
2.06,32.9,105.1,1.59,1.63,1.88,15.2,0.43,35.6,0,0.0,360,720
3.24,4.1,38.0,2.25,3.23,0.27,51.9,0.48,18.0,0,0.0,360,720
2.03,34.6,130.9,7.22,5.6,2.95,45.9,0.92,95.7,0,0.0,360,720
2.42,7.2,63.9,2.18,0.23,2.31,73.2,0.63,77.0,0,0.0,353,720
0.33,25.0,91.6,0.68,4.4,3.81,45.2,0.47,68.3,0,0.0,353,720
3.21,26.4,75.5,1.9,7.57,1.05,79.8,0.82,83.5,0,0.0,360,720
3.08,73.1,213.7,1.41,1.68,2.2,22.2,0.26,132.2,0,0.06,360,720
0.46,21.7,93.0,1.74,0.69,0.92,42.4,0.65,19.9,0,0.0,350,720
1.85,11.5,82.0,0.78,8.37,3.08,85.0,0.28,86.2,0,0.0,360,720
4.41,9.2,48.5,1.83,6.19,4.24,15.9,0.34,108.1,0,0.0,357,720
2.07,72.6,218.8,0.66,1.81,3.83,44.3,0.25,145.9,1,0.45,39,204
2.41,6.6,39.8,3.3,8.07,4.72,34.5,0.92,113.6,0,0.0,360,720
4.12,19.4,87.6,2.28,6.6,4.86,54.9,0.24,86.7,0,0.0,360,720
3.31,7.3,52.4,0.48,3.37,3.86,35.9,0.61,117.3,1,0.22,59,186
2.74,51.9,195.6,5.15,3.79,1.45,80.2,0.38,149.6,0,0.0,360,720
3.65,22.5,43.2,2.41,1.6,1.11,85.3,0.51,134.4,0,0.0,358,720
3.93,15.1,74.0,1.14,8.36,2.25,78.7,0.59,22.5,0,0.0,356,720
2.22,15.7,98.5,0.4,5.11,4.97,44.9,0.56,90.5,0,0.0,360,720
2.3,66.9,265.1,2.5,5.59,2.08,89.2,0.8,120.1,0,0.0,360,720
1.92,28.2,102.5,1.33,8.84,1.01,70.1,0.93,104.1,0,0.0,357,720
4.36,44.3,131.8,5.54,0.21,4.72,41.7,0.44,68.4,0,0.0,357,720
3.23,79.6,242.6,0.38,0.72,1.94,22.0,0.22,55.1,1,1.5,22,217
0.65,81.2,206.6,0.39,1.66,3.46,65.0,0.92,97.8,1,0.34,30,138
3.92,13.9,42.7,6.86,0.35,3.95,69.6,0.98,67.7,0,0.0,360,720
2.32,106.6,395.7,7.67,6.6,4.22,24.2,0.55,64.9,0,0.0,355,720
0.59,0.9,14.0,0.36,6.36,4.11,56.2,0.56,127.1,0,0.0,359,720
2.61,16.6,62.8,3.07,2.15,4.18,89.0,0.32,54.2,0,0.0,360,720
2.05,79.2,273.0,0.85,1.54,3.34,39.5,0.58,100.3,1,0.35,39,223
3.99,11.2,69.2,2.96,1.5,2.03,37.6,0.44,132.3,0,0.0,357,720
1.16,11.2,85.2,4.77,9.53,3.34,82.7,1.0,97.0,0,0.0,360,720
3.77,12.6,35.8,0.53,6.95,4.19,23.8,0.35,79.0,0,0.0,351,720
2.64,33.2,130.2,0.9,5.88,1.77,85.0,0.5,14.9,0,0.0,360,720
0.53,20.2,57.3,0.35,3.26,1.5,73.5,0.69,105.4,0,0.0,360,720
4.38,45.4,199.2,0.4,4.36,1.73,44.3,0.48,149.7,1,0.41,60,259
2.45,78.9,156.3,0.37,0.94,2.77,21.3,0.58,123.2,1,1.3,21,161
1.52,39.3,97.3,3.85,9.98,0.28,16.4,0.98,98.8,0,0.0,360,720
2.27,8.0,32.0,1.08,7.56,3.9,43.2,0.61,75.7,0,0.0,360,720
3.9,94.4,238.6,1.8,6.23,0.71,67.9,0.93,41.4,0,0.0,360,720
1.58,10.8,70.3,3.71,5.9,0.68,51.6,0.23,106.9,0,0.0,360,720
1.11,5.7,40.5,1.8,5.07,1.0,70.4,0.3,34.8,0,0.0,357,720
0.84,3.3,14.4,1.53,2.61,2.89,65.3,0.96,134.2,0,0.0,360,720
1.55,29.0,106.6,0.33,2.3,1.44,58.0,0.3,59.6,1,0.21,50,150
3.58,4.2,49.7,2.15,5.52,1.85,87.6,0.79,66.0,0,0.0,360,720
2.28,5.2,17.4,0.59,0.75,4.66,69.6,0.56,40.2,1,0.64,57,121
1.26,12.5,34.1,3.48,0.79,4.24,83.6,0.53,77.4,0,0.0,358,720
1.0,11.6,40.5,0.96,5.63,4.26,33.2,0.73,105.3,0,0.0,352,720
1.7,32.4,141.6,2.77,9.2,2.9,68.5,0.78,52.4,0,0.0,360,720
4.25,59.4,135.2,2.59,9.15,4.34,59.8,0.95,108.3,0,0.0,360,720
1.74,50.1,127.8,2.41,0.16,3.9,84.3,0.41,96.9,0,0.0,356,720
4.45,10.7,37.8,0.98,1.12,4.77,53.3,0.76,62.1,1,1.03,52,170
2.34,9.9,39.6,0.98,5.85,0.34,36.0,0.47,53.8,0,0.0,359,720
1.05,118.1,331.9,4.67,8.49,0.16,43.9,0.77,130.6,0,0.0,360,720
4.04,0.3,13.0,0.33,9.55,0.89,31.4,0.31,11.7,0,0.09,358,720
2.23,74.1,211.5,0.74,8.61,4.65,31.5,0.57,110.2,0,0.0,360,720
3.28,7.8,49.7,2.37,6.79,3.04,50.3,0.35,68.4,0,0.0,354,720
4.43,103.0,308.5,4.04,2.05,2.14,81.9,0.47,110.5,0,0.0,358,720
0.51,14.7,53.2,1.28,0.77,2.57,29.4,0.77,81.1,0,0.0,360,720
0.71,20.3,111.5,2.63,0.52,4.15,36.6,0.39,21.7,0,0.0,350,720
3.33,43.0,139.5,2.09,6.14,4.65,79.0,0.75,147.5,0,0.0,360,720
1.48,31.0,121.5,0.45,0.41,3.65,40.4,0.6,22.0,1,0.39,31,125
1.07,13.4,57.9,2.44,7.41,3.8,87.2,0.27,32.2,0,0.0,360,720
0.47,28.2,86.7,4.0,7.14,1.62,35.2,0.51,68.8,0,0.0,360,720
0.39,45.9,204.3,11.05,0.84,2.35,48.2,0.9,142.2,0,0.0,356,720
3.55,1.5,50.3,0.37,9.07,4.43,22.2,0.99,51.0,0,0.0,360,720
0.86,0.4,25.4,2.67,5.24,3.93,89.4,0.5,89.6,0,0.0,360,720
2.26,21.4,107.3,1.48,9.05,3.43,81.8,0.24,83.0,0,0.0,360,720
2.84,4.9,16.9,0.32,9.02,0.34,76.3,0.3,56.2,0,0.02,360,720
2.1,38.2,122.8,2.4,2.01,0.22,26.8,0.83,107.5,0,0.0,357,720
0.41,8.4,41.2,0.59,3.84,0.67,87.7,0.72,80.2,0,0.0,360,720
3.59,19.8,54.2,1.35,1.39,2.92,84.7,0.43,91.0,0,0.15,360,720
0.34,7.7,35.3,0.97,7.76,2.69,47.7,0.51,39.4,0,0.0,357,720
3.5,27.8,61.8,1.29,5.07,4.71,66.1,0.85,139.7,0,0.0,358,720
4.05,4.3,55.8,1.79,9.29,3.48,89.4,0.53,25.5,0,0.0,354,720
2.12,0.8,36.2,1.28,2.12,1.48,45.7,0.8,106.6,0,0.0,360,720
2.55,1.8,24.3,2.07,6.9,0.82,23.5,0.44,134.0,0,0.0,359,720
2.3,108.0,253.4,0.9,9.89,4.25,80.1,0.78,21.8,0,0.0,360,720
1.93,5.4,25.6,2.52,6.67,2.31,50.7,0.57,14.0,0,0.0,351,720
4.03,43.1,88.6,4.53,0.73,3.27,89.0,0.64,56.6,0,0.0,357,720
4.05,2.5,37.6,0.86,5.9,2.83,56.3,0.68,120.6,0,0.0,355,720
1.71,4.0,14.2,1.86,1.84,0.56,17.2,0.56,110.4,0,0.0,360,720
2.88,24.9,107.3,2.6,0.35,0.3,51.9,0.57,125.1,0,0.0,357,720
4.19,21.9,76.9,2.13,3.38,1.9,68.9,0.41,65.6,0,0.0,360,720
4.34,106.0,289.3,1.3,2.7,1.82,17.0,0.99,149.1,1,0.6,51,303
2.44,101.4,278.9,2.56,7.9,3.38,46.0,0.92,61.3,0,0.0,360,720
2.2,52.9,214.1,0.36,3.77,3.17,26.7,0.62,122.8,1,0.29,53,215
1.47,32.3,119.5,1.32,7.34,4.85,63.2,0.23,59.1,0,0.0,360,720
4.33,21.2,94.4,1.97,0.21,4.29,86.8,0.33,40.6,1,0.65,75,235
0.9,15.4,82.7,0.35,0.2,2.49,61.8,0.88,57.1,1,0.36,48,111
2.74,102.9,263.9,1.86,0.34,2.51,67.1,0.94,37.0,1,0.25,47,258
1.49,32.3,108.2,2.64,2.23,3.38,44.7,0.33,28.1,0,0.0,360,720
1.47,30.3,66.2,3.43,3.77,0.59,57.2,0.79,61.0,0,0.0,358,720
2.0,9.2,34.2,0.56,6.1,5.0,55.8,0.7,30.6,0,0.0,360,720
4.49,1.7,37.1,10.56,9.86,2.6,72.0,0.44,80.3,0,0.0,354,720
0.53,101.6,276.8,2.35,3.58,4.55,79.3,0.55,15.0,0,0.0,360,720
2.73,13.2,53.7,1.29,0.6,4.84,64.7,0.74,70.4,1,0.3,75,159
0.65,20.5,97.4,0.93,1.99,2.92,88.5,0.28,144.1,0,0.0,360,720
0.95,4.3,42.0,2.17,8.98,0.53,77.1,0.35,60.2,0,0.0,357,720
2.15,63.5,241.5,5.0,7.01,2.88,24.3,0.23,29.3,0,0.0,360,720
2.44,1.0,23.0,1.92,7.91,3.0,53.1,0.92,52.7,0,0.0,359,720
1.39,62.8,220.1,2.68,1.29,3.95,82.7,0.66,120.8,0,0.0,356,720
1.63,5.3,49.9,1.27,1.39,0.26,85.8,0.62,53.9,0,0.0,360,720
0.67,76.2,181.1,1.38,1.17,2.34,43.5,0.76,63.7,0,0.0,358,720
1.57,45.8,189.5,1.04,8.58,4.62,69.4,0.99,120.4,0,0.0,360,720
4.36,6.3,60.8,2.99,2.14,4.96,45.8,0.34,46.5,0,0.0,355,720
4.27,29.2,158.0,1.28,6.45,0.97,24.3,0.31,77.0,0,0.0,360,720
1.71,13.1,40.5,0.77,5.19,4.36,81.3,0.44,18.8,0,0.0,360,720
2.7,6.9,55.5,1.31,5.47,0.75,84.9,0.92,34.4,0,0.0,359,720
4.12,68.6,161.6,4.53,1.99,4.21,52.9,0.53,39.3,0,0.0,353,720
0.33,18.1,53.3,3.25,6.37,1.4,16.4,0.83,74.9,0,0.0,360,720
3.7,17.8,59.4,1.2,0.48,4.8,76.2,0.36,124.9,1,1.05,59,155
4.28,6.5,48.9,5.52,9.94,3.48,50.8,0.59,59.6,0,0.0,356,720
0.68,16.9,101.2,0.47,0.32,2.01,20.6,0.3,63.3,0,0.02,360,720
0.98,71.8,189.2,0.41,0.55,1.42,29.2,0.53,52.1,1,0.41,15,133
4.34,15.8,79.1,0.6,3.28,1.19,26.4,0.41,54.9,1,0.3,62,213
2.56,106.0,327.7,0.57,8.32,3.41,66.5,0.64,66.5,0,0.0,360,720
0.36,102.4,275.0,0.5,2.61,4.48,37.5,0.82,135.9,1,0.26,49,197
1.38,5.5,28.7,2.68,4.75,3.78,24.6,0.95,13.4,0,0.0,355,720
2.19,6.8,36.0,2.32,0.23,4.18,83.8,0.43,97.4,0,0.0,350,720
3.21,69.5,151.5,2.59,0.83,3.91,86.7,0.79,134.3,0,0.0,360,720
3.38,17.5,75.8,2.87,6.1,4.9,25.4,0.91,68.4,0,0.0,359,720
4.48,0.2,28.5,3.41,1.98,3.79,32.3,0.3,101.1,0,0.0,358,720
1.51,11.2,55.6,0.81,6.96,1.07,59.4,0.67,92.0,0,0.0,360,720
2.56,31.9,73.5,2.44,7.86,3.96,26.3,0.69,57.4,0,0.0,357,720
2.54,56.2,123.7,2.21,8.51,1.62,26.9,0.42,29.2,0,0.0,360,720
2.0,5.0,56.6,6.63,1.38,4.98,40.2,0.22,40.7,0,0.0,360,720
1.01,4.1,9.4,0.88,4.58,1.9,86.2,0.41,18.0,0,0.0,360,720
4.41,89.3,180.9,0.43,9.47,1.48,87.2,0.67,117.1,0,0.0,360,720
3.88,48.7,204.5,2.63,7.73,1.21,78.1,0.36,84.6,0,0.0,358,720
2.39,31.2,142.4,3.27,1.21,3.3,67.2,0.43,120.0,0,0.0,357,720
2.83,51.3,180.1,1.03,5.05,0.56,69.1,0.77,50.6,0,0.0,359,720
1.25,19.6,40.4,2.16,9.23,4.77,50.2,0.52,122.7,0,0.0,354,720
2.58,49.7,190.9,0.44,4.43,1.49,54.8,0.25,53.3,0,0.1,360,720
3.22,16.3,80.2,7.38,8.38,1.49,62.6,0.52,27.0,0,0.0,360,720
2.46,9.8,73.0,0.56,4.98,0.25,69.8,1.0,84.7,0,0.0,360,720
4.46,45.7,198.5,0.45,1.11,1.25,22.3,0.41,142.3,1,1.85,20,216
2.87,19.0,72.3,0.4,1.52,2.11,31.9,0.41,68.0,1,0.74,22,132
1.86,139.4,400.0,1.53,0.51,1.86,87.2,0.34,82.2,0,0.02,356,720
3.54,15.0,46.2,0.52,1.99,1.38,40.1,0.42,73.2,1,0.67,43,159
1.02,89.2,208.9,3.3,8.94,0.22,35.1,0.66,74.0,0,0.0,351,720
1.91,94.6,187.3,5.34,6.52,1.52,46.6,0.97,40.0,0,0.0,360,720
1.76,9.7,71.5,0.96,7.4,3.9,36.8,0.69,69.1,0,0.0,360,720
2.11,56.0,94.1,2.48,6.24,2.21,21.8,0.53,79.6,0,0.0,360,720
3.58,19.9,96.5,0.4,3.9,1.47,30.6,0.51,114.3,1,0.21,55,203
2.33,87.3,192.7,1.38,2.21,1.54,63.0,0.22,29.6,0,0.0,360,720
3.63,20.9,97.6,1.06,9.26,2.78,31.7,0.2,90.0,0,0.0,358,720
2.72,47.7,115.1,0.87,5.17,1.53,63.6,0.84,102.7,0,0.0,359,720
1.74,22.0,95.7,2.58,4.84,3.16,22.5,0.59,63.6,0,0.0,360,720
3.7,9.0,62.9,0.61,9.96,4.95,18.1,0.23,86.9,0,0.0,360,720
1.3,7.8,20.3,4.64,3.87,0.23,79.6,0.43,109.5,0,0.0,360,720
1.24,19.4,103.7,2.7,8.55,0.86,72.0,0.49,75.1,0,0.0,360,720
2.42,49.3,186.9,3.03,8.63,0.91,65.0,0.83,56.7,0,0.0,360,720
1.4,32.5,111.4,6.33,2.37,2.25,17.3,0.55,125.5,0,0.0,357,720
0.34,40.8,154.1,6.58,0.99,0.23,33.0,0.83,148.4,0,0.0,360,720
3.02,11.6,72.8,2.06,9.76,2.4,75.9,0.71,40.3,0,0.0,360,720
2.45,23.0,79.2,1.8,4.29,4.65,25.9,0.23,134.5,0,0.0,354,720
2.17,1.6,10.7,1.2,0.07,0.08,76.0,0.97,86.4,1,0.44,110,175
4.36,59.5,203.9,3.07,5.02,1.84,58.8,0.35,72.7,0,0.0,360,720
2.7,160.8,400.0,2.0,6.21,3.81,70.5,0.42,135.0,0,0.0,360,720
3.93,18.3,49.2,6.24,7.77,0.79,63.3,0.85,137.4,0,0.0,360,720
0.89,0.4,39.7,0.9,9.43,0.41,46.3,0.35,48.2,0,0.0,360,720
2.69,6.5,35.9,1.12,9.16,3.16,36.9,0.52,60.2,0,0.0,355,720
3.95,37.0,166.6,1.14,9.4,0.07,65.5,0.89,129.3,0,0.0,355,720
2.75,33.1,151.3,3.91,0.37,4.01,75.5,0.71,78.7,0,0.0,360,720
3.32,54.3,171.5,0.53,7.13,0.35,18.4,0.44,50.3,1,0.19,87,259
1.86,10.3,52.2,1.64,2.3,2.63,43.5,0.72,144.7,0,0.0,353,720
0.69,50.5,139.9,1.53,1.92,3.71,41.3,0.85,40.4,0,0.0,358,720
2.22,40.8,141.7,0.47,8.01,1.23,57.0,0.52,95.4,0,0.0,360,720
1.96,13.6,50.1,1.46,4.2,0.54,23.5,0.66,69.9,0,0.0,360,720
3.94,27.6,112.0,1.88,9.17,0.89,85.0,0.99,73.2,0,0.0,356,720
1.32,5.6,40.0,0.45,0.47,4.28,56.1,0.97,24.8,1,0.39,60,130
4.36,21.1,93.7,1.87,8.03,3.53,84.3,0.61,46.0,0,0.0,360,720
4.32,74.6,149.7,7.34,1.41,1.01,76.3,0.28,33.4,0,0.0,354,720
1.34,19.1,103.3,8.79,1.81,3.59,29.4,0.76,114.9,0,0.0,356,720
1.76,64.0,236.1,1.97,4.8,3.55,24.9,0.41,107.7,0,0.0,360,720
4.06,31.2,106.6,1.89,3.99,4.99,79.6,0.74,121.2,0,0.0,355,720
4.36,7.5,49.3,1.04,4.89,1.97,55.2,0.48,107.9,0,0.0,358,720
2.16,30.5,119.8,13.17,9.4,4.33,16.5,0.78,28.0,0,0.0,360,720
1.65,24.7,59.3,1.01,6.59,2.24,85.1,0.49,147.0,0,0.0,352,720
2.51,17.8,78.3,1.63,2.94,4.49,50.5,0.95,36.4,0,0.0,360,720
3.19,4.5,16.5,0.31,1.77,0.48,37.6,0.31,59.1,1,1.03,37,116
1.45,18.9,60.5,1.25,4.23,0.89,53.7,0.25,109.0,0,0.0,354,720
3.39,2.6,50.4,0.46,4.54,4.25,76.7,0.82,29.7,0,0.0,360,720
0.52,3.6,53.0,3.3,6.03,4.1,23.3,0.52,33.9,0,0.0,360,720
0.51,18.8,60.3,2.11,2.7,1.54,41.9,0.57,132.7,0,0.0,360,720
1.92,12.8,81.2,2.17,7.69,2.99,38.9,0.95,56.5,0,0.0,360,720
1.78,90.9,290.0,1.04,1.03,1.93,78.0,0.67,103.2,1,0.34,44,218
1.63,16.5,87.7,4.01,5.63,0.07,73.4,0.73,130.2,0,0.0,358,720
2.36,49.6,160.0,0.31,6.25,0.15,45.0,0.22,146.2,0,0.12,360,720
1.65,26.4,106.0,1.19,2.11,0.29,64.8,0.74,39.4,0,0.0,358,720
1.11,42.6,175.1,2.67,8.27,2.98,44.6,0.51,27.2,0,0.0,353,720
1.6,10.5,23.7,5.55,6.17,1.41,57.8,0.57,113.7,0,0.0,351,720
4.39,99.6,238.2,0.89,6.47,0.74,89.3,0.85,36.3,0,0.09,354,720
2.03,26.4,138.5,2.01,5.0,4.71,55.2,0.62,91.2,0,0.0,360,720
2.17,62.3,186.9,2.0,9.1,0.62,89.1,0.99,84.6,0,0.0,358,720
2.72,15.9,69.3,4.86,6.95,3.38,71.0,0.84,88.4,0,0.0,356,720
4.43,3.7,9.4,0.41,3.85,4.47,24.1,0.78,101.0,1,0.27,54,158
1.31,39.2,87.5,1.52,2.42,0.84,74.7,0.67,129.1,0,0.0,360,720
3.16,0.3,6.4,0.74,0.76,1.09,27.1,0.53,48.1,1,0.81,58,145
3.31,22.6,58.4,0.35,1.7,2.88,54.9,0.24,87.7,1,1.01,33,136
2.85,7.5,72.2,0.65,9.93,2.55,61.0,0.21,57.1,0,0.0,357,720
0.67,34.6,155.8,8.55,4.1,2.61,81.9,0.24,54.6,0,0.0,358,720
3.14,135.9,400.0,0.83,8.99,2.78,30.8,0.97,12.9,0,0.09,359,720
0.57,21.9,37.7,6.31,1.75,4.75,80.7,0.46,93.9,0,0.0,356,720
2.8,59.5,121.3,0.81,4.28,0.29,85.1,0.76,146.2,0,0.0,359,720
3.41,24.8,98.4,6.19,9.61,3.81,21.7,0.68,116.6,0,0.0,355,720
1.19,24.0,65.0,2.64,0.96,1.18,81.4,0.66,44.0,0,0.0,360,720
3.83,93.3,286.3,0.56,5.96,1.88,34.4,0.66,110.3,1,0.21,75,312
0.43,77.2,197.1,2.22,9.2,0.46,21.1,0.44,51.6,0,0.0,360,720
3.84,53.9,229.3,1.14,9.5,2.24,86.9,0.91,115.5,0,0.0,360,720
2.23,12.3,82.1,1.36,8.47,4.03,44.4,0.94,129.7,0,0.0,360,720
1.21,27.6,126.7,1.58,8.57,0.51,61.7,0.72,56.8,0,0.0,356,720
0.86,8.9,80.3,1.51,6.54,1.39,56.5,0.89,10.3,0,0.0,360,720
4.3,20.5,80.0,2.7,2.24,1.88,31.0,0.25,52.7,0,0.0,355,720
0.61,23.2,89.8,3.52,7.32,0.54,65.2,0.28,38.8,0,0.0,351,720
1.14,62.4,137.8,1.18,9.78,3.82,18.5,0.65,96.6,0,0.0,359,720
1.76,79.2,170.2,5.98,5.28,3.94,30.2,0.88,50.6,0,0.0,357,720
2.9,18.7,70.5,6.43,2.64,4.18,85.8,0.45,15.0,0,0.0,360,720
2.59,0.6,42.3,0.39,5.76,2.93,86.5,0.64,84.4,0,0.0,355,720
0.83,69.3,180.4,0.33,6.92,2.55,51.2,0.21,132.5,0,0.0,360,720
1.52,6.7,28.0,1.52,2.12,1.33,27.7,0.99,73.2,0,0.0,358,720
1.3,34.0,110.7,2.26,7.21,3.28,46.6,0.81,62.7,0,0.0,360,720
1.2,0.9,2.6,1.02,5.89,2.23,80.8,0.49,35.0,0,0.0,357,720
2.03,17.9,79.7,0.96,6.14,4.85,20.3,0.99,64.2,0,0.0,360,720
3.26,149.3,369.8,2.8,3.09,4.84,24.6,0.27,56.3,0,0.0,359,720
1.21,3.7,26.5,2.33,1.59,4.53,82.2,0.57,149.3,0,0.0,355,720
1.84,19.3,105.8,0.7,6.25,1.81,46.2,0.25,14.3,0,0.0,351,720
1.94,12.8,71.7,5.05,5.88,1.85,21.3,0.47,43.4,0,0.0,360,720
4.4,82.4,148.2,2.81,3.41,4.27,25.4,0.38,19.6,0,0.0,360,720
4.31,71.2,209.0,1.29,2.99,3.65,81.2,0.45,130.0,0,0.0,360,720
3.66,9.5,57.7,2.83,3.51,3.53,51.8,0.96,68.4,0,0.0,359,720
1.31,3.0,18.5,0.56,4.92,1.41,27.2,0.54,121.5,0,0.0,358,720
0.59,34.5,103.0,1.69,9.75,4.17,82.1,0.46,106.9,0,0.0,360,720
1.63,14.4,34.0,0.71,7.65,2.91,78.4,0.71,139.9,0,0.0,359,720
1.42,39.0,110.3,0.39,8.52,2.25,16.7,0.75,13.3,0,0.0,360,720
2.42,1.1,6.6,1.21,5.08,4.33,58.6,0.99,39.0,0,0.0,360,720
3.57,5.0,48.7,0.66,5.28,1.98,33.3,0.64,108.3,0,0.0,359,720
3.9,40.6,81.7,2.51,2.08,3.28,55.0,0.8,91.9,0,0.0,360,720
3.85,8.4,75.7,2.77,7.22,2.34,35.9,0.51,107.3,0,0.0,360,720
1.81,68.2,172.5,0.65,4.24,2.97,38.7,0.34,90.6,0,0.0,360,720
3.19,2.1,29.6,0.35,7.44,0.22,60.1,0.54,91.3,0,0.1,360,720
1.61,8.5,51.1,3.76,4.12,2.32,55.4,0.54,140.6,0,0.0,358,720
0.56,180.0,400.0,0.3,1.13,2.79,44.6,0.54,139.0,1,0.85,15,218
3.25,19.9,73.8,1.23,1.77,2.47,23.1,0.76,15.3,0,0.0,360,720
0.34,42.5,115.9,1.8,8.13,4.24,87.7,0.52,67.9,0,0.0,351,720
2.02,7.1,54.3,4.06,2.62,1.57,28.1,0.96,81.5,0,0.0,360,720
1.68,32.9,92.2,4.31,2.68,4.42,62.5,0.99,60.1,0,0.0,360,720
3.21,45.3,164.7,3.14,9.3,2.03,21.2,0.62,16.9,0,0.0,356,720
3.52,13.2,63.1,0.92,6.59,3.48,66.6,0.65,76.1,0,0.0,360,720
1.58,61.8,152.6,3.1,1.19,0.45,22.1,0.53,146.6,0,0.0,360,720
3.71,32.4,94.1,0.92,1.48,1.02,32.2,0.48,20.1,1,0.54,52,177
1.53,17.3,90.6,0.83,2.76,3.81,63.5,0.99,124.3,0,0.0,359,720
2.17,28.5,118.5,2.04,5.96,0.08,36.2,0.23,37.4,0,0.0,360,720
3.35,30.1,101.9,2.8,7.54,4.84,55.0,0.53,90.8,0,0.0,353,720
3.21,6.3,36.5,0.42,2.78,0.97,24.3,0.32,64.2,1,0.51,52,137
4.45,18.0,53.5,0.44,8.71,4.51,30.2,0.78,58.9,0,0.0,357,720
1.25,14.7,59.5,3.67,1.14,2.59,70.0,0.36,131.9,0,0.0,359,720
3.08,17.9,66.4,4.62,2.12,2.83,17.6,0.91,146.3,0,0.0,357,720
2.86,50.1,210.0,2.34,9.71,0.44,23.4,0.5,64.1,0,0.0,357,720
4.14,23.1,116.1,1.53,1.39,1.84,31.1,0.93,99.7,1,0.4,78,230
0.96,98.7,396.9,4.41,8.89,0.8,16.5,0.99,87.9,0,0.0,353,720
3.46,12.2,59.5,3.17,7.05,2.64,22.2,0.82,20.8,0,0.0,360,720
2.69,18.8,114.2,2.21,0.78,2.76,36.1,0.7,15.8,0,0.0,354,720
1.45,54.1,109.5,1.15,4.86,3.55,22.0,0.32,118.3,0,0.0,360,720
2.29,27.6,107.6,0.79,5.21,4.39,80.0,0.95,65.2,0,0.0,360,720
1.7,27.7,85.2,1.49,9.32,2.35,20.0,0.82,53.1,0,0.0,353,720
2.73,1.9,40.7,1.04,4.24,1.18,79.6,0.43,148.0,0,0.0,360,720
4.03,17.8,78.1,1.21,4.5,1.68,76.7,0.57,21.9,0,0.0,357,720
2.69,11.1,69.6,1.89,1.17,4.24,22.6,0.25,47.7,0,0.0,360,720
2.95,180.0,400.0,0.71,6.41,0.75,16.9,0.73,130.0,1,0.5,69,344
2.48,12.9,65.7,3.91,2.15,3.14,18.7,0.3,68.1,0,0.0,360,720
0.51,75.5,207.4,0.65,0.82,0.09,59.3,0.72,91.8,0,0.1,350,720
1.28,39.5,179.4,1.74,9.97,1.24,65.3,0.74,16.8,0,0.0,356,720
2.37,14.6,63.3,3.31,2.73,2.97,61.5,0.46,138.8,0,0.0,355,720
1.6,27.4,83.0,1.76,1.45,2.29,55.6,0.96,29.2,0,0.0,360,720
1.06,64.3,207.4,1.29,7.01,2.48,28.1,0.82,39.9,0,0.0,358,720
2.42,75.2,249.0,1.72,8.23,3.31,78.1,0.6,32.0,0,0.0,359,720
1.66,6.1,53.6,4.45,0.69,1.19,39.6,0.93,79.7,0,0.0,357,720
1.38,14.5,55.6,10.53,1.1,1.42,89.0,0.88,124.4,0,0.0,353,720
2.25,14.3,67.8,2.49,0.95,3.43,43.9,0.75,47.4,0,0.0,359,720
0.86,1.5,5.0,3.77,0.52,2.7,34.7,0.32,29.9,0,0.0,353,720
4.2,31.9,95.8,0.33,6.61,0.09,82.1,0.6,67.4,1,0.63,68,236
3.94,67.5,138.0,4.97,5.9,3.36,57.6,0.89,147.4,0,0.0,360,720
3.27,16.8,56.9,7.08,6.64,3.11,69.1,0.69,11.5,0,0.0,354,720
0.75,47.2,152.0,2.18,5.08,0.41,45.6,0.64,80.6,0,0.0,360,720
3.56,34.6,152.2,3.38,8.18,3.74,81.5,0.96,103.7,0,0.0,360,720
3.69,16.5,82.1,1.88,5.49,2.62,83.8,0.21,122.9,0,0.0,360,720
3.52,5.3,26.6,1.04,9.19,1.04,47.8,0.21,114.5,0,0.0,354,720
0.78,43.2,187.0,4.51,4.88,2.81,33.1,0.91,20.4,0,0.0,360,720
3.0,67.5,220.5,2.3,7.92,2.99,63.6,0.23,74.7,0,0.0,348,720
3.8,40.5,136.8,2.21,4.1,4.6,86.6,0.47,21.0,0,0.0,356,720
2.72,0.6,44.7,2.67,4.38,3.72,61.7,0.94,96.8,0,0.0,360,720
3.01,8.5,67.2,4.56,8.5,1.52,86.6,0.75,20.8,0,0.0,360,720
2.23,2.5,13.3,3.2,1.12,0.61,40.8,0.72,16.8,0,0.0,356,720
2.52,29.6,61.7,0.82,5.67,4.27,83.6,0.73,52.8,0,0.0,356,720
0.44,49.4,161.1,1.68,7.28,4.23,23.4,0.45,141.4,0,0.0,359,720
2.98,4.1,42.4,8.94,7.52,0.89,41.9,0.62,109.4,0,0.0,360,720
0.64,63.8,249.6,2.08,5.94,0.33,52.1,0.7,10.6,0,0.0,358,720
2.13,28.4,116.6,6.43,4.51,3.57,64.0,0.44,49.9,0,0.0,360,720
1.53,41.0,141.5,3.99,2.64,3.62,37.1,0.84,12.4,0,0.0,357,720
2.59,124.4,370.7,2.71,9.1,0.9,84.3,0.46,51.2,0,0.0,360,720
0.86,3.1,55.8,1.25,3.73,3.35,82.8,0.26,106.0,0,0.0,360,720
3.2,81.0,220.4,1.1,8.0,1.41,75.0,0.36,116.4,0,0.0,360,720
3.64,4.7,62.8,2.57,0.37,1.32,23.6,0.53,122.6,0,0.0,353,720
0.99,17.5,69.1,1.55,2.36,1.64,20.9,0.93,137.4,0,0.0,360,720
0.74,66.7,249.4,3.83,3.49,2.61,52.4,0.53,61.2,0,0.0,360,720
0.91,82.9,162.4,3.44,6.73,4.03,72.4,0.27,130.8,0,0.0,357,720
3.98,24.7,135.2,1.12,3.23,2.5,24.2,0.36,111.9,0,0.0,360,720
2.52,31.6,116.4,2.97,0.46,1.5,63.1,0.64,85.3,0,0.0,353,720
2.26,43.1,132.4,1.8,1.78,4.42,54.6,0.34,143.6,0,0.0,358,720
0.75,62.6,212.0,1.16,2.63,0.29,69.4,0.25,142.7,0,0.0,360,720
3.03,4.5,48.5,1.47,1.8,3.99,47.7,0.77,135.7,0,0.0,359,720
3.95,58.1,180.5,5.27,2.08,3.93,67.0,0.83,38.3,0,0.0,359,720
3.78,23.0,134.9,1.28,7.7,1.28,27.0,0.88,39.1,0,0.0,360,720
2.93,21.0,98.1,1.05,4.15,1.01,31.1,0.88,136.1,0,0.0,350,720
0.62,19.3,82.3,1.25,4.08,4.38,82.8,0.5,65.7,0,0.0,359,720
0.77,24.9,111.4,0.83,9.67,2.8,39.7,0.79,121.6,0,0.0,360,720
0.51,101.5,316.1,2.03,4.49,0.25,88.9,0.67,106.2,0,0.0,356,720
1.38,27.8,145.7,0.65,9.28,4.46,18.5,0.22,116.7,0,0.0,360,720
0.87,107.1,317.8,4.04,3.03,1.76,52.2,0.52,13.7,0,0.0,355,720
1.39,7.0,59.4,0.86,4.04,1.72,39.4,0.24,70.2,0,0.0,356,720
1.92,45.1,93.9,2.31,3.99,3.22,89.7,0.27,130.0,0,0.0,348,720
4.26,58.5,159.4,0.59,5.48,3.31,89.3,0.24,78.6,0,0.0,360,720
2.86,39.8,135.1,8.74,5.86,1.78,32.6,0.97,106.6,0,0.0,358,720
3.81,32.7,128.7,1.63,2.52,0.73,35.0,0.88,115.8,0,0.0,358,720
3.28,29.1,93.4,4.1,7.95,2.77,71.2,0.55,26.9,0,0.0,359,720
0.77,69.0,185.5,3.52,4.99,3.13,81.7,0.4,31.8,0,0.0,360,720
3.39,60.3,123.4,3.05,0.12,4.3,64.8,0.26,111.4,0,0.0,360,720
1.46,4.6,34.2,4.16,5.93,2.43,79.9,0.54,17.6,0,0.0,351,720
2.98,66.1,263.7,0.53,7.99,3.24,19.7,0.68,57.9,0,0.0,358,720
1.73,18.7,105.0,2.8,2.54,0.29,63.0,0.84,138.5,0,0.0,354,720
4.49,10.2,72.6,0.98,0.43,4.47,67.5,0.24,90.4,1,1.77,42,216
1.41,71.3,217.2,3.69,8.08,1.65,29.3,0.53,137.5,0,0.0,360,720
1.47,19.8,79.4,7.22,9.76,3.17,73.3,0.98,53.3,0,0.0,351,720
4.21,57.8,200.9,5.4,0.81,4.58,85.8,0.3,99.1,0,0.0,360,720
0.4,10.7,64.3,0.57,9.38,4.06,82.3,0.52,50.1,0,0.0,358,720
3.23,0.1,48.7,1.31,3.62,3.2,33.4,0.42,25.6,0,0.0,360,720
3.35,23.9,104.9,1.3,9.42,3.52,39.3,0.31,148.7,0,0.0,360,720
3.81,3.7,46.2,0.59,6.51,4.61,52.5,0.87,34.7,0,0.0,351,720
4.39,49.1,176.8,0.53,8.91,4.06,26.9,0.76,36.4,0,0.0,360,720
4.4,11.3,54.4,1.37,7.87,3.06,86.5,0.53,127.9,0,0.0,353,720
0.57,20.5,106.2,10.94,0.33,3.3,27.1,0.5,122.3,0,0.0,354,720
3.75,3.2,58.0,2.15,0.7,0.75,72.1,0.86,146.9,1,0.42,115,248
3.01,11.8,43.4,2.44,5.28,2.36,40.6,0.27,20.0,0,0.0,359,720
3.02,53.2,182.9,1.7,1.34,1.52,58.0,0.32,23.2,0,0.0,351,720
0.84,5.8,64.8,2.69,4.64,2.17,18.5,0.93,72.8,0,0.0,359,720
3.03,36.5,69.7,7.21,9.55,3.32,30.4,0.85,92.8,0,0.0,360,720
4.43,87.3,162.5,2.25,2.98,0.76,48.3,0.82,15.3,0,0.0,359,720
4.13,39.9,98.1,0.45,4.91,0.11,65.8,0.7,32.2,1,0.64,55,213
2.14,58.3,211.4,1.79,3.87,2.0,73.3,0.43,108.5,0,0.0,360,720
0.47,4.0,15.5,11.14,6.32,1.62,17.3,0.95,103.6,0,0.0,360,720
1.82,10.1,73.4,1.38,1.98,2.11,26.4,0.59,22.6,0,0.0,353,720
3.77,78.7,174.9,2.28,2.64,4.66,69.7,0.42,140.4,0,0.0,355,720
3.25,43.9,161.8,0.55,8.59,3.54,76.0,0.49,45.7,0,0.0,360,720
2.23,35.7,110.8,0.63,8.12,1.65,32.7,0.21,134.2,0,0.0,360,720
0.53,38.1,84.9,4.87,7.9,0.91,32.2,0.4,139.2,0,0.0,359,720
2.09,18.7,80.9,1.09,7.72,3.1,21.6,0.35,78.6,0,0.0,358,720
2.27,1.6,51.0,1.1,4.62,3.29,26.3,0.31,67.7,0,0.0,360,720
4.2,53.7,170.2,1.38,7.3,2.43,15.6,0.23,48.9,0,0.0,360,720
2.99,39.7,135.1,7.77,3.9,1.08,59.2,0.38,123.0,0,0.0,356,720
1.61,22.4,74.2,0.49,1.05,0.16,82.8,0.28,37.5,1,0.21,44,117
2.51,80.5,302.8,4.06,3.96,1.34,26.2,0.24,97.1,0,0.0,357,720
0.58,14.3,46.1,1.22,1.63,2.3,71.4,0.31,89.4,0,0.0,353,720
4.38,12.2,26.0,4.47,3.94,3.94,58.0,0.36,44.8,0,0.0,360,720
1.81,72.2,263.4,10.86,3.01,4.27,85.5,0.53,147.6,0,0.0,360,720
2.31,55.8,204.7,1.24,6.01,2.08,74.9,0.67,128.5,0,0.0,350,720
1.79,25.3,48.9,0.6,3.65,3.98,79.0,0.46,12.9,0,0.0,360,720
3.17,4.9,13.4,0.64,7.07,4.97,62.9,0.31,69.1,0,0.0,360,720
3.08,8.5,39.4,3.43,5.15,3.59,75.9,0.95,60.3,0,0.0,360,720
3.3,37.4,140.2,0.64,9.2,3.65,41.3,0.61,133.6,0,0.0,360,720
1.43,17.0,65.4,0.96,0.96,4.55,30.7,0.79,47.0,0,0.0,357,720
1.63,63.4,205.7,0.8,6.89,1.7,83.4,0.76,149.8,0,0.0,360,720
0.83,104.8,201.0,1.27,6.74,0.08,70.1,0.43,38.0,0,0.0,360,720
3.05,57.3,196.3,0.47,9.51,4.94,21.8,0.65,44.1,0,0.0,360,720
0.47,16.6,32.9,4.57,3.75,2.46,80.0,0.68,103.3,0,0.0,358,720
2.81,54.4,155.4,4.63,3.09,3.93,41.2,0.48,32.5,0,0.0,360,720
3.95,15.2,73.0,1.47,1.77,4.07,37.4,0.74,134.4,0,0.04,360,720
4.04,6.4,47.8,2.38,2.69,2.0,61.7,0.83,25.4,0,0.0,360,720
2.19,1.2,38.8,2.56,5.04,2.72,57.6,0.49,147.7,0,0.0,360,720
2.23,17.1,64.6,3.34,8.39,2.71,55.4,0.21,132.5,0,0.0,360,720
0.62,81.9,132.3,1.92,2.88,1.12,34.1,0.48,127.6,0,0.0,360,720
3.12,9.6,54.6,1.87,1.62,0.61,87.0,0.29,67.0,0,0.0,358,720
3.75,8.1,57.8,2.5,2.76,2.73,86.3,0.32,81.9,0,0.0,360,720
1.33,122.5,293.3,2.97,1.05,0.62,15.3,0.49,73.9,0,0.0,359,720
2.07,0.9,25.9,1.24,9.27,1.74,40.3,0.37,148.2,0,0.0,360,720
3.82,53.9,172.5,1.18,8.73,0.95,18.4,0.95,14.9,0,0.0,356,720
3.98,13.6,43.8,0.99,3.12,3.54,78.8,0.72,63.4,0,0.0,356,720
1.32,1.3,26.8,2.05,2.51,4.36,81.5,0.61,145.6,0,0.0,360,720
2.61,87.5,345.5,1.28,9.06,2.9,53.9,0.21,61.7,0,0.0,360,720
1.11,5.3,49.8,2.01,0.07,2.06,78.0,0.28,65.8,0,0.0,358,720
0.73,28.1,85.5,1.45,6.03,4.98,67.8,0.83,98.4,0,0.0,360,720
4.13,11.2,70.5,4.29,9.16,0.13,52.5,0.51,137.0,0,0.0,356,720
3.75,2.4,27.0,0.47,5.11,1.54,42.3,0.24,51.2,0,0.0,360,720
3.49,1.8,10.4,2.17,0.08,1.41,35.0,0.86,142.7,1,0.5,124,204
0.5,4.3,28.7,2.19,2.23,1.79,34.5,0.44,49.6,0,0.0,360,720
3.84,2.6,40.7,1.36,9.23,1.17,57.2,0.51,124.2,0,0.0,360,720
2.14,50.0,184.4,1.5,0.22,1.34,27.5,0.98,48.6,0,0.05,360,720
1.74,23.3,112.9,3.84,3.98,1.3,28.1,0.21,20.2,0,0.0,354,720
2.6,14.7,66.2,1.02,7.91,2.54,15.8,0.78,123.7,0,0.0,349,720
0.68,19.0,98.2,4.81,8.39,1.97,61.0,0.96,73.0,0,0.0,358,720
3.48,92.6,324.7,5.29,4.8,3.2,89.6,0.25,64.7,0,0.0,355,720
2.75,84.6,231.0,2.61,2.36,2.58,81.7,0.89,70.2,0,0.0,358,720
1.08,44.0,135.8,3.56,6.02,0.93,67.9,0.53,95.6,0,0.0,360,720
1.09,75.6,251.9,2.39,2.67,4.05,73.9,0.9,46.8,0,0.0,360,720
1.07,13.5,81.9,1.94,2.59,2.37,46.3,0.45,43.2,0,0.0,355,720
0.54,16.8,61.2,7.78,8.09,0.78,37.4,0.99,77.7,0,0.0,360,720
2.77,33.3,100.2,1.03,1.58,0.85,42.6,0.72,15.0,1,0.19,63,195
3.83,34.2,92.1,0.67,0.1,3.99,21.1,0.7,100.0,1,2.16,27,157
0.37,23.0,72.5,1.05,3.4,3.52,62.5,0.84,125.2,0,0.0,353,720
0.51,17.9,70.4,2.4,4.94,2.54,28.1,0.55,111.8,0,0.0,360,720
2.71,149.9,327.9,0.75,7.07,1.54,72.2,0.41,75.7,0,0.0,360,720
3.74,60.2,185.4,5.57,7.82,2.31,29.2,0.41,89.2,0,0.0,358,720
1.67,20.0,46.9,1.46,6.65,3.19,32.1,0.46,13.7,0,0.0,360,720
1.77,45.5,101.4,4.47,6.28,4.4,86.8,0.69,137.7,0,0.0,353,720
2.8,11.0,90.1,0.93,6.67,2.79,22.9,0.87,88.1,0,0.0,352,720
1.45,3.7,46.3,1.13,2.75,1.4,52.4,0.6,54.3,0,0.0,360,720
0.41,15.2,63.5,0.43,3.85,0.23,19.7,0.52,51.1,0,0.0,360,720
3.39,18.1,62.9,0.96,6.18,0.89,21.8,0.84,102.4,0,0.0,359,720
2.93,0.6,25.0,1.78,0.7,3.26,62.5,0.43,91.8,0,0.0,360,720
2.74,59.0,237.9,6.73,2.99,0.82,62.3,0.75,36.3,0,0.0,357,720
3.42,15.6,78.9,1.38,4.09,2.42,29.5,0.28,67.4,0,0.0,360,720
3.14,30.4,71.4,2.55,5.36,3.5,80.4,0.29,104.7,0,0.0,360,720
1.16,2.7,30.5,1.53,4.89,1.55,67.7,0.72,51.7,0,0.0,360,720
1.78,6.7,52.4,0.41,7.2,3.35,37.5,0.27,81.3,0,0.0,351,720
0.83,77.2,175.6,1.84,4.76,2.91,33.6,0.32,45.7,0,0.0,358,720
0.85,32.8,144.4,0.45,9.05,2.21,71.6,0.7,20.0,0,0.0,355,720
3.14,105.1,184.0,5.03,3.83,4.49,70.0,0.55,64.4,0,0.0,360,720
3.91,180.0,400.0,3.38,5.28,3.47,26.2,0.65,112.5,0,0.0,360,720
4.34,16.3,67.1,1.35,0.08,1.82,41.2,0.98,39.9,1,1.56,51,186
2.94,12.4,71.2,2.55,3.14,4.03,31.3,0.71,115.6,0,0.0,360,720
1.07,68.4,199.9,0.56,8.67,3.7,37.1,0.67,103.7,0,0.0,360,720
0.74,180.0,400.0,2.97,3.37,3.96,36.6,0.5,81.0,0,0.0,360,720
3.71,34.8,167.6,4.11,2.57,3.21,88.2,0.7,146.0,0,0.0,360,720
2.73,55.5,258.2,4.09,5.46,1.91,71.3,0.21,133.7,0,0.0,350,720
2.9,53.3,190.6,1.04,0.83,1.76,73.5,0.65,88.8,1,0.65,53,213
3.58,15.4,70.4,0.97,5.34,3.28,35.8,0.26,88.1,0,0.0,359,720
3.25,29.9,105.5,1.92,3.07,0.67,15.0,0.38,48.9,0,0.0,360,720
3.8,62.7,181.8,7.86,3.86,4.1,19.4,0.65,138.8,0,0.0,356,720
0.54,40.8,110.1,5.87,7.92,1.86,56.5,0.73,135.4,0,0.0,360,720
3.44,0.7,34.8,1.28,6.64,3.16,36.4,0.51,113.9,0,0.0,360,720
3.87,14.4,46.8,3.63,4.49,2.51,29.5,0.54,27.9,0,0.0,347,720
1.5,5.5,56.2,5.89,5.8,2.61,18.7,0.6,108.5,0,0.0,360,720
2.99,9.3,63.9,0.97,7.68,3.7,80.7,0.81,45.4,0,0.0,360,720
1.62,82.6,195.2,4.2,7.47,3.14,60.0,0.21,36.4,0,0.0,353,720
4.32,1.3,29.2,0.99,1.89,1.27,23.1,0.56,116.3,1,0.55,66,185
0.44,8.7,45.7,1.23,3.04,0.39,72.5,0.21,144.4,0,0.0,360,720
2.74,13.0,54.1,0.79,3.51,4.2,71.7,0.46,25.2,0,0.0,359,720
1.0,33.6,80.8,1.86,1.92,4.43,36.7,0.62,33.0,0,0.0,357,720
3.29,26.7,122.3,4.38,0.17,0.84,29.1,0.26,40.7,0,0.0,360,720
1.04,8.6,20.6,1.95,1.78,1.56,76.0,0.59,144.8,0,0.0,360,720
1.29,6.3,65.6,0.59,8.09,1.43,39.7,0.94,107.5,0,0.0,360,720
2.38,9.5,80.7,0.94,5.48,4.69,78.6,0.75,105.0,0,0.0,360,720
4.14,24.4,106.2,2.12,3.45,1.04,18.3,0.83,80.7,0,0.0,360,720
1.19,11.1,36.2,2.23,6.1,0.85,52.4,0.66,85.3,0,0.0,359,720
0.91,103.2,306.3,2.19,7.41,0.93,28.5,0.92,50.6,0,0.0,355,720
3.49,21.8,95.2,0.48,3.58,3.65,65.4,0.32,31.6,0,0.15,360,720
2.4,2.1,6.5,3.38,4.69,4.44,89.8,0.56,119.2,0,0.0,356,720
4.13,45.7,182.1,5.58,0.69,1.98,45.9,0.68,75.9,0,0.0,355,720
0.92,14.0,46.4,1.87,5.99,0.7,22.5,0.9,45.8,0,0.0,348,720
3.01,37.1,157.6,3.09,3.6,2.94,38.8,0.45,98.6,0,0.0,358,720
1.28,11.5,43.3,5.7,4.36,1.07,81.9,0.2,39.3,0,0.0,360,720
0.96,29.6,74.0,2.56,4.25,0.34,72.4,0.98,78.4,0,0.0,360,720
3.17,51.8,212.8,2.77,6.34,4.43,32.4,0.22,36.6,0,0.0,360,720
2.79,92.1,263.0,3.11,5.75,4.36,86.5,0.32,116.4,0,0.0,354,720
3.47,10.6,52.2,0.96,4.25,4.88,61.7,0.54,54.9,0,0.0,359,720
1.6,14.3,65.7,2.22,0.22,2.38,27.6,0.6,71.8,0,0.0,354,720
2.18,21.8,77.9,4.36,6.23,1.48,57.9,0.87,115.7,0,0.0,360,720
2.0,91.7,342.4,1.07,8.8,3.85,48.8,0.56,102.3,0,0.0,358,720
4.43,81.1,285.9,5.3,7.71,0.92,76.5,0.64,66.0,0,0.0,358,720
1.53,3.3,21.8,2.43,9.82,1.23,40.8,0.36,19.9,0,0.0,360,720
1.54,5.0,59.3,1.51,1.43,1.29,80.6,0.66,139.0,0,0.0,360,720
1.79,23.9,57.1,2.45,2.26,4.76,75.9,0.48,11.1,0,0.0,360,720
2.67,3.9,56.4,1.43,5.42,3.65,65.6,0.28,112.8,0,0.0,354,720
1.36,14.8,62.8,4.3,2.4,0.69,34.4,0.96,142.4,0,0.0,360,720
4.14,5.6,60.2,1.75,0.39,0.48,87.8,0.27,52.9,1,1.13,85,206
1.42,35.4,180.4,5.39,4.05,4.22,56.2,0.74,20.6,0,0.0,347,720
4.06,104.5,340.9,1.87,2.91,4.02,83.1,0.93,44.9,0,0.0,357,720
0.73,180.0,325.1,2.68,2.67,3.36,31.2,0.34,53.9,0,0.0,357,720
3.06,16.5,62.3,13.71,9.53,1.0,88.8,0.39,73.2,0,0.0,360,720
4.11,32.0,66.3,0.65,2.42,2.41,76.2,0.54,83.5,1,0.6,45,172
1.01,67.9,146.0,3.24,1.34,3.02,86.2,0.44,111.5,0,0.0,360,720
4.37,4.4,63.6,0.63,1.3,4.66,30.9,0.81,136.1,1,1.3,39,181
2.2,40.9,167.3,4.32,8.07,0.86,47.3,0.47,75.1,0,0.0,360,720
4.27,18.4,77.8,2.3,7.16,2.59,22.3,0.99,114.5,0,0.0,360,720
3.14,8.1,52.2,6.42,1.34,0.81,25.3,0.89,27.8,0,0.0,352,720
1.57,18.0,90.1,4.72,2.24,2.23,36.3,0.92,56.0,0,0.0,360,720
1.09,2.8,45.5,0.47,7.49,1.02,86.4,0.25,26.5,0,0.0,360,720
1.58,41.6,104.9,0.62,2.78,4.18,65.0,0.34,106.8,0,0.0,356,720
0.69,10.2,36.1,2.32,9.82,1.29,38.6,0.34,137.1,0,0.0,360,720
0.9,13.1,42.8,1.91,5.43,2.1,86.6,0.74,134.5,0,0.0,358,720
0.74,4.5,48.4,0.71,1.96,2.05,70.5,0.21,55.7,0,0.0,355,720
2.08,70.0,163.5,0.6,8.6,4.33,83.0,0.85,42.8,0,0.0,355,720
3.64,23.8,58.8,2.13,3.23,3.79,84.5,0.64,48.4,0,0.0,348,720
0.89,29.7,146.3,0.41,2.92,0.31,71.3,0.65,50.2,0,0.0,360,720
0.85,29.5,110.9,4.85,3.31,0.35,33.2,0.63,21.5,0,0.0,360,720
3.0,18.5,95.7,3.92,7.69,2.76,89.7,0.63,28.7,0,0.0,355,720
1.13,7.5,34.0,3.69,1.77,2.15,39.4,0.36,40.0,0,0.0,359,720
0.71,47.8,91.3,0.34,3.85,1.39,65.4,0.43,11.1,0,0.0,353,720
1.0,4.8,31.2,0.41,0.36,3.97,78.4,0.59,16.6,1,0.21,72,125
4.18,3.8,31.6,2.06,8.27,0.66,28.1,0.74,107.8,0,0.0,358,720
3.75,43.3,157.7,11.72,3.44,4.87,60.7,0.42,96.7,0,0.0,360,720
1.79,8.2,39.8,1.22,2.52,0.14,43.1,0.84,142.4,0,0.0,358,720
3.05,12.8,43.5,1.23,5.82,0.61,33.3,0.85,66.2,0,0.0,355,720
2.56,22.6,97.9,0.62,7.06,1.57,15.9,0.42,72.2,0,0.0,357,720
3.14,20.9,100.9,2.77,8.14,2.56,80.4,0.65,19.5,0,0.0,360,720
3.17,43.2,147.6,2.59,3.51,1.1,25.2,0.48,31.3,0,0.0,360,720
2.94,34.2,152.4,0.54,8.13,3.69,80.9,0.35,106.8,0,0.0,352,720
1.42,36.2,131.6,1.69,4.68,1.8,60.1,0.84,42.9,0,0.0,360,720
0.46,43.8,119.7,2.72,1.06,0.21,61.6,0.99,118.3,0,0.0,354,720
2.21,12.1,67.7,1.8,8.47,4.39,77.1,0.65,108.8,0,0.0,356,720
4.04,13.6,58.7,2.77,5.5,4.72,53.2,0.93,114.6,0,0.0,360,720
2.69,20.2,45.2,4.03,6.04,3.1,41.8,0.71,106.7,0,0.0,360,720
3.8,12.9,54.2,2.85,9.38,4.04,25.4,0.65,109.1,0,0.0,356,720
4.46,146.8,400.0,2.41,5.61,0.62,57.8,0.58,86.6,0,0.0,360,720
0.99,58.9,143.6,4.53,0.11,1.36,56.5,0.39,105.0,0,0.0,360,720
3.21,6.3,19.3,5.38,8.71,1.64,37.0,0.27,83.7,0,0.0,360,720
3.13,0.2,3.9,1.38,2.88,4.8,60.0,0.55,38.9,0,0.0,355,720
4.42,1.5,47.6,0.72,5.04,2.57,48.0,0.65,40.5,0,0.0,358,720
4.44,9.8,64.1,4.05,2.09,0.06,75.4,0.61,66.7,0,0.0,360,720
3.18,4.2,39.3,0.83,3.0,1.91,57.0,0.76,11.9,0,0.0,360,720
1.32,26.7,127.4,6.12,6.88,0.06,85.0,0.35,134.5,0,0.0,354,720
3.65,68.3,157.8,0.35,4.32,1.2,53.8,0.48,47.6,1,0.29,55,235
0.75,46.7,176.9,5.89,6.29,2.28,81.6,0.53,17.2,0,0.0,360,720
3.58,8.5,46.2,2.26,8.24,1.63,54.0,0.35,69.4,0,0.0,353,720
4.12,17.8,34.9,3.58,3.44,0.18,56.9,0.93,124.2,0,0.0,360,720
1.91,24.8,63.1,1.42,5.7,0.6,42.5,0.75,65.6,0,0.0,360,720
2.95,58.2,199.7,10.85,7.79,2.76,45.0,0.27,46.8,0,0.0,360,720
2.11,63.9,188.1,0.87,7.17,3.48,85.0,0.77,86.3,0,0.0,360,720
2.14,84.2,164.9,0.98,5.42,2.03,31.7,0.64,90.4,0,0.0,356,720
1.6,24.9,49.7,0.42,3.86,3.66,24.1,0.62,116.3,0,0.0,358,720
3.5,41.5,135.1,6.51,4.1,0.83,77.3,0.99,122.0,0,0.0,357,720
4.23,4.1,27.3,1.64,4.36,0.63,58.3,0.69,108.9,0,0.0,356,720
4.25,29.2,116.9,2.77,3.52,4.2,36.3,0.92,10.6,0,0.0,359,720
1.03,10.0,40.5,2.86,7.01,1.71,47.4,0.93,10.3,0,0.0,360,720
3.97,19.8,49.4,4.87,1.3,2.17,54.4,0.28,146.8,0,0.0,356,720
3.4,35.2,112.3,2.71,9.68,4.74,59.4,0.21,47.0,0,0.0,358,720
1.36,10.4,59.0,2.12,7.8,2.13,76.6,0.55,49.5,0,0.0,360,720
0.58,1.9,25.5,3.03,3.02,0.04,44.6,0.82,112.5,0,0.0,349,720
1.43,0.4,44.7,3.36,0.47,4.69,65.7,0.86,91.4,0,0.0,360,720
4.13,0.8,19.7,0.75,7.13,0.09,77.6,0.83,74.9,0,0.06,360,720
2.96,0.3,10.8,0.56,7.36,3.32,78.3,0.56,26.3,0,0.0,360,720
3.33,4.1,30.4,0.47,9.64,1.63,34.1,0.8,21.4,0,0.0,360,720
1.38,9.6,51.1,1.33,2.57,2.36,41.3,0.78,108.5,0,0.0,360,720
3.32,8.8,35.2,1.82,0.87,2.75,59.6,0.45,27.4,0,0.0,360,720
0.42,151.5,400.0,2.4,9.16,2.05,81.4,0.33,71.0,0,0.0,360,720
1.88,12.8,52.1,7.28,2.62,3.88,74.3,0.7,113.1,0,0.0,360,720
2.93,4.8,51.4,1.18,7.23,4.65,58.8,0.74,139.2,0,0.0,357,720
0.91,27.6,59.6,3.45,0.65,0.45,88.8,0.65,132.3,0,0.0,355,720
3.76,68.3,180.9,1.97,7.62,4.01,47.9,0.37,131.0,0,0.0,360,720
1.29,39.7,155.2,0.85,1.31,0.66,78.2,0.42,60.2,0,0.0,360,720
3.04,12.3,54.9,2.4,6.97,0.42,76.4,0.77,139.8,0,0.0,360,720
2.0,28.9,92.9,7.82,5.35,4.78,83.1,0.97,105.7,0,0.0,353,720
2.8,43.9,151.0,0.59,9.56,2.46,89.1,0.96,134.1,0,0.0,347,720
0.75,45.6,106.3,1.86,0.42,0.78,52.2,0.62,22.4,0,0.0,360,720
0.37,38.4,90.2,0.42,2.96,2.86,29.7,0.91,15.5,0,0.0,351,720
4.12,71.6,203.1,1.15,0.74,1.33,49.6,0.22,70.2,1,1.15,39,244
1.43,71.4,158.8,2.43,8.8,2.33,79.0,0.89,125.9,0,0.0,360,720
3.74,30.3,112.0,4.35,5.96,3.13,77.7,0.58,67.2,0,0.0,360,720
4.5,19.7,48.3,3.18,5.37,4.35,40.2,0.83,133.9,0,0.0,358,720
1.19,35.9,103.5,1.67,1.36,0.04,18.5,0.2,42.9,0,0.0,355,720
1.41,59.7,221.0,5.58,4.92,1.09,53.2,0.89,15.5,0,0.0,357,720
3.08,0.2,22.0,1.09,4.02,0.5,50.6,0.68,116.6,0,0.0,360,720
4.35,169.0,400.0,3.39,3.19,0.5,21.4,0.39,97.7,0,0.0,360,720
4.15,7.1,58.4,1.71,7.73,4.73,74.6,0.48,71.6,0,0.0,360,720
2.41,22.2,89.5,5.34,0.66,4.68,36.3,0.36,128.3,0,0.0,359,720
3.64,72.0,153.2,3.81,6.48,3.75,63.4,0.54,125.4,0,0.0,360,720
0.87,8.9,38.9,5.4,8.24,3.22,22.6,0.46,55.4,0,0.0,360,720
4.41,22.7,88.1,0.83,9.08,4.24,79.6,0.63,127.3,0,0.0,360,720
4.35,5.0,49.7,2.73,7.47,0.31,70.4,0.85,58.3,0,0.0,360,720
0.99,17.6,88.9,3.25,2.86,0.62,44.1,0.99,97.1,0,0.0,352,720
1.56,6.8,40.9,3.28,6.03,1.6,62.2,0.4,36.9,0,0.0,353,720
0.72,15.8,77.4,1.84,1.46,4.17,29.1,0.29,47.0,0,0.0,353,720
1.44,16.4,49.8,0.32,1.21,2.37,88.9,0.52,72.7,1,0.45,40,114
3.73,174.5,382.4,0.97,6.4,2.53,74.7,0.31,54.0,0,0.0,356,720
1.89,180.0,400.0,1.16,8.52,1.16,74.2,0.87,28.1,0,0.0,358,720
0.67,4.3,47.2,4.5,0.72,3.25,26.5,0.6,77.5,0,0.0,356,720
1.74,45.3,118.7,4.34,1.1,4.44,16.3,0.7,81.6,0,0.0,356,720
4.42,1.9,13.1,0.54,5.68,1.66,58.9,0.32,32.2,0,0.0,351,720
2.94,1.1,17.8,6.88,2.22,3.1,25.8,0.8,34.4,0,0.0,360,720
2.05,3.9,19.3,0.74,6.14,1.67,73.5,0.98,14.1,0,0.0,360,720
1.0,117.8,400.0,1.48,2.18,3.97,46.2,0.59,14.2,0,0.0,360,720
4.44,99.0,211.3,0.83,1.21,2.39,40.4,0.97,60.2,1,1.62,32,253
3.75,7.5,37.8,4.63,5.48,1.71,20.5,0.23,30.5,0,0.0,360,720
1.48,6.2,50.8,3.34,8.63,2.11,89.7,0.23,138.7,0,0.0,360,720
0.59,9.6,37.3,1.26,6.87,0.47,86.7,0.97,37.9,0,0.0,360,720
0.54,25.4,92.6,2.82,8.2,4.33,24.9,0.76,19.2,0,0.0,360,720
0.81,29.5,93.4,0.75,2.7,4.79,40.0,0.35,66.6,0,0.0,360,720
2.74,8.8,40.8,1.36,8.87,2.4,44.3,0.49,36.9,0,0.0,350,720
4.2,49.5,205.0,1.34,3.8,1.12,37.3,0.61,18.6,0,0.0,360,720
2.39,13.0,66.6,0.9,8.53,3.33,85.1,0.76,115.4,0,0.0,354,720
3.84,89.3,320.9,4.9,4.74,2.27,69.1,0.87,88.0,0,0.0,360,720
2.17,37.4,113.7,2.8,2.72,1.28,86.7,0.27,18.0,0,0.0,360,720
3.28,20.1,105.5,1.02,2.64,0.21,80.6,0.73,75.5,1,0.18,76,202
3.37,54.6,174.3,0.91,5.7,4.45,71.6,0.58,15.4,0,0.0,360,720
1.03,59.6,106.9,0.34,0.84,3.99,67.3,0.68,59.6,1,0.32,26,110
1.82,12.0,79.1,1.24,9.3,4.15,80.0,0.61,60.9,0,0.0,360,720
2.98,14.5,67.8,1.95,2.75,2.21,66.3,0.56,125.2,0,0.0,360,720
0.6,96.2,216.8,1.02,3.39,3.77,29.2,0.36,112.9,0,0.0,360,720
1.82,6.3,52.6,2.95,2.37,2.91,63.6,0.58,135.6,0,0.0,359,720
2.55,1.5,53.5,1.47,0.08,1.89,53.6,0.35,29.7,1,0.21,102,212
4.48,21.2,64.7,1.14,6.94,4.22,88.6,0.24,84.7,0,0.0,360,720
2.29,56.5,112.1,6.46,5.93,4.99,53.2,0.5,12.8,0,0.0,354,720
3.73,51.7,101.8,0.97,8.11,4.5,17.9,0.22,125.6,0,0.0,358,720
2.11,88.2,230.3,1.42,0.46,3.89,34.8,0.65,61.3,0,0.1,360,720
3.64,26.7,81.0,1.36,9.29,3.74,83.8,0.26,19.7,0,0.0,360,720
2.8,3.7,36.9,0.91,3.34,3.26,87.2,0.55,55.5,0,0.0,360,720
4.02,31.1,66.0,0.84,9.14,4.27,69.6,0.98,50.2,0,0.0,355,720
2.03,52.7,165.4,1.09,1.12,2.48,19.3,0.21,117.2,0,0.14,360,720
2.84,3.4,52.5,4.69,7.45,0.93,16.8,0.49,27.7,0,0.0,359,720
2.95,6.6,41.9,3.51,5.81,3.84,51.0,0.74,87.8,0,0.0,360,720
2.05,0.4,46.5,2.81,3.61,4.6,90.0,0.33,121.1,0,0.0,352,720
0.91,31.5,52.0,1.64,0.84,1.72,80.2,0.65,113.5,0,0.0,360,720
0.69,76.2,325.8,1.86,6.07,3.92,85.0,0.41,141.0,0,0.0,360,720
0.37,38.9,130.3,0.98,0.31,1.38,61.8,0.38,10.1,0,0.0,358,720
3.97,140.7,400.0,0.47,5.04,4.71,79.4,0.92,59.5,1,0.71,56,340
1.29,2.3,19.7,1.18,6.06,3.42,39.0,0.36,61.7,0,0.0,360,720
1.19,81.7,226.3,1.81,7.34,2.85,17.1,0.5,14.7,0,0.0,360,720
3.39,58.9,176.8,0.43,9.91,3.9,83.9,0.34,124.4,0,0.0,356,720
1.64,13.2,72.2,0.5,2.64,4.07,31.4,0.43,106.4,0,0.07,353,720
2.43,127.1,400.0,0.97,3.26,4.46,69.6,0.43,83.9,0,0.0,360,720
0.98,11.9,67.9,1.31,3.44,4.51,64.4,0.46,66.7,0,0.0,360,720
4.33,77.0,298.3,1.4,7.33,0.28,26.9,0.71,135.4,0,0.0,360,720
3.88,74.4,240.1,0.58,9.32,0.63,29.7,0.79,47.0,0,0.14,359,720
3.93,49.6,177.2,0.86,9.74,4.13,39.7,0.61,56.8,0,0.0,360,720
2.01,29.0,57.5,0.97,9.46,4.73,71.8,0.69,143.4,0,0.0,360,720
3.5,4.5,64.3,0.45,8.8,1.55,17.9,0.85,19.0,0,0.0,360,720
0.9,26.6,114.8,1.17,9.91,0.06,45.5,1.0,119.3,0,0.0,356,720
0.34,15.4,96.7,0.46,3.79,1.63,64.9,0.57,110.5,0,0.0,360,720
0.38,55.0,142.9,2.97,9.49,1.93,27.9,0.95,136.3,0,0.0,360,720
2.76,49.7,147.8,1.37,7.62,3.81,24.0,0.59,22.7,0,0.0,353,720
2.21,84.5,310.8,1.17,1.73,0.26,44.3,0.83,145.9,1,0.37,56,264
2.48,0.5,37.2,0.6,0.5,1.08,36.5,0.66,14.0,1,0.76,54,139
0.33,58.0,158.1,0.87,2.18,4.47,63.7,0.91,57.3,0,0.0,359,720
2.08,97.6,189.4,0.88,7.8,0.79,87.7,0.56,21.9,0,0.0,359,720
3.32,54.5,220.6,9.57,6.34,3.8,15.3,0.76,17.2,0,0.0,360,720
2.16,4.9,23.0,4.27,2.28,1.82,82.7,0.57,145.1,0,0.0,360,720
3.38,3.0,11.8,0.33,7.43,3.32,47.5,0.89,110.8,0,0.0,357,720
1.28,0.7,22.7,2.41,1.46,0.39,64.8,1.0,80.8,0,0.0,357,720
3.72,34.7,97.6,0.95,8.23,1.45,78.8,0.39,25.1,0,0.0,357,720
2.77,34.8,97.8,0.54,7.95,2.14,58.0,0.58,83.6,0,0.0,359,720
1.19,151.8,261.9,2.99,9.73,4.29,22.3,0.27,54.8,0,0.0,360,720
1.29,17.8,108.4,0.61,1.55,2.83,25.5,0.31,48.0,0,0.04,360,720
2.94,14.1,91.7,1.59,9.07,0.25,74.2,0.94,96.5,0,0.0,359,720
3.79,34.3,95.6,2.5,3.44,4.01,32.2,0.63,120.7,0,0.0,360,720
2.05,61.1,230.8,2.08,4.19,0.29,57.7,0.52,72.1,0,0.0,360,720
1.38,96.6,302.0,8.66,4.71,4.67,47.1,0.74,79.1,0,0.0,360,720
3.94,56.9,133.4,3.69,6.29,1.07,37.8,0.65,101.2,0,0.0,360,720
3.11,19.5,77.2,3.57,9.95,2.45,74.0,0.43,27.4,0,0.0,360,720
2.18,35.3,126.9,1.27,6.02,0.38,69.8,0.38,126.0,0,0.0,359,720
2.35,67.9,198.3,0.32,9.27,2.82,63.5,0.67,127.2,0,0.0,360,720
1.16,23.6,82.1,3.22,2.59,2.5,43.0,0.35,85.7,0,0.0,354,720
2.93,8.5,62.8,15.0,4.01,2.06,32.0,0.31,36.3,0,0.0,359,720
1.81,6.5,36.2,1.45,5.07,0.2,53.7,0.45,80.1,0,0.0,360,720
4.48,0.0,43.5,9.62,3.26,4.4,76.3,0.89,24.8,0,0.0,360,720
2.32,44.3,93.9,0.64,9.77,4.02,58.2,0.23,116.9,0,0.0,360,720
2.34,4.1,55.4,1.07,7.27,3.17,87.8,0.87,53.6,0,0.0,354,720
2.68,9.8,38.9,0.71,4.81,2.87,16.2,0.7,53.6,0,0.0,356,720
4.15,12.4,39.8,1.72,7.53,3.48,89.9,0.23,142.3,0,0.0,358,720
3.66,28.8,124.8,3.81,4.7,0.74,66.9,0.68,69.1,0,0.0,360,720
2.19,17.8,76.8,1.22,0.22,4.66,77.5,0.54,120.5,1,0.4,75,178
3.32,39.3,131.7,5.51,5.45,1.44,40.1,0.87,99.2,0,0.0,360,720
2.76,2.0,27.7,2.03,6.27,3.29,53.1,0.93,54.3,0,0.0,360,720
2.37,4.6,50.4,1.68,9.81,3.04,74.8,0.43,27.3,0,0.0,360,720
1.11,24.2,86.6,3.7,0.46,3.19,72.0,0.83,121.7,0,0.0,359,720
2.25,14.4,37.0,0.54,5.15,4.4,40.1,0.45,116.8,0,0.0,353,720
1.33,12.3,57.0,3.57,1.03,1.49,39.3,0.44,33.7,0,0.0,360,720
4.14,2.4,34.6,0.91,1.53,3.75,64.7,0.35,44.9,1,0.65,62,182
1.71,79.1,310.2,1.03,6.12,3.0,85.0,0.74,117.3,0,0.0,359,720
4.3,41.2,139.7,2.31,2.35,0.4,47.9,0.41,147.7,0,0.0,360,720
2.54,4.5,60.2,5.41,7.5,2.08,41.5,0.57,128.1,0,0.0,360,720
2.95,2.4,38.4,2.2,5.17,4.19,82.1,0.85,105.8,0,0.0,360,720
2.58,128.9,352.9,2.6,2.22,1.59,66.2,0.83,138.2,0,0.0,359,720
0.84,40.0,149.0,3.6,4.96,2.42,44.1,0.88,49.9,0,0.0,360,720
1.88,18.9,32.3,0.96,0.06,2.45,19.3,0.33,11.4,1,0.3,73,138
0.72,42.3,125.3,4.16,8.63,3.1,69.1,0.67,54.9,0,0.0,355,720
2.92,49.4,186.8,1.49,0.18,4.42,41.5,0.93,146.1,1,0.98,60,223
2.18,53.0,153.9,0.72,0.12,0.88,20.3,0.23,133.5,1,1.15,37,173
3.57,22.7,82.5,1.25,6.13,2.53,60.9,0.84,17.0,0,0.0,360,720
1.23,19.7,84.4,0.92,9.74,2.13,39.2,0.4,80.3,0,0.0,360,720
0.99,0.4,38.3,0.87,8.57,1.49,40.4,0.74,21.1,0,0.0,350,720
2.01,91.4,221.1,1.03,2.56,4.6,50.9,0.77,120.5,0,0.0,351,720
4.19,32.4,93.8,0.74,2.01,0.06,68.8,0.94,62.2,1,1.36,41,184
3.28,7.9,29.0,2.72,6.28,0.63,35.7,0.61,137.7,0,0.0,360,720
2.06,88.2,336.1,2.21,8.24,3.67,21.1,0.88,17.6,0,0.0,360,720
2.47,86.3,163.3,2.6,3.65,1.33,46.8,0.24,112.8,0,0.0,358,720
0.65,158.4,323.4,1.23,4.35,3.62,19.1,0.54,65.9,0,0.0,360,720
4.44,72.5,197.8,3.53,1.2,4.16,67.3,0.55,47.6,0,0.0,347,720
3.1,180.0,400.0,0.61,1.57,1.29,86.9,0.63,82.4,1,1.25,29,305
1.5,9.8,32.2,2.16,5.71,0.98,64.4,0.59,78.0,0,0.0,360,720
2.76,64.6,263.7,1.01,1.07,0.74,35.7,0.97,58.8,1,0.83,43,251
0.76,60.6,135.2,1.95,2.06,1.02,28.6,0.26,100.8,0,0.0,355,720
4.36,9.2,34.7,1.16,2.39,1.35,32.5,0.41,102.6,0,0.0,358,720
1.03,3.6,29.9,3.74,4.47,4.35,31.6,0.97,20.8,0,0.0,353,720
3.02,135.9,400.0,5.18,0.5,3.85,38.5,0.56,93.4,0,0.0,356,720
1.33,12.3,54.8,3.29,5.02,0.03,22.3,0.66,109.5,0,0.0,354,720
3.31,71.6,253.7,0.72,9.29,4.37,82.2,0.26,20.6,0,0.0,355,720
3.56,0.1,13.0,1.01,0.29,0.41,81.4,0.43,102.3,1,1.68,54,150
3.13,0.7,13.4,5.84,6.33,3.28,61.1,0.23,122.6,0,0.0,360,720
2.88,21.9,57.9,1.56,8.37,0.77,19.6,0.31,126.5,0,0.0,354,720
4.05,9.5,73.9,6.53,3.16,0.33,75.3,0.71,15.8,0,0.0,360,720
0.63,41.0,136.9,1.4,1.36,3.8,19.6,0.81,107.6,0,0.0,355,720
1.69,29.2,93.1,6.97,0.48,2.35,23.0,0.9,121.6,0,0.0,355,720
1.34,2.8,10.2,6.02,6.46,3.0,39.4,0.4,65.6,0,0.0,355,720
4.45,6.2,50.2,2.68,5.54,2.14,47.4,0.47,86.0,0,0.0,360,720
1.94,17.2,61.0,0.32,2.33,0.35,41.5,0.66,47.1,1,0.26,45,120
3.38,7.2,39.2,1.43,8.32,3.7,27.4,0.27,53.4,0,0.0,356,720
3.18,55.0,194.2,5.63,7.37,4.11,23.4,0.85,80.2,0,0.0,355,720
1.19,18.8,68.9,5.06,2.8,0.23,79.5,0.59,31.2,0,0.0,353,720
1.3,3.4,26.9,0.76,7.55,1.89,42.2,0.97,61.9,0,0.0,356,720
1.48,23.2,95.4,1.42,2.49,2.8,31.4,0.29,52.2,0,0.0,353,720
2.03,3.3,49.8,4.27,6.77,3.03,51.5,0.31,43.4,0,0.0,358,720
1.28,4.8,60.1,2.2,1.23,2.9,17.8,0.48,77.7,0,0.0,356,720
0.38,9.6,45.4,4.43,6.94,3.47,60.0,0.37,127.4,0,0.0,356,720
3.99,68.7,195.9,4.15,2.43,4.83,33.6,0.76,43.9,0,0.0,360,720
4.36,90.5,219.6,5.54,5.75,1.97,59.9,0.96,102.4,0,0.0,359,720
1.73,61.3,173.1,0.57,1.77,2.79,61.1,0.27,45.6,0,0.08,359,720
1.72,14.2,62.3,0.65,7.27,3.5,75.7,0.39,29.9,0,0.0,360,720
0.33,11.1,70.6,0.49,0.66,2.97,32.2,0.39,142.1,0,0.01,353,720
3.16,27.9,104.2,6.32,1.7,1.95,49.8,0.61,98.7,0,0.0,358,720
3.77,44.8,139.7,1.72,1.88,3.13,87.1,0.56,24.6,0,0.0,352,720
0.92,175.6,400.0,0.45,0.46,3.26,69.5,0.78,98.6,1,1.19,15,225
0.97,4.9,52.9,1.15,7.46,2.93,88.2,0.79,34.7,0,0.0,360,720
3.62,1.8,26.7,1.25,9.81,1.04,84.6,0.66,134.3,0,0.0,348,720
2.89,41.5,112.8,3.95,7.8,2.54,60.8,0.67,44.6,0,0.0,360,720
0.49,62.5,246.2,3.23,8.61,4.42,34.8,0.87,123.0,0,0.0,360,720
2.91,65.6,237.3,2.87,0.11,4.35,71.8,0.52,37.9,0,0.0,360,720
1.6,39.7,119.6,0.35,1.22,3.76,67.4,0.21,88.2,1,0.61,25,128
1.85,107.8,400.0,5.61,5.61,3.49,59.2,0.37,137.7,0,0.0,360,720
3.53,25.0,74.8,0.83,9.78,0.78,67.3,0.23,51.4,0,0.0,360,720
3.71,85.8,341.2,2.48,6.62,2.31,61.0,0.51,21.4,0,0.0,358,720
1.98,120.3,279.4,0.44,3.77,0.57,54.0,0.49,87.4,1,0.36,47,248
4.28,65.7,112.0,0.49,1.5,4.09,46.2,0.28,34.1,1,1.11,28,182
2.01,13.0,54.1,0.32,1.57,1.47,18.4,0.8,112.0,1,0.61,38,128
3.54,7.6,28.3,2.14,3.66,3.84,79.9,0.64,92.7,0,0.0,359,720
2.33,27.8,119.9,2.48,7.15,4.08,79.9,0.38,58.5,0,0.0,360,720
4.07,21.1,94.8,0.41,0.37,4.46,59.6,0.81,108.8,1,2.22,19,183
4.11,73.6,264.1,1.05,8.53,3.77,35.1,0.73,43.4,0,0.0,360,720
0.67,3.7,11.0,4.5,9.42,2.83,17.1,0.35,138.4,0,0.0,360,720
4.23,10.4,59.7,0.53,8.89,3.0,15.1,0.99,58.6,0,0.0,360,720
3.77,48.8,100.5,0.84,9.13,1.62,20.5,0.34,116.8,0,0.0,355,720
3.62,3.5,55.1,1.52,0.2,0.9,42.0,0.82,46.2,1,1.0,91,204
1.14,13.5,67.0,4.36,9.78,0.67,29.1,0.97,110.1,0,0.0,360,720
3.68,17.1,42.7,0.95,3.7,0.93,34.9,0.78,14.4,0,0.0,360,720
3.87,34.1,141.6,13.18,8.7,4.67,67.5,0.73,51.4,0,0.0,357,720
1.51,6.0,30.3,1.27,1.91,0.84,86.9,0.92,23.0,0,0.0,360,720
4.3,69.0,176.0,1.37,4.49,3.62,30.5,0.42,73.2,0,0.0,358,720
0.51,20.8,72.3,0.59,0.49,0.94,49.9,0.42,70.9,0,0.0,360,720
0.93,87.1,216.8,2.81,0.45,4.88,89.4,0.71,60.3,0,0.0,360,720
2.56,22.1,85.7,0.91,9.44,1.85,84.9,0.91,147.4,0,0.0,360,720
2.72,11.3,79.8,2.48,8.12,2.07,41.4,0.69,44.2,0,0.0,351,720
3.01,5.4,17.4,0.86,5.32,2.03,39.0,0.98,120.7,0,0.0,358,720
0.37,0.1,17.7,1.38,5.28,4.09,33.2,0.38,72.6,0,0.0,357,720
4.33,26.6,121.0,4.57,7.5,1.11,26.7,0.86,56.9,0,0.0,360,720
0.49,4.0,40.4,3.25,3.45,4.16,49.5,0.94,38.5,0,0.0,356,720
0.9,17.4,65.4,0.67,7.63,3.29,40.6,0.54,98.7,0,0.0,358,720
0.36,31.1,98.9,2.36,4.88,1.12,70.9,0.97,56.7,0,0.0,358,720
2.68,11.3,41.9,2.48,6.4,0.35,32.8,0.36,123.8,0,0.0,360,720
4.22,6.7,54.0,0.51,9.65,3.88,70.2,0.96,145.6,0,0.0,360,720
3.1,52.2,180.5,1.68,4.74,1.11,36.6,0.92,41.8,0,0.0,360,720
3.76,102.7,177.2,0.96,4.21,4.45,59.5,0.25,28.0,0,0.0,360,720
0.36,3.7,18.4,1.68,9.06,0.67,62.9,0.62,54.2,0,0.0,360,720
2.58,5.9,41.2,3.6,9.03,3.09,65.4,0.62,75.4,0,0.0,360,720
2.23,112.7,183.5,0.68,9.92,3.47,28.2,0.25,52.1,0,0.0,360,720
2.4,1.3,51.8,0.59,5.53,3.3,36.2,0.23,145.9,0,0.0,354,720
0.6,133.0,400.0,0.99,3.48,1.59,33.5,0.2,119.1,0,0.0,346,720
3.17,0.2,46.1,6.99,2.44,4.38,58.2,0.62,145.3,0,0.0,360,720
2.41,72.4,256.7,3.33,0.39,3.85,20.7,0.57,62.3,0,0.0,360,720
3.51,12.9,59.6,0.34,7.28,2.56,53.9,0.95,52.7,0,0.0,360,720
2.34,97.7,313.5,1.43,2.37,3.02,21.6,0.47,67.0,0,0.0,350,720
0.93,13.3,77.0,0.95,6.09,2.84,40.3,0.73,83.2,0,0.0,360,720
